file,line,table,column,type
20260225233034_fc482199-4011-4579-975e-2885342b445a.sql,7,profiles,id,"uuid"
20260225233034_fc482199-4011-4579-975e-2885342b445a.sql,8,profiles,email,"text"
20260225233034_fc482199-4011-4579-975e-2885342b445a.sql,9,profiles,name,"text"
20260225233034_fc482199-4011-4579-975e-2885342b445a.sql,10,profiles,country,"text"
20260225233034_fc482199-4011-4579-975e-2885342b445a.sql,11,profiles,locale,"text"
20260225233034_fc482199-4011-4579-975e-2885342b445a.sql,12,profiles,created_at,"timestamptz"
20260225233034_fc482199-4011-4579-975e-2885342b445a.sql,13,profiles,updated_at,"timestamptz"
20260225233034_fc482199-4011-4579-975e-2885342b445a.sql,19,orgs,id,"uuid"
20260225233034_fc482199-4011-4579-975e-2885342b445a.sql,20,orgs,owner_user_id,"uuid"
20260225233034_fc482199-4011-4579-975e-2885342b445a.sql,21,orgs,name,"text"
20260225233034_fc482199-4011-4579-975e-2885342b445a.sql,22,orgs,country,"text"
20260225233034_fc482199-4011-4579-975e-2885342b445a.sql,23,orgs,created_at,"timestamptz"
20260225233034_fc482199-4011-4579-975e-2885342b445a.sql,29,org_members,id,"uuid"
20260225233034_fc482199-4011-4579-975e-2885342b445a.sql,30,org_members,org_id,"uuid"
20260225233034_fc482199-4011-4579-975e-2885342b445a.sql,31,org_members,user_id,"uuid"
20260225233034_fc482199-4011-4579-975e-2885342b445a.sql,32,org_members,role,"public"
20260225233034_fc482199-4011-4579-975e-2885342b445a.sql,33,org_members,created_at,"timestamptz"
20260225233034_fc482199-4011-4579-975e-2885342b445a.sql,40,user_roles,id,"uuid"
20260225233034_fc482199-4011-4579-975e-2885342b445a.sql,41,user_roles,user_id,"uuid"
20260225233034_fc482199-4011-4579-975e-2885342b445a.sql,42,user_roles,role,"public"
20260225233034_fc482199-4011-4579-975e-2885342b445a.sql,49,documents,id,"uuid"
20260225233034_fc482199-4011-4579-975e-2885342b445a.sql,50,documents,org_id,"uuid"
20260225233034_fc482199-4011-4579-975e-2885342b445a.sql,51,documents,user_id,"uuid"
20260225233034_fc482199-4011-4579-975e-2885342b445a.sql,52,documents,country,"text"
20260225233034_fc482199-4011-4579-975e-2885342b445a.sql,53,documents,doc_type,"text"
20260225233034_fc482199-4011-4579-975e-2885342b445a.sql,54,documents,template_id,"text"
20260225233034_fc482199-4011-4579-975e-2885342b445a.sql,55,documents,template_version,"text"
20260225233034_fc482199-4011-4579-975e-2885342b445a.sql,56,documents,title,"text"
20260225233034_fc482199-4011-4579-975e-2885342b445a.sql,57,documents,data_json,"jsonb"
20260225233034_fc482199-4011-4579-975e-2885342b445a.sql,58,documents,pdf_url,"text"
20260225233034_fc482199-4011-4579-975e-2885342b445a.sql,59,documents,status,"text"
20260225233034_fc482199-4011-4579-975e-2885342b445a.sql,60,documents,created_at,"timestamptz"
20260225233034_fc482199-4011-4579-975e-2885342b445a.sql,66,vault_files,id,"uuid"
20260225233034_fc482199-4011-4579-975e-2885342b445a.sql,67,vault_files,org_id,"uuid"
20260225233034_fc482199-4011-4579-975e-2885342b445a.sql,68,vault_files,user_id,"uuid"
20260225233034_fc482199-4011-4579-975e-2885342b445a.sql,69,vault_files,filename,"text"
20260225233034_fc482199-4011-4579-975e-2885342b445a.sql,70,vault_files,file_url,"text"
20260225233034_fc482199-4011-4579-975e-2885342b445a.sql,71,vault_files,tags_json,"jsonb"
20260225233034_fc482199-4011-4579-975e-2885342b445a.sql,72,vault_files,size,"bigint"
20260225233034_fc482199-4011-4579-975e-2885342b445a.sql,73,vault_files,created_at,"timestamptz"
20260225233034_fc482199-4011-4579-975e-2885342b445a.sql,79,reminders,id,"uuid"
20260225233034_fc482199-4011-4579-975e-2885342b445a.sql,80,reminders,org_id,"uuid"
20260225233034_fc482199-4011-4579-975e-2885342b445a.sql,81,reminders,user_id,"uuid"
20260225233034_fc482199-4011-4579-975e-2885342b445a.sql,82,reminders,type,"text"
20260225233034_fc482199-4011-4579-975e-2885342b445a.sql,83,reminders,label,"text"
20260225233034_fc482199-4011-4579-975e-2885342b445a.sql,84,reminders,schedule_json,"jsonb"
20260225233034_fc482199-4011-4579-975e-2885342b445a.sql,85,reminders,next_run_at,"timestamptz"
20260225233034_fc482199-4011-4579-975e-2885342b445a.sql,86,reminders,active,"boolean"
20260225233034_fc482199-4011-4579-975e-2885342b445a.sql,87,reminders,created_at,"timestamptz"
20260225233034_fc482199-4011-4579-975e-2885342b445a.sql,93,share_links,id,"uuid"
20260225233034_fc482199-4011-4579-975e-2885342b445a.sql,94,share_links,org_id,"uuid"
20260225233034_fc482199-4011-4579-975e-2885342b445a.sql,95,share_links,target_type,"text"
20260225233034_fc482199-4011-4579-975e-2885342b445a.sql,96,share_links,target_id,"uuid"
20260225233034_fc482199-4011-4579-975e-2885342b445a.sql,97,share_links,token_hash,"text"
20260225233034_fc482199-4011-4579-975e-2885342b445a.sql,98,share_links,expires_at,"timestamptz"
20260225233034_fc482199-4011-4579-975e-2885342b445a.sql,99,share_links,created_at,"timestamptz"
20260225233034_fc482199-4011-4579-975e-2885342b445a.sql,105,audit_logs,id,"uuid"
20260225233034_fc482199-4011-4579-975e-2885342b445a.sql,106,audit_logs,org_id,"uuid"
20260225233034_fc482199-4011-4579-975e-2885342b445a.sql,107,audit_logs,user_id,"uuid"
20260225233034_fc482199-4011-4579-975e-2885342b445a.sql,108,audit_logs,action,"text"
20260225233034_fc482199-4011-4579-975e-2885342b445a.sql,109,audit_logs,metadata_json,"jsonb"
20260225233034_fc482199-4011-4579-975e-2885342b445a.sql,110,audit_logs,created_at,"timestamptz"
20260226002630_4a0acf18-be6d-4547-a243-87a28c3bf309.sql,4,subscriptions,id,"uuid"
20260226002630_4a0acf18-be6d-4547-a243-87a28c3bf309.sql,5,subscriptions,user_id,"uuid"
20260226002630_4a0acf18-be6d-4547-a243-87a28c3bf309.sql,6,subscriptions,stripe_customer_id,"text"
20260226002630_4a0acf18-be6d-4547-a243-87a28c3bf309.sql,7,subscriptions,stripe_subscription_id,"text"
20260226002630_4a0acf18-be6d-4547-a243-87a28c3bf309.sql,8,subscriptions,plan,"text"
20260226002630_4a0acf18-be6d-4547-a243-87a28c3bf309.sql,9,subscriptions,status,"text"
20260226002630_4a0acf18-be6d-4547-a243-87a28c3bf309.sql,10,subscriptions,current_period_end,"timestamp"
20260226002630_4a0acf18-be6d-4547-a243-87a28c3bf309.sql,11,subscriptions,created_at,"timestamp"
20260226002630_4a0acf18-be6d-4547-a243-87a28c3bf309.sql,12,subscriptions,updated_at,"timestamp"
20260226030620_f2858819-c272-4cd6-924f-5ffd818b3ecc.sql,20,properties,id,"uuid"
20260226030620_f2858819-c272-4cd6-924f-5ffd818b3ecc.sql,21,properties,org_id,"uuid"
20260226030620_f2858819-c272-4cd6-924f-5ffd818b3ecc.sql,22,properties,user_id,"uuid"
20260226030620_f2858819-c272-4cd6-924f-5ffd818b3ecc.sql,23,properties,label,"text"
20260226030620_f2858819-c272-4cd6-924f-5ffd818b3ecc.sql,24,properties,address,"text"
20260226030620_f2858819-c272-4cd6-924f-5ffd818b3ecc.sql,25,properties,postal_code,"text"
20260226030620_f2858819-c272-4cd6-924f-5ffd818b3ecc.sql,26,properties,city,"text"
20260226030620_f2858819-c272-4cd6-924f-5ffd818b3ecc.sql,27,properties,property_type,"text"
20260226030620_f2858819-c272-4cd6-924f-5ffd818b3ecc.sql,28,properties,surface,"numeric"
20260226030620_f2858819-c272-4cd6-924f-5ffd818b3ecc.sql,29,properties,rooms,"integer"
20260226030620_f2858819-c272-4cd6-924f-5ffd818b3ecc.sql,30,properties,floor,"integer"
20260226030620_f2858819-c272-4cd6-924f-5ffd818b3ecc.sql,31,properties,heating,"text"
20260226030620_f2858819-c272-4cd6-924f-5ffd818b3ecc.sql,32,properties,furnished,"boolean"
20260226030620_f2858819-c272-4cd6-924f-5ffd818b3ecc.sql,33,properties,monthly_rent,"numeric"
20260226030620_f2858819-c272-4cd6-924f-5ffd818b3ecc.sql,34,properties,monthly_charges,"numeric"
20260226030620_f2858819-c272-4cd6-924f-5ffd818b3ecc.sql,35,properties,deposit_amount,"numeric"
20260226030620_f2858819-c272-4cd6-924f-5ffd818b3ecc.sql,36,properties,notes,"text"
20260226030620_f2858819-c272-4cd6-924f-5ffd818b3ecc.sql,37,properties,created_at,"timestamptz"
20260226030620_f2858819-c272-4cd6-924f-5ffd818b3ecc.sql,38,properties,updated_at,"timestamptz"
20260226030620_f2858819-c272-4cd6-924f-5ffd818b3ecc.sql,52,tenants,id,"uuid"
20260226030620_f2858819-c272-4cd6-924f-5ffd818b3ecc.sql,53,tenants,org_id,"uuid"
20260226030620_f2858819-c272-4cd6-924f-5ffd818b3ecc.sql,54,tenants,user_id,"uuid"
20260226030620_f2858819-c272-4cd6-924f-5ffd818b3ecc.sql,55,tenants,property_id,"uuid"
20260226030620_f2858819-c272-4cd6-924f-5ffd818b3ecc.sql,56,tenants,tenant_user_id,"uuid"
20260226030620_f2858819-c272-4cd6-924f-5ffd818b3ecc.sql,57,tenants,name,"text"
20260226030620_f2858819-c272-4cd6-924f-5ffd818b3ecc.sql,58,tenants,email,"text"
20260226030620_f2858819-c272-4cd6-924f-5ffd818b3ecc.sql,59,tenants,phone,"text"
20260226030620_f2858819-c272-4cd6-924f-5ffd818b3ecc.sql,60,tenants,birth_date,"date"
20260226030620_f2858819-c272-4cd6-924f-5ffd818b3ecc.sql,61,tenants,birth_place,"text"
20260226030620_f2858819-c272-4cd6-924f-5ffd818b3ecc.sql,62,tenants,nationality,"text"
20260226030620_f2858819-c272-4cd6-924f-5ffd818b3ecc.sql,63,tenants,profession,"text"
20260226030620_f2858819-c272-4cd6-924f-5ffd818b3ecc.sql,64,tenants,lease_start,"date"
20260226030620_f2858819-c272-4cd6-924f-5ffd818b3ecc.sql,65,tenants,lease_end,"date"
20260226030620_f2858819-c272-4cd6-924f-5ffd818b3ecc.sql,66,tenants,rent_amount,"numeric"
20260226030620_f2858819-c272-4cd6-924f-5ffd818b3ecc.sql,67,tenants,charges_amount,"numeric"
20260226030620_f2858819-c272-4cd6-924f-5ffd818b3ecc.sql,68,tenants,deposit_amount,"numeric"
20260226030620_f2858819-c272-4cd6-924f-5ffd818b3ecc.sql,69,tenants,lease_type,"text"
20260226030620_f2858819-c272-4cd6-924f-5ffd818b3ecc.sql,70,tenants,guarantor_name,"text"
20260226030620_f2858819-c272-4cd6-924f-5ffd818b3ecc.sql,71,tenants,guarantor_phone,"text"
20260226030620_f2858819-c272-4cd6-924f-5ffd818b3ecc.sql,72,tenants,notes,"text"
20260226030620_f2858819-c272-4cd6-924f-5ffd818b3ecc.sql,73,tenants,created_at,"timestamptz"
20260226030620_f2858819-c272-4cd6-924f-5ffd818b3ecc.sql,74,tenants,updated_at,"timestamptz"
20260226030620_f2858819-c272-4cd6-924f-5ffd818b3ecc.sql,88,tenant_documents,id,"uuid"
20260226030620_f2858819-c272-4cd6-924f-5ffd818b3ecc.sql,89,tenant_documents,org_id,"uuid"
20260226030620_f2858819-c272-4cd6-924f-5ffd818b3ecc.sql,90,tenant_documents,tenant_id,"uuid"
20260226030620_f2858819-c272-4cd6-924f-5ffd818b3ecc.sql,91,tenant_documents,doc_type,"text"
20260226030620_f2858819-c272-4cd6-924f-5ffd818b3ecc.sql,92,tenant_documents,label,"text"
20260226030620_f2858819-c272-4cd6-924f-5ffd818b3ecc.sql,93,tenant_documents,file_url,"text"
20260226030620_f2858819-c272-4cd6-924f-5ffd818b3ecc.sql,94,tenant_documents,filename,"text"
20260226030620_f2858819-c272-4cd6-924f-5ffd818b3ecc.sql,95,tenant_documents,uploaded_by,"uuid"
20260226030620_f2858819-c272-4cd6-924f-5ffd818b3ecc.sql,96,tenant_documents,status,"text"
20260226030620_f2858819-c272-4cd6-924f-5ffd818b3ecc.sql,97,tenant_documents,created_at,"timestamptz"
20260226030620_f2858819-c272-4cd6-924f-5ffd818b3ecc.sql,110,inventory_reports,id,"uuid"
20260226030620_f2858819-c272-4cd6-924f-5ffd818b3ecc.sql,111,inventory_reports,org_id,"uuid"
20260226030620_f2858819-c272-4cd6-924f-5ffd818b3ecc.sql,112,inventory_reports,property_id,"uuid"
20260226030620_f2858819-c272-4cd6-924f-5ffd818b3ecc.sql,113,inventory_reports,tenant_id,"uuid"
20260226030620_f2858819-c272-4cd6-924f-5ffd818b3ecc.sql,114,inventory_reports,user_id,"uuid"
20260226030620_f2858819-c272-4cd6-924f-5ffd818b3ecc.sql,115,inventory_reports,report_type,"text"
20260226030620_f2858819-c272-4cd6-924f-5ffd818b3ecc.sql,116,inventory_reports,report_date,"date"
20260226030620_f2858819-c272-4cd6-924f-5ffd818b3ecc.sql,117,inventory_reports,general_notes,"text"
20260226030620_f2858819-c272-4cd6-924f-5ffd818b3ecc.sql,118,inventory_reports,status,"text"
20260226030620_f2858819-c272-4cd6-924f-5ffd818b3ecc.sql,119,inventory_reports,meter_electricity,"text"
20260226030620_f2858819-c272-4cd6-924f-5ffd818b3ecc.sql,120,inventory_reports,meter_gas,"text"
20260226030620_f2858819-c272-4cd6-924f-5ffd818b3ecc.sql,121,inventory_reports,meter_water,"text"
20260226030620_f2858819-c272-4cd6-924f-5ffd818b3ecc.sql,122,inventory_reports,keys_count,"integer"
20260226030620_f2858819-c272-4cd6-924f-5ffd818b3ecc.sql,123,inventory_reports,keys_details,"text"
20260226030620_f2858819-c272-4cd6-924f-5ffd818b3ecc.sql,124,inventory_reports,created_at,"timestamptz"
20260226030620_f2858819-c272-4cd6-924f-5ffd818b3ecc.sql,125,inventory_reports,updated_at,"timestamptz"
20260226030620_f2858819-c272-4cd6-924f-5ffd818b3ecc.sql,139,inventory_rooms,id,"uuid"
20260226030620_f2858819-c272-4cd6-924f-5ffd818b3ecc.sql,140,inventory_rooms,report_id,"uuid"
20260226030620_f2858819-c272-4cd6-924f-5ffd818b3ecc.sql,141,inventory_rooms,room_name,"text"
20260226030620_f2858819-c272-4cd6-924f-5ffd818b3ecc.sql,142,inventory_rooms,sort_order,"integer"
20260226030620_f2858819-c272-4cd6-924f-5ffd818b3ecc.sql,143,inventory_rooms,created_at,"timestamptz"
20260226030620_f2858819-c272-4cd6-924f-5ffd818b3ecc.sql,159,inventory_items,id,"uuid"
20260226030620_f2858819-c272-4cd6-924f-5ffd818b3ecc.sql,160,inventory_items,room_id,"uuid"
20260226030620_f2858819-c272-4cd6-924f-5ffd818b3ecc.sql,161,inventory_items,element_name,"text"
20260226030620_f2858819-c272-4cd6-924f-5ffd818b3ecc.sql,162,inventory_items,condition,"text"
20260226030620_f2858819-c272-4cd6-924f-5ffd818b3ecc.sql,163,inventory_items,notes,"text"
20260226030620_f2858819-c272-4cd6-924f-5ffd818b3ecc.sql,164,inventory_items,photo_urls,"jsonb"
20260226030620_f2858819-c272-4cd6-924f-5ffd818b3ecc.sql,165,inventory_items,sort_order,"integer"
20260226030620_f2858819-c272-4cd6-924f-5ffd818b3ecc.sql,166,inventory_items,created_at,"timestamptz"
20260226030620_f2858819-c272-4cd6-924f-5ffd818b3ecc.sql,198,rent_calls,id,"uuid"
20260226030620_f2858819-c272-4cd6-924f-5ffd818b3ecc.sql,199,rent_calls,org_id,"uuid"
20260226030620_f2858819-c272-4cd6-924f-5ffd818b3ecc.sql,200,rent_calls,tenant_id,"uuid"
20260226030620_f2858819-c272-4cd6-924f-5ffd818b3ecc.sql,201,rent_calls,property_id,"uuid"
20260226030620_f2858819-c272-4cd6-924f-5ffd818b3ecc.sql,202,rent_calls,month,"text"
20260226030620_f2858819-c272-4cd6-924f-5ffd818b3ecc.sql,203,rent_calls,rent_amount,"numeric"
20260226030620_f2858819-c272-4cd6-924f-5ffd818b3ecc.sql,204,rent_calls,charges_amount,"numeric"
20260226030620_f2858819-c272-4cd6-924f-5ffd818b3ecc.sql,205,rent_calls,total_amount,"numeric"
20260226030620_f2858819-c272-4cd6-924f-5ffd818b3ecc.sql,206,rent_calls,paid,"boolean"
20260226030620_f2858819-c272-4cd6-924f-5ffd818b3ecc.sql,207,rent_calls,paid_date,"timestamptz"
20260226030620_f2858819-c272-4cd6-924f-5ffd818b3ecc.sql,208,rent_calls,receipt_validated,"boolean"
20260226030620_f2858819-c272-4cd6-924f-5ffd818b3ecc.sql,209,rent_calls,receipt_pdf_url,"text"
20260226030620_f2858819-c272-4cd6-924f-5ffd818b3ecc.sql,210,rent_calls,created_at,"timestamptz"
20260226030620_f2858819-c272-4cd6-924f-5ffd818b3ecc.sql,211,rent_calls,updated_at,"timestamptz"
20260226030620_f2858819-c272-4cd6-924f-5ffd818b3ecc.sql,226,rent_revisions,id,"uuid"
20260226030620_f2858819-c272-4cd6-924f-5ffd818b3ecc.sql,227,rent_revisions,org_id,"uuid"
20260226030620_f2858819-c272-4cd6-924f-5ffd818b3ecc.sql,228,rent_revisions,tenant_id,"uuid"
20260226030620_f2858819-c272-4cd6-924f-5ffd818b3ecc.sql,229,rent_revisions,property_id,"uuid"
20260226030620_f2858819-c272-4cd6-924f-5ffd818b3ecc.sql,230,rent_revisions,revision_date,"date"
20260226030620_f2858819-c272-4cd6-924f-5ffd818b3ecc.sql,231,rent_revisions,previous_rent,"numeric"
20260226030620_f2858819-c272-4cd6-924f-5ffd818b3ecc.sql,232,rent_revisions,new_rent,"numeric"
20260226030620_f2858819-c272-4cd6-924f-5ffd818b3ecc.sql,233,rent_revisions,irl_index_value,"numeric"
20260226030620_f2858819-c272-4cd6-924f-5ffd818b3ecc.sql,234,rent_revisions,irl_reference_quarter,"text"
20260226030620_f2858819-c272-4cd6-924f-5ffd818b3ecc.sql,235,rent_revisions,method,"text"
20260226030620_f2858819-c272-4cd6-924f-5ffd818b3ecc.sql,236,rent_revisions,applied,"boolean"
20260226030620_f2858819-c272-4cd6-924f-5ffd818b3ecc.sql,237,rent_revisions,created_at,"timestamptz"
20260226041627_0d2986c5-1d0a-4fd5-83ce-6e92d4ad5db9.sql,4,messages,id,"uuid"
20260226041627_0d2986c5-1d0a-4fd5-83ce-6e92d4ad5db9.sql,5,messages,org_id,"uuid"
20260226041627_0d2986c5-1d0a-4fd5-83ce-6e92d4ad5db9.sql,6,messages,sender_id,"uuid"
20260226041627_0d2986c5-1d0a-4fd5-83ce-6e92d4ad5db9.sql,7,messages,tenant_id,"uuid"
20260226041627_0d2986c5-1d0a-4fd5-83ce-6e92d4ad5db9.sql,8,messages,content,"text"
20260226041627_0d2986c5-1d0a-4fd5-83ce-6e92d4ad5db9.sql,9,messages,read,"boolean"
20260226041627_0d2986c5-1d0a-4fd5-83ce-6e92d4ad5db9.sql,10,messages,created_at,"timestamp"
20260226051026_690b7211-8170-4d0e-92c1-40ce6ce12e81.sql,4,expenses,id,"uuid"
20260226051026_690b7211-8170-4d0e-92c1-40ce6ce12e81.sql,5,expenses,org_id,"uuid"
20260226051026_690b7211-8170-4d0e-92c1-40ce6ce12e81.sql,6,expenses,user_id,"uuid"
20260226051026_690b7211-8170-4d0e-92c1-40ce6ce12e81.sql,7,expenses,property_id,"uuid"
20260226051026_690b7211-8170-4d0e-92c1-40ce6ce12e81.sql,8,expenses,category,"text"
20260226051026_690b7211-8170-4d0e-92c1-40ce6ce12e81.sql,9,expenses,label,"text"
20260226051026_690b7211-8170-4d0e-92c1-40ce6ce12e81.sql,10,expenses,amount,"numeric"
20260226051026_690b7211-8170-4d0e-92c1-40ce6ce12e81.sql,11,expenses,expense_date,"date"
20260226051026_690b7211-8170-4d0e-92c1-40ce6ce12e81.sql,12,expenses,supplier,"text"
20260226051026_690b7211-8170-4d0e-92c1-40ce6ce12e81.sql,13,expenses,invoice_url,"text"
20260226051026_690b7211-8170-4d0e-92c1-40ce6ce12e81.sql,14,expenses,notes,"text"
20260226051026_690b7211-8170-4d0e-92c1-40ce6ce12e81.sql,15,expenses,created_at,"timestamptz"
20260226051026_690b7211-8170-4d0e-92c1-40ce6ce12e81.sql,27,candidates,id,"uuid"
20260226051026_690b7211-8170-4d0e-92c1-40ce6ce12e81.sql,28,candidates,org_id,"uuid"
20260226051026_690b7211-8170-4d0e-92c1-40ce6ce12e81.sql,29,candidates,user_id,"uuid"
20260226051026_690b7211-8170-4d0e-92c1-40ce6ce12e81.sql,30,candidates,property_id,"uuid"
20260226051026_690b7211-8170-4d0e-92c1-40ce6ce12e81.sql,31,candidates,name,"text"
20260226051026_690b7211-8170-4d0e-92c1-40ce6ce12e81.sql,32,candidates,email,"text"
20260226051026_690b7211-8170-4d0e-92c1-40ce6ce12e81.sql,33,candidates,phone,"text"
20260226051026_690b7211-8170-4d0e-92c1-40ce6ce12e81.sql,34,candidates,profession,"text"
20260226051026_690b7211-8170-4d0e-92c1-40ce6ce12e81.sql,35,candidates,monthly_income,"numeric"
20260226051026_690b7211-8170-4d0e-92c1-40ce6ce12e81.sql,36,candidates,guarantor_info,"text"
20260226051026_690b7211-8170-4d0e-92c1-40ce6ce12e81.sql,37,candidates,notes,"text"
20260226051026_690b7211-8170-4d0e-92c1-40ce6ce12e81.sql,38,candidates,status,"text"
20260226051026_690b7211-8170-4d0e-92c1-40ce6ce12e81.sql,39,candidates,score,"integer"
20260226051026_690b7211-8170-4d0e-92c1-40ce6ce12e81.sql,40,candidates,applied_at,"date"
20260226051026_690b7211-8170-4d0e-92c1-40ce6ce12e81.sql,41,candidates,created_at,"timestamptz"
20260226051026_690b7211-8170-4d0e-92c1-40ce6ce12e81.sql,53,seasonal_bookings,id,"uuid"
20260226051026_690b7211-8170-4d0e-92c1-40ce6ce12e81.sql,54,seasonal_bookings,org_id,"uuid"
20260226051026_690b7211-8170-4d0e-92c1-40ce6ce12e81.sql,55,seasonal_bookings,user_id,"uuid"
20260226051026_690b7211-8170-4d0e-92c1-40ce6ce12e81.sql,56,seasonal_bookings,property_id,"uuid"
20260226051026_690b7211-8170-4d0e-92c1-40ce6ce12e81.sql,57,seasonal_bookings,guest_name,"text"
20260226051026_690b7211-8170-4d0e-92c1-40ce6ce12e81.sql,58,seasonal_bookings,guest_email,"text"
20260226051026_690b7211-8170-4d0e-92c1-40ce6ce12e81.sql,59,seasonal_bookings,guest_phone,"text"
20260226051026_690b7211-8170-4d0e-92c1-40ce6ce12e81.sql,60,seasonal_bookings,check_in,"date"
20260226051026_690b7211-8170-4d0e-92c1-40ce6ce12e81.sql,61,seasonal_bookings,check_out,"date"
20260226051026_690b7211-8170-4d0e-92c1-40ce6ce12e81.sql,62,seasonal_bookings,total_price,"numeric"
20260226051026_690b7211-8170-4d0e-92c1-40ce6ce12e81.sql,63,seasonal_bookings,cleaning_fee,"numeric"
20260226051026_690b7211-8170-4d0e-92c1-40ce6ce12e81.sql,64,seasonal_bookings,deposit_amount,"numeric"
20260226051026_690b7211-8170-4d0e-92c1-40ce6ce12e81.sql,65,seasonal_bookings,status,"text"
20260226051026_690b7211-8170-4d0e-92c1-40ce6ce12e81.sql,66,seasonal_bookings,notes,"text"
20260226051026_690b7211-8170-4d0e-92c1-40ce6ce12e81.sql,67,seasonal_bookings,created_at,"timestamptz"
20260226051026_690b7211-8170-4d0e-92c1-40ce6ce12e81.sql,79,payment_notices,id,"uuid"
20260226051026_690b7211-8170-4d0e-92c1-40ce6ce12e81.sql,80,payment_notices,org_id,"uuid"
20260226051026_690b7211-8170-4d0e-92c1-40ce6ce12e81.sql,81,payment_notices,tenant_id,"uuid"
20260226051026_690b7211-8170-4d0e-92c1-40ce6ce12e81.sql,82,payment_notices,property_id,"uuid"
20260226051026_690b7211-8170-4d0e-92c1-40ce6ce12e81.sql,83,payment_notices,month,"text"
20260226051026_690b7211-8170-4d0e-92c1-40ce6ce12e81.sql,84,payment_notices,rent_amount,"numeric"
20260226051026_690b7211-8170-4d0e-92c1-40ce6ce12e81.sql,85,payment_notices,charges_amount,"numeric"
20260226051026_690b7211-8170-4d0e-92c1-40ce6ce12e81.sql,86,payment_notices,total_amount,"numeric"
20260226051026_690b7211-8170-4d0e-92c1-40ce6ce12e81.sql,87,payment_notices,due_date,"date"
20260226051026_690b7211-8170-4d0e-92c1-40ce6ce12e81.sql,88,payment_notices,sent,"boolean"
20260226051026_690b7211-8170-4d0e-92c1-40ce6ce12e81.sql,89,payment_notices,pdf_url,"text"
20260226051026_690b7211-8170-4d0e-92c1-40ce6ce12e81.sql,90,payment_notices,created_at,"timestamptz"
20260226051026_690b7211-8170-4d0e-92c1-40ce6ce12e81.sql,102,dunning_letters,id,"uuid"
20260226051026_690b7211-8170-4d0e-92c1-40ce6ce12e81.sql,103,dunning_letters,org_id,"uuid"
20260226051026_690b7211-8170-4d0e-92c1-40ce6ce12e81.sql,104,dunning_letters,tenant_id,"uuid"
20260226051026_690b7211-8170-4d0e-92c1-40ce6ce12e81.sql,105,dunning_letters,property_id,"uuid"
20260226051026_690b7211-8170-4d0e-92c1-40ce6ce12e81.sql,106,dunning_letters,level,"integer"
20260226051026_690b7211-8170-4d0e-92c1-40ce6ce12e81.sql,107,dunning_letters,month,"text"
20260226051026_690b7211-8170-4d0e-92c1-40ce6ce12e81.sql,108,dunning_letters,amount_due,"numeric"
20260226051026_690b7211-8170-4d0e-92c1-40ce6ce12e81.sql,109,dunning_letters,sent_at,"timestamptz"
20260226051026_690b7211-8170-4d0e-92c1-40ce6ce12e81.sql,110,dunning_letters,pdf_url,"text"
20260226051026_690b7211-8170-4d0e-92c1-40ce6ce12e81.sql,111,dunning_letters,created_at,"timestamptz"
20260226051026_690b7211-8170-4d0e-92c1-40ce6ce12e81.sql,123,furniture_items,id,"uuid"
20260226051026_690b7211-8170-4d0e-92c1-40ce6ce12e81.sql,124,furniture_items,org_id,"uuid"
20260226051026_690b7211-8170-4d0e-92c1-40ce6ce12e81.sql,125,furniture_items,property_id,"uuid"
20260226051026_690b7211-8170-4d0e-92c1-40ce6ce12e81.sql,126,furniture_items,room_name,"text"
20260226051026_690b7211-8170-4d0e-92c1-40ce6ce12e81.sql,127,furniture_items,item_name,"text"
20260226051026_690b7211-8170-4d0e-92c1-40ce6ce12e81.sql,128,furniture_items,quantity,"integer"
20260226051026_690b7211-8170-4d0e-92c1-40ce6ce12e81.sql,129,furniture_items,condition,"text"
20260226051026_690b7211-8170-4d0e-92c1-40ce6ce12e81.sql,130,furniture_items,notes,"text"
20260226051026_690b7211-8170-4d0e-92c1-40ce6ce12e81.sql,131,furniture_items,created_at,"timestamptz"
20260226054002_bbe094b3-b5f0-411f-a029-5e05fe5cde07.sql,7,document_requests,id,"uuid"
20260226054002_bbe094b3-b5f0-411f-a029-5e05fe5cde07.sql,8,document_requests,tenant_id,"uuid"
20260226054002_bbe094b3-b5f0-411f-a029-5e05fe5cde07.sql,9,document_requests,org_id,"uuid"
20260226054002_bbe094b3-b5f0-411f-a029-5e05fe5cde07.sql,10,document_requests,request_type,"text"
20260226054002_bbe094b3-b5f0-411f-a029-5e05fe5cde07.sql,11,document_requests,period,"text"
20260226054002_bbe094b3-b5f0-411f-a029-5e05fe5cde07.sql,12,document_requests,notes,"text"
20260226054002_bbe094b3-b5f0-411f-a029-5e05fe5cde07.sql,13,document_requests,status,"text"
20260226054002_bbe094b3-b5f0-411f-a029-5e05fe5cde07.sql,14,document_requests,created_at,"timestamptz"
20260226054002_bbe094b3-b5f0-411f-a029-5e05fe5cde07.sql,15,document_requests,resolved_at,"timestamptz"
20260226054002_bbe094b3-b5f0-411f-a029-5e05fe5cde07.sql,43,notifications,id,"uuid"
20260226054002_bbe094b3-b5f0-411f-a029-5e05fe5cde07.sql,44,notifications,user_id,"uuid"
20260226054002_bbe094b3-b5f0-411f-a029-5e05fe5cde07.sql,45,notifications,org_id,"uuid"
20260226054002_bbe094b3-b5f0-411f-a029-5e05fe5cde07.sql,46,notifications,type,"text"
20260226054002_bbe094b3-b5f0-411f-a029-5e05fe5cde07.sql,47,notifications,title,"text"
20260226054002_bbe094b3-b5f0-411f-a029-5e05fe5cde07.sql,48,notifications,message,"text"
20260226054002_bbe094b3-b5f0-411f-a029-5e05fe5cde07.sql,49,notifications,read,"boolean"
20260226054002_bbe094b3-b5f0-411f-a029-5e05fe5cde07.sql,50,notifications,link,"text"
20260226054002_bbe094b3-b5f0-411f-a029-5e05fe5cde07.sql,51,notifications,created_at,"timestamptz"
20260226070836_f5a37481-a954-46e1-b0af-a7b2b52251d6.sql,4,buildings,id,"uuid"
20260226070836_f5a37481-a954-46e1-b0af-a7b2b52251d6.sql,5,buildings,org_id,"uuid"
20260226070836_f5a37481-a954-46e1-b0af-a7b2b52251d6.sql,6,buildings,user_id,"uuid"
20260226070836_f5a37481-a954-46e1-b0af-a7b2b52251d6.sql,7,buildings,name,"text"
20260226070836_f5a37481-a954-46e1-b0af-a7b2b52251d6.sql,8,buildings,address,"text"
20260226070836_f5a37481-a954-46e1-b0af-a7b2b52251d6.sql,9,buildings,postal_code,"text"
20260226070836_f5a37481-a954-46e1-b0af-a7b2b52251d6.sql,10,buildings,city,"text"
20260226070836_f5a37481-a954-46e1-b0af-a7b2b52251d6.sql,11,buildings,building_type,"text"
20260226070836_f5a37481-a954-46e1-b0af-a7b2b52251d6.sql,12,buildings,total_units,"integer"
20260226070836_f5a37481-a954-46e1-b0af-a7b2b52251d6.sql,13,buildings,notes,"text"
20260226070836_f5a37481-a954-46e1-b0af-a7b2b52251d6.sql,14,buildings,created_at,"timestamptz"
20260226070836_f5a37481-a954-46e1-b0af-a7b2b52251d6.sql,15,buildings,updated_at,"timestamptz"
20260226080125_03145368-d3ce-4c89-84ca-b952e1f5fed7.sql,13,owner_profiles,id,"uuid"
20260226080125_03145368-d3ce-4c89-84ca-b952e1f5fed7.sql,14,owner_profiles,user_id,"uuid"
20260226080125_03145368-d3ce-4c89-84ca-b952e1f5fed7.sql,15,owner_profiles,org_id,"uuid"
20260226080125_03145368-d3ce-4c89-84ca-b952e1f5fed7.sql,16,owner_profiles,person_type,"text"
20260226080125_03145368-d3ce-4c89-84ca-b952e1f5fed7.sql,17,owner_profiles,full_name,"text"
20260226080125_03145368-d3ce-4c89-84ca-b952e1f5fed7.sql,18,owner_profiles,company_name,"text"
20260226080125_03145368-d3ce-4c89-84ca-b952e1f5fed7.sql,19,owner_profiles,address,"text"
20260226080125_03145368-d3ce-4c89-84ca-b952e1f5fed7.sql,20,owner_profiles,postal_code,"text"
20260226080125_03145368-d3ce-4c89-84ca-b952e1f5fed7.sql,21,owner_profiles,city,"text"
20260226080125_03145368-d3ce-4c89-84ca-b952e1f5fed7.sql,22,owner_profiles,country,"text"
20260226080125_03145368-d3ce-4c89-84ca-b952e1f5fed7.sql,23,owner_profiles,phone,"text"
20260226080125_03145368-d3ce-4c89-84ca-b952e1f5fed7.sql,24,owner_profiles,email,"text"
20260226080125_03145368-d3ce-4c89-84ca-b952e1f5fed7.sql,25,owner_profiles,tax_id,"text"
20260226080125_03145368-d3ce-4c89-84ca-b952e1f5fed7.sql,26,owner_profiles,bank_iban,"text"
20260226080125_03145368-d3ce-4c89-84ca-b952e1f5fed7.sql,27,owner_profiles,bank_bic,"text"
20260226080125_03145368-d3ce-4c89-84ca-b952e1f5fed7.sql,28,owner_profiles,bank_name,"text"
20260226080125_03145368-d3ce-4c89-84ca-b952e1f5fed7.sql,29,owner_profiles,created_at,"timestamptz"
20260226080125_03145368-d3ce-4c89-84ca-b952e1f5fed7.sql,30,owner_profiles,updated_at,"timestamptz"
20260226080125_03145368-d3ce-4c89-84ca-b952e1f5fed7.sql,54,leases,id,"uuid"
20260226080125_03145368-d3ce-4c89-84ca-b952e1f5fed7.sql,55,leases,org_id,"uuid"
20260226080125_03145368-d3ce-4c89-84ca-b952e1f5fed7.sql,56,leases,user_id,"uuid"
20260226080125_03145368-d3ce-4c89-84ca-b952e1f5fed7.sql,57,leases,property_id,"uuid"
20260226080125_03145368-d3ce-4c89-84ca-b952e1f5fed7.sql,58,leases,tenant_id,"uuid"
20260226080125_03145368-d3ce-4c89-84ca-b952e1f5fed7.sql,59,leases,owner_profile_id,"uuid"
20260226080125_03145368-d3ce-4c89-84ca-b952e1f5fed7.sql,60,leases,lease_type,"text"
20260226080125_03145368-d3ce-4c89-84ca-b952e1f5fed7.sql,61,leases,start_date,"date"
20260226080125_03145368-d3ce-4c89-84ca-b952e1f5fed7.sql,62,leases,end_date,"date"
20260226080125_03145368-d3ce-4c89-84ca-b952e1f5fed7.sql,63,leases,duration_months,"integer"
20260226080125_03145368-d3ce-4c89-84ca-b952e1f5fed7.sql,64,leases,rent_amount,"numeric"
20260226080125_03145368-d3ce-4c89-84ca-b952e1f5fed7.sql,65,leases,charges_amount,"numeric"
20260226080125_03145368-d3ce-4c89-84ca-b952e1f5fed7.sql,66,leases,deposit_amount,"numeric"
20260226080125_03145368-d3ce-4c89-84ca-b952e1f5fed7.sql,67,leases,payment_day,"integer"
20260226080125_03145368-d3ce-4c89-84ca-b952e1f5fed7.sql,68,leases,notice_period_months,"integer"
20260226080125_03145368-d3ce-4c89-84ca-b952e1f5fed7.sql,69,leases,country,"text"
20260226080125_03145368-d3ce-4c89-84ca-b952e1f5fed7.sql,70,leases,status,"text"
20260226080125_03145368-d3ce-4c89-84ca-b952e1f5fed7.sql,71,leases,signed_at,"timestamptz"
20260226080125_03145368-d3ce-4c89-84ca-b952e1f5fed7.sql,72,leases,signed_by_owner,"boolean"
20260226080125_03145368-d3ce-4c89-84ca-b952e1f5fed7.sql,73,leases,signed_by_tenant,"boolean"
20260226080125_03145368-d3ce-4c89-84ca-b952e1f5fed7.sql,74,leases,pdf_url,"text"
20260226080125_03145368-d3ce-4c89-84ca-b952e1f5fed7.sql,75,leases,annexes_json,"jsonb"
20260226080125_03145368-d3ce-4c89-84ca-b952e1f5fed7.sql,76,leases,clauses_json,"jsonb"
20260226080125_03145368-d3ce-4c89-84ca-b952e1f5fed7.sql,77,leases,created_at,"timestamptz"
20260226080125_03145368-d3ce-4c89-84ca-b952e1f5fed7.sql,78,leases,updated_at,"timestamptz"
20260226080125_03145368-d3ce-4c89-84ca-b952e1f5fed7.sql,98,ota_connections,id,"uuid"
20260226080125_03145368-d3ce-4c89-84ca-b952e1f5fed7.sql,99,ota_connections,org_id,"uuid"
20260226080125_03145368-d3ce-4c89-84ca-b952e1f5fed7.sql,100,ota_connections,user_id,"uuid"
20260226080125_03145368-d3ce-4c89-84ca-b952e1f5fed7.sql,101,ota_connections,provider,"text"
20260226080125_03145368-d3ce-4c89-84ca-b952e1f5fed7.sql,102,ota_connections,access_token,"text"
20260226080125_03145368-d3ce-4c89-84ca-b952e1f5fed7.sql,103,ota_connections,refresh_token,"text"
20260226080125_03145368-d3ce-4c89-84ca-b952e1f5fed7.sql,104,ota_connections,token_expires_at,"timestamptz"
20260226080125_03145368-d3ce-4c89-84ca-b952e1f5fed7.sql,105,ota_connections,external_user_id,"text"
20260226080125_03145368-d3ce-4c89-84ca-b952e1f5fed7.sql,106,ota_connections,status,"text"
20260226080125_03145368-d3ce-4c89-84ca-b952e1f5fed7.sql,107,ota_connections,linked_properties,"jsonb"
20260226080125_03145368-d3ce-4c89-84ca-b952e1f5fed7.sql,108,ota_connections,last_sync_at,"timestamptz"
20260226080125_03145368-d3ce-4c89-84ca-b952e1f5fed7.sql,109,ota_connections,created_at,"timestamptz"
20260226080125_03145368-d3ce-4c89-84ca-b952e1f5fed7.sql,110,ota_connections,updated_at,"timestamptz"
20260226080125_03145368-d3ce-4c89-84ca-b952e1f5fed7.sql,130,reservations,id,"uuid"
20260226080125_03145368-d3ce-4c89-84ca-b952e1f5fed7.sql,131,reservations,org_id,"uuid"
20260226080125_03145368-d3ce-4c89-84ca-b952e1f5fed7.sql,132,reservations,user_id,"uuid"
20260226080125_03145368-d3ce-4c89-84ca-b952e1f5fed7.sql,133,reservations,ota_connection_id,"uuid"
20260226080125_03145368-d3ce-4c89-84ca-b952e1f5fed7.sql,134,reservations,ota_provider,"text"
20260226080125_03145368-d3ce-4c89-84ca-b952e1f5fed7.sql,135,reservations,ota_listing_id,"text"
20260226080125_03145368-d3ce-4c89-84ca-b952e1f5fed7.sql,136,reservations,ota_reservation_id,"text"
20260226080125_03145368-d3ce-4c89-84ca-b952e1f5fed7.sql,137,reservations,property_id,"uuid"
20260226080125_03145368-d3ce-4c89-84ca-b952e1f5fed7.sql,138,reservations,guest_name,"text"
20260226080125_03145368-d3ce-4c89-84ca-b952e1f5fed7.sql,139,reservations,guest_email,"text"
20260226080125_03145368-d3ce-4c89-84ca-b952e1f5fed7.sql,140,reservations,guest_phone,"text"
20260226080125_03145368-d3ce-4c89-84ca-b952e1f5fed7.sql,141,reservations,check_in,"date"
20260226080125_03145368-d3ce-4c89-84ca-b952e1f5fed7.sql,142,reservations,check_out,"date"
20260226080125_03145368-d3ce-4c89-84ca-b952e1f5fed7.sql,143,reservations,amount,"numeric"
20260226080125_03145368-d3ce-4c89-84ca-b952e1f5fed7.sql,144,reservations,cleaning_fee,"numeric"
20260226080125_03145368-d3ce-4c89-84ca-b952e1f5fed7.sql,145,reservations,platform_fee,"numeric"
20260226080125_03145368-d3ce-4c89-84ca-b952e1f5fed7.sql,146,reservations,currency,"text"
20260226080125_03145368-d3ce-4c89-84ca-b952e1f5fed7.sql,147,reservations,status,"text"
20260226080125_03145368-d3ce-4c89-84ca-b952e1f5fed7.sql,148,reservations,notes,"text"
20260226080125_03145368-d3ce-4c89-84ca-b952e1f5fed7.sql,149,reservations,created_at,"timestamptz"
20260226080125_03145368-d3ce-4c89-84ca-b952e1f5fed7.sql,150,reservations,updated_at,"timestamptz"
20260226213805_3a7f0da4-c43f-4018-a20f-77867173e161.sql,4,tenant_invitations,id,"uuid"
20260226213805_3a7f0da4-c43f-4018-a20f-77867173e161.sql,5,tenant_invitations,org_id,"uuid"
20260226213805_3a7f0da4-c43f-4018-a20f-77867173e161.sql,6,tenant_invitations,tenant_id,"uuid"
20260226213805_3a7f0da4-c43f-4018-a20f-77867173e161.sql,7,tenant_invitations,token,"text"
20260226213805_3a7f0da4-c43f-4018-a20f-77867173e161.sql,8,tenant_invitations,email,"text"
20260226213805_3a7f0da4-c43f-4018-a20f-77867173e161.sql,9,tenant_invitations,invited_by,"uuid"
20260226213805_3a7f0da4-c43f-4018-a20f-77867173e161.sql,10,tenant_invitations,status,"text"
20260226213805_3a7f0da4-c43f-4018-a20f-77867173e161.sql,11,tenant_invitations,created_at,"timestamptz"
20260226213805_3a7f0da4-c43f-4018-a20f-77867173e161.sql,12,tenant_invitations,expires_at,"timestamptz"
20260226213805_3a7f0da4-c43f-4018-a20f-77867173e161.sql,13,tenant_invitations,accepted_at,"timestamptz"
20260226222345_8e874917-3ea0-428c-8262-ffa763cbb425.sql,4,tasks,id,"uuid"
20260226222345_8e874917-3ea0-428c-8262-ffa763cbb425.sql,5,tasks,org_id,"uuid"
20260226222345_8e874917-3ea0-428c-8262-ffa763cbb425.sql,6,tasks,user_id,"uuid"
20260226222345_8e874917-3ea0-428c-8262-ffa763cbb425.sql,7,tasks,property_id,"uuid"
20260226222345_8e874917-3ea0-428c-8262-ffa763cbb425.sql,8,tasks,tenant_id,"uuid"
20260226222345_8e874917-3ea0-428c-8262-ffa763cbb425.sql,9,tasks,assigned_to,"uuid"
20260226222345_8e874917-3ea0-428c-8262-ffa763cbb425.sql,10,tasks,subject,"text"
20260226222345_8e874917-3ea0-428c-8262-ffa763cbb425.sql,11,tasks,description,"text"
20260226222345_8e874917-3ea0-428c-8262-ffa763cbb425.sql,12,tasks,due_date,"date"
20260226222345_8e874917-3ea0-428c-8262-ffa763cbb425.sql,13,tasks,recurrence,"text"
20260226222345_8e874917-3ea0-428c-8262-ffa763cbb425.sql,14,tasks,priority,"text"
20260226222345_8e874917-3ea0-428c-8262-ffa763cbb425.sql,15,tasks,status,"text"
20260226222345_8e874917-3ea0-428c-8262-ffa763cbb425.sql,16,tasks,notify_participants,"boolean"
20260226222345_8e874917-3ea0-428c-8262-ffa763cbb425.sql,17,tasks,created_at,"timestamptz"
20260226222345_8e874917-3ea0-428c-8262-ffa763cbb425.sql,18,tasks,updated_at,"timestamptz"
20260228022509_a8c6155c-eb90-40b6-bee5-e2d0b060947f.sql,3,interventions,id,"uuid"
20260228022509_a8c6155c-eb90-40b6-bee5-e2d0b060947f.sql,4,interventions,org_id,"uuid"
20260228022509_a8c6155c-eb90-40b6-bee5-e2d0b060947f.sql,5,interventions,user_id,"uuid"
20260228022509_a8c6155c-eb90-40b6-bee5-e2d0b060947f.sql,6,interventions,property_id,"uuid"
20260228022509_a8c6155c-eb90-40b6-bee5-e2d0b060947f.sql,7,interventions,tenant_id,"uuid"
20260228022509_a8c6155c-eb90-40b6-bee5-e2d0b060947f.sql,8,interventions,title,"text"
20260228022509_a8c6155c-eb90-40b6-bee5-e2d0b060947f.sql,9,interventions,description,"text"
20260228022509_a8c6155c-eb90-40b6-bee5-e2d0b060947f.sql,10,interventions,category,"text"
20260228022509_a8c6155c-eb90-40b6-bee5-e2d0b060947f.sql,11,interventions,priority,"text"
20260228022509_a8c6155c-eb90-40b6-bee5-e2d0b060947f.sql,12,interventions,status,"text"
20260228022509_a8c6155c-eb90-40b6-bee5-e2d0b060947f.sql,13,interventions,scheduled_date,"date"
20260228022509_a8c6155c-eb90-40b6-bee5-e2d0b060947f.sql,14,interventions,completed_date,"date"
20260228022509_a8c6155c-eb90-40b6-bee5-e2d0b060947f.sql,15,interventions,provider_name,"text"
20260228022509_a8c6155c-eb90-40b6-bee5-e2d0b060947f.sql,16,interventions,provider_phone,"text"
20260228022509_a8c6155c-eb90-40b6-bee5-e2d0b060947f.sql,17,interventions,estimated_cost,"numeric"
20260228022509_a8c6155c-eb90-40b6-bee5-e2d0b060947f.sql,18,interventions,actual_cost,"numeric"
20260228022509_a8c6155c-eb90-40b6-bee5-e2d0b060947f.sql,19,interventions,notes,"text"
20260228022509_a8c6155c-eb90-40b6-bee5-e2d0b060947f.sql,20,interventions,created_at,"timestamp"
20260228022509_a8c6155c-eb90-40b6-bee5-e2d0b060947f.sql,21,interventions,updated_at,"timestamp"
20260303003531_abe7a036-13a7-4339-9bc6-e1ec722d373f.sql,4,internal_config,key,"text"
20260303003531_abe7a036-13a7-4339-9bc6-e1ec722d373f.sql,5,internal_config,value,"text"
20260303041000_2a958cb2-eb4d-41f4-8dca-44f06f3a08bc.sql,26,public_listings,id,"uuid"
20260303041000_2a958cb2-eb4d-41f4-8dca-44f06f3a08bc.sql,27,public_listings,property_id,"uuid"
20260303041000_2a958cb2-eb4d-41f4-8dca-44f06f3a08bc.sql,28,public_listings,org_id,"uuid"
20260303041000_2a958cb2-eb4d-41f4-8dca-44f06f3a08bc.sql,29,public_listings,user_id,"uuid"
20260303041000_2a958cb2-eb4d-41f4-8dca-44f06f3a08bc.sql,30,public_listings,slug,"text"
20260303041000_2a958cb2-eb4d-41f4-8dca-44f06f3a08bc.sql,31,public_listings,title,"text"
20260303041000_2a958cb2-eb4d-41f4-8dca-44f06f3a08bc.sql,32,public_listings,description,"text"
20260303041000_2a958cb2-eb4d-41f4-8dca-44f06f3a08bc.sql,33,public_listings,price_per_night,"numeric"
20260303041000_2a958cb2-eb4d-41f4-8dca-44f06f3a08bc.sql,34,public_listings,min_nights,"integer"
20260303041000_2a958cb2-eb4d-41f4-8dca-44f06f3a08bc.sql,35,public_listings,max_guests,"integer"
20260303041000_2a958cb2-eb4d-41f4-8dca-44f06f3a08bc.sql,36,public_listings,amenities,"jsonb"
20260303041000_2a958cb2-eb4d-41f4-8dca-44f06f3a08bc.sql,37,public_listings,active,"boolean"
20260303041000_2a958cb2-eb4d-41f4-8dca-44f06f3a08bc.sql,38,public_listings,created_at,"timestamptz"
20260303041000_2a958cb2-eb4d-41f4-8dca-44f06f3a08bc.sql,39,public_listings,updated_at,"timestamptz"
20260303041000_2a958cb2-eb4d-41f4-8dca-44f06f3a08bc.sql,65,booking_requests,id,"uuid"
20260303041000_2a958cb2-eb4d-41f4-8dca-44f06f3a08bc.sql,66,booking_requests,listing_id,"uuid"
20260303041000_2a958cb2-eb4d-41f4-8dca-44f06f3a08bc.sql,67,booking_requests,property_id,"uuid"
20260303041000_2a958cb2-eb4d-41f4-8dca-44f06f3a08bc.sql,68,booking_requests,org_id,"uuid"
20260303041000_2a958cb2-eb4d-41f4-8dca-44f06f3a08bc.sql,69,booking_requests,guest_name,"text"
20260303041000_2a958cb2-eb4d-41f4-8dca-44f06f3a08bc.sql,70,booking_requests,guest_email,"text"
20260303041000_2a958cb2-eb4d-41f4-8dca-44f06f3a08bc.sql,71,booking_requests,guest_phone,"text"
20260303041000_2a958cb2-eb4d-41f4-8dca-44f06f3a08bc.sql,72,booking_requests,check_in,"date"
20260303041000_2a958cb2-eb4d-41f4-8dca-44f06f3a08bc.sql,73,booking_requests,check_out,"date"
20260303041000_2a958cb2-eb4d-41f4-8dca-44f06f3a08bc.sql,74,booking_requests,guests_count,"integer"
20260303041000_2a958cb2-eb4d-41f4-8dca-44f06f3a08bc.sql,75,booking_requests,message,"text"
20260303041000_2a958cb2-eb4d-41f4-8dca-44f06f3a08bc.sql,76,booking_requests,status,"text"
20260303041000_2a958cb2-eb4d-41f4-8dca-44f06f3a08bc.sql,77,booking_requests,created_at,"timestamptz"
20260305215553_343bf43d-2c9f-4248-9bb1-fa731bd042b1.sql,4,org_secrets,id,"uuid"
20260305215553_343bf43d-2c9f-4248-9bb1-fa731bd042b1.sql,5,org_secrets,org_id,"uuid"
20260305215553_343bf43d-2c9f-4248-9bb1-fa731bd042b1.sql,6,org_secrets,gocardless_access_token,"text"
20260305215553_343bf43d-2c9f-4248-9bb1-fa731bd042b1.sql,7,org_secrets,gocardless_environment,"text"
20260305215553_343bf43d-2c9f-4248-9bb1-fa731bd042b1.sql,8,org_secrets,created_at,"timestamptz"
20260305215553_343bf43d-2c9f-4248-9bb1-fa731bd042b1.sql,9,org_secrets,updated_at,"timestamptz"
20260306023436_c5bc1c99-6aaa-4f4d-aa7d-a7f18f164ea9.sql,3,referrals,id,"uuid"
20260306023436_c5bc1c99-6aaa-4f4d-aa7d-a7f18f164ea9.sql,4,referrals,referrer_user_id,"uuid"
20260306023436_c5bc1c99-6aaa-4f4d-aa7d-a7f18f164ea9.sql,5,referrals,referrer_org_id,"uuid"
20260306023436_c5bc1c99-6aaa-4f4d-aa7d-a7f18f164ea9.sql,6,referrals,referral_code,"text"
20260306023436_c5bc1c99-6aaa-4f4d-aa7d-a7f18f164ea9.sql,7,referrals,referred_user_id,"uuid"
20260306023436_c5bc1c99-6aaa-4f4d-aa7d-a7f18f164ea9.sql,8,referrals,referred_email,"text"
20260306023436_c5bc1c99-6aaa-4f4d-aa7d-a7f18f164ea9.sql,9,referrals,status,"text"
20260306023436_c5bc1c99-6aaa-4f4d-aa7d-a7f18f164ea9.sql,10,referrals,reward_applied,"boolean"
20260306023436_c5bc1c99-6aaa-4f4d-aa7d-a7f18f164ea9.sql,11,referrals,created_at,"timestamptz"
20260306023436_c5bc1c99-6aaa-4f4d-aa7d-a7f18f164ea9.sql,12,referrals,converted_at,"timestamptz"
20260306023436_c5bc1c99-6aaa-4f4d-aa7d-a7f18f164ea9.sql,30,landlord_profiles,id,"uuid"
20260306023436_c5bc1c99-6aaa-4f4d-aa7d-a7f18f164ea9.sql,31,landlord_profiles,user_id,"uuid"
20260306023436_c5bc1c99-6aaa-4f4d-aa7d-a7f18f164ea9.sql,32,landlord_profiles,org_id,"uuid"
20260306023436_c5bc1c99-6aaa-4f4d-aa7d-a7f18f164ea9.sql,33,landlord_profiles,slug,"text"
20260306023436_c5bc1c99-6aaa-4f4d-aa7d-a7f18f164ea9.sql,34,landlord_profiles,display_name,"text"
20260306023436_c5bc1c99-6aaa-4f4d-aa7d-a7f18f164ea9.sql,35,landlord_profiles,bio,"text"
20260306023436_c5bc1c99-6aaa-4f4d-aa7d-a7f18f164ea9.sql,36,landlord_profiles,avatar_url,"text"
20260306023436_c5bc1c99-6aaa-4f4d-aa7d-a7f18f164ea9.sql,37,landlord_profiles,city,"text"
20260306023436_c5bc1c99-6aaa-4f4d-aa7d-a7f18f164ea9.sql,38,landlord_profiles,country,"text"
20260306023436_c5bc1c99-6aaa-4f4d-aa7d-a7f18f164ea9.sql,39,landlord_profiles,verified,"boolean"
20260306023436_c5bc1c99-6aaa-4f4d-aa7d-a7f18f164ea9.sql,40,landlord_profiles,properties_count,"integer"
20260306023436_c5bc1c99-6aaa-4f4d-aa7d-a7f18f164ea9.sql,41,landlord_profiles,rating,"numeric(2,1)"
20260306023436_c5bc1c99-6aaa-4f4d-aa7d-a7f18f164ea9.sql,42,landlord_profiles,active,"boolean"
20260306023436_c5bc1c99-6aaa-4f4d-aa7d-a7f18f164ea9.sql,43,landlord_profiles,created_at,"timestamptz"
20260306023436_c5bc1c99-6aaa-4f4d-aa7d-a7f18f164ea9.sql,44,landlord_profiles,updated_at,"timestamptz"
20260306024526_e9697ee4-21c1-45f8-b50d-c2e1c1dd4914.sql,4,newsletter_subscribers,id,"uuid"
20260306024526_e9697ee4-21c1-45f8-b50d-c2e1c1dd4914.sql,5,newsletter_subscribers,email,"text"
20260306024526_e9697ee4-21c1-45f8-b50d-c2e1c1dd4914.sql,6,newsletter_subscribers,created_at,"timestamp"
20260306033536_8695071a-8979-4bd0-860b-6f7c33e5e634.sql,4,reviews,id,"uuid"
20260306033536_8695071a-8979-4bd0-860b-6f7c33e5e634.sql,5,reviews,org_id,"uuid"
20260306033536_8695071a-8979-4bd0-860b-6f7c33e5e634.sql,6,reviews,property_id,"uuid"
20260306033536_8695071a-8979-4bd0-860b-6f7c33e5e634.sql,7,reviews,tenant_id,"uuid"
20260306033536_8695071a-8979-4bd0-860b-6f7c33e5e634.sql,8,reviews,reviewer_user_id,"uuid"
20260306033536_8695071a-8979-4bd0-860b-6f7c33e5e634.sql,9,reviews,rating,"integer"
20260306033536_8695071a-8979-4bd0-860b-6f7c33e5e634.sql,10,reviews,comment,"text"
20260306033536_8695071a-8979-4bd0-860b-6f7c33e5e634.sql,11,reviews,landlord_reply,"text"
20260306033536_8695071a-8979-4bd0-860b-6f7c33e5e634.sql,12,reviews,created_at,"timestamptz"
20260306033536_8695071a-8979-4bd0-860b-6f7c33e5e634.sql,13,reviews,updated_at,"timestamptz"
20260306040906_96178e3f-452b-4e7c-b011-6215decabe9c.sql,4,transaction_journal,id,"uuid"
20260306040906_96178e3f-452b-4e7c-b011-6215decabe9c.sql,5,transaction_journal,org_id,"uuid"
20260306040906_96178e3f-452b-4e7c-b011-6215decabe9c.sql,6,transaction_journal,user_id,"uuid"
20260306040906_96178e3f-452b-4e7c-b011-6215decabe9c.sql,7,transaction_journal,transaction_date,"date"
20260306040906_96178e3f-452b-4e7c-b011-6215decabe9c.sql,8,transaction_journal,category,"text"
20260306040906_96178e3f-452b-4e7c-b011-6215decabe9c.sql,9,transaction_journal,label,"text"
20260306040906_96178e3f-452b-4e7c-b011-6215decabe9c.sql,10,transaction_journal,debit,"numeric"
20260306040906_96178e3f-452b-4e7c-b011-6215decabe9c.sql,11,transaction_journal,credit,"numeric"
20260306040906_96178e3f-452b-4e7c-b011-6215decabe9c.sql,12,transaction_journal,currency,"text"
20260306040906_96178e3f-452b-4e7c-b011-6215decabe9c.sql,13,transaction_journal,property_id,"uuid"
20260306040906_96178e3f-452b-4e7c-b011-6215decabe9c.sql,14,transaction_journal,tenant_id,"uuid"
20260306040906_96178e3f-452b-4e7c-b011-6215decabe9c.sql,15,transaction_journal,source_type,"text"
20260306040906_96178e3f-452b-4e7c-b011-6215decabe9c.sql,16,transaction_journal,source_id,"uuid"
20260306040906_96178e3f-452b-4e7c-b011-6215decabe9c.sql,17,transaction_journal,notes,"text"
20260306040906_96178e3f-452b-4e7c-b011-6215decabe9c.sql,18,transaction_journal,created_at,"timestamptz"
20260306040906_96178e3f-452b-4e7c-b011-6215decabe9c.sql,30,service_providers,id,"uuid"
20260306040906_96178e3f-452b-4e7c-b011-6215decabe9c.sql,31,service_providers,name,"text"
20260306040906_96178e3f-452b-4e7c-b011-6215decabe9c.sql,32,service_providers,email,"text"
20260306040906_96178e3f-452b-4e7c-b011-6215decabe9c.sql,33,service_providers,phone,"text"
20260306040906_96178e3f-452b-4e7c-b011-6215decabe9c.sql,34,service_providers,category,"text"
20260306040906_96178e3f-452b-4e7c-b011-6215decabe9c.sql,35,service_providers,description,"text"
20260306040906_96178e3f-452b-4e7c-b011-6215decabe9c.sql,36,service_providers,hourly_rate,"numeric"
20260306040906_96178e3f-452b-4e7c-b011-6215decabe9c.sql,37,service_providers,currency,"text"
20260306040906_96178e3f-452b-4e7c-b011-6215decabe9c.sql,38,service_providers,city,"text"
20260306040906_96178e3f-452b-4e7c-b011-6215decabe9c.sql,39,service_providers,country,"text"
20260306040906_96178e3f-452b-4e7c-b011-6215decabe9c.sql,40,service_providers,rating,"numeric"
20260306040906_96178e3f-452b-4e7c-b011-6215decabe9c.sql,41,service_providers,reviews_count,"integer"
20260306040906_96178e3f-452b-4e7c-b011-6215decabe9c.sql,42,service_providers,avatar_url,"text"
20260306040906_96178e3f-452b-4e7c-b011-6215decabe9c.sql,43,service_providers,verified,"boolean"
20260306040906_96178e3f-452b-4e7c-b011-6215decabe9c.sql,44,service_providers,active,"boolean"
20260306040906_96178e3f-452b-4e7c-b011-6215decabe9c.sql,45,service_providers,created_at,"timestamptz"
20260306040906_96178e3f-452b-4e7c-b011-6215decabe9c.sql,46,service_providers,updated_at,"timestamptz"
20260306040906_96178e3f-452b-4e7c-b011-6215decabe9c.sql,56,service_bookings,id,"uuid"
20260306040906_96178e3f-452b-4e7c-b011-6215decabe9c.sql,57,service_bookings,org_id,"uuid"
20260306040906_96178e3f-452b-4e7c-b011-6215decabe9c.sql,58,service_bookings,user_id,"uuid"
20260306040906_96178e3f-452b-4e7c-b011-6215decabe9c.sql,59,service_bookings,provider_id,"uuid"
20260306040906_96178e3f-452b-4e7c-b011-6215decabe9c.sql,60,service_bookings,property_id,"uuid"
20260306040906_96178e3f-452b-4e7c-b011-6215decabe9c.sql,61,service_bookings,service_date,"date"
20260306040906_96178e3f-452b-4e7c-b011-6215decabe9c.sql,62,service_bookings,service_type,"text"
20260306040906_96178e3f-452b-4e7c-b011-6215decabe9c.sql,63,service_bookings,status,"text"
20260306040906_96178e3f-452b-4e7c-b011-6215decabe9c.sql,64,service_bookings,amount,"numeric"
20260306040906_96178e3f-452b-4e7c-b011-6215decabe9c.sql,65,service_bookings,currency,"text"
20260306040906_96178e3f-452b-4e7c-b011-6215decabe9c.sql,66,service_bookings,commission_rate,"numeric"
20260306040906_96178e3f-452b-4e7c-b011-6215decabe9c.sql,67,service_bookings,notes,"text"
20260306040906_96178e3f-452b-4e7c-b011-6215decabe9c.sql,68,service_bookings,rating,"integer"
20260306040906_96178e3f-452b-4e7c-b011-6215decabe9c.sql,69,service_bookings,review_text,"text"
20260306040906_96178e3f-452b-4e7c-b011-6215decabe9c.sql,70,service_bookings,created_at,"timestamptz"
20260306040906_96178e3f-452b-4e7c-b011-6215decabe9c.sql,71,service_bookings,updated_at,"timestamptz"
20260306040906_96178e3f-452b-4e7c-b011-6215decabe9c.sql,83,pricing_rules,id,"uuid"
20260306040906_96178e3f-452b-4e7c-b011-6215decabe9c.sql,84,pricing_rules,org_id,"uuid"
20260306040906_96178e3f-452b-4e7c-b011-6215decabe9c.sql,85,pricing_rules,property_id,"uuid"
20260306040906_96178e3f-452b-4e7c-b011-6215decabe9c.sql,86,pricing_rules,user_id,"uuid"
20260306040906_96178e3f-452b-4e7c-b011-6215decabe9c.sql,87,pricing_rules,rule_type,"text"
20260306040906_96178e3f-452b-4e7c-b011-6215decabe9c.sql,88,pricing_rules,name,"text"
20260306040906_96178e3f-452b-4e7c-b011-6215decabe9c.sql,89,pricing_rules,adjustment_type,"text"
20260306040906_96178e3f-452b-4e7c-b011-6215decabe9c.sql,90,pricing_rules,adjustment_value,"numeric"
20260306040906_96178e3f-452b-4e7c-b011-6215decabe9c.sql,91,pricing_rules,start_date,"date"
20260306040906_96178e3f-452b-4e7c-b011-6215decabe9c.sql,92,pricing_rules,end_date,"date"
20260306040906_96178e3f-452b-4e7c-b011-6215decabe9c.sql,93,pricing_rules,days_of_week,"integer[]"
20260306040906_96178e3f-452b-4e7c-b011-6215decabe9c.sql,94,pricing_rules,min_occupancy,"numeric"
20260306040906_96178e3f-452b-4e7c-b011-6215decabe9c.sql,95,pricing_rules,max_occupancy,"numeric"
20260306040906_96178e3f-452b-4e7c-b011-6215decabe9c.sql,96,pricing_rules,priority,"integer"
20260306040906_96178e3f-452b-4e7c-b011-6215decabe9c.sql,97,pricing_rules,active,"boolean"
20260306040906_96178e3f-452b-4e7c-b011-6215decabe9c.sql,98,pricing_rules,created_at,"timestamptz"
20260306042052_d5c57c6e-5506-4360-aeff-6588282ef198.sql,42,collaboration_invitations,id,"uuid"
20260306042052_d5c57c6e-5506-4360-aeff-6588282ef198.sql,43,collaboration_invitations,org_id,"uuid"
20260306042052_d5c57c6e-5506-4360-aeff-6588282ef198.sql,44,collaboration_invitations,invited_by,"uuid"
20260306042052_d5c57c6e-5506-4360-aeff-6588282ef198.sql,45,collaboration_invitations,email,"text"
20260306042052_d5c57c6e-5506-4360-aeff-6588282ef198.sql,46,collaboration_invitations,role,"text"
20260306042052_d5c57c6e-5506-4360-aeff-6588282ef198.sql,47,collaboration_invitations,token,"text"
20260306042052_d5c57c6e-5506-4360-aeff-6588282ef198.sql,48,collaboration_invitations,status,"text"
20260306042052_d5c57c6e-5506-4360-aeff-6588282ef198.sql,49,collaboration_invitations,accepted_at,"timestamptz"
20260306042052_d5c57c6e-5506-4360-aeff-6588282ef198.sql,50,collaboration_invitations,expires_at,"timestamptz"
20260306042052_d5c57c6e-5506-4360-aeff-6588282ef198.sql,51,collaboration_invitations,created_at,"timestamptz"
20260306042743_ea8e2b2b-7d1f-4aa1-839c-134e0f9754c0.sql,54,api_keys,id,"uuid"
20260306042743_ea8e2b2b-7d1f-4aa1-839c-134e0f9754c0.sql,55,api_keys,org_id,"uuid"
20260306042743_ea8e2b2b-7d1f-4aa1-839c-134e0f9754c0.sql,56,api_keys,user_id,"uuid"
20260306042743_ea8e2b2b-7d1f-4aa1-839c-134e0f9754c0.sql,57,api_keys,name,"text"
20260306042743_ea8e2b2b-7d1f-4aa1-839c-134e0f9754c0.sql,58,api_keys,key_hash,"text"
20260306042743_ea8e2b2b-7d1f-4aa1-839c-134e0f9754c0.sql,59,api_keys,key_prefix,"text"
20260306042743_ea8e2b2b-7d1f-4aa1-839c-134e0f9754c0.sql,60,api_keys,scopes,"text[]"
20260306042743_ea8e2b2b-7d1f-4aa1-839c-134e0f9754c0.sql,61,api_keys,last_used_at,"timestamptz"
20260306042743_ea8e2b2b-7d1f-4aa1-839c-134e0f9754c0.sql,62,api_keys,expires_at,"timestamptz"
20260306042743_ea8e2b2b-7d1f-4aa1-839c-134e0f9754c0.sql,63,api_keys,active,"boolean"
20260306042743_ea8e2b2b-7d1f-4aa1-839c-134e0f9754c0.sql,64,api_keys,created_at,"timestamptz"
20260306043739_8fee2e8b-326a-4c06-a1d3-d4804c1fa524.sql,6,webhooks,id,"uuid"
20260306043739_8fee2e8b-326a-4c06-a1d3-d4804c1fa524.sql,7,webhooks,org_id,"uuid"
20260306043739_8fee2e8b-326a-4c06-a1d3-d4804c1fa524.sql,8,webhooks,user_id,"uuid"
20260306043739_8fee2e8b-326a-4c06-a1d3-d4804c1fa524.sql,9,webhooks,url,"text"
20260306043739_8fee2e8b-326a-4c06-a1d3-d4804c1fa524.sql,10,webhooks,secret,"text"
20260306043739_8fee2e8b-326a-4c06-a1d3-d4804c1fa524.sql,11,webhooks,events,"text[]"
20260306043739_8fee2e8b-326a-4c06-a1d3-d4804c1fa524.sql,12,webhooks,active,"boolean"
20260306043739_8fee2e8b-326a-4c06-a1d3-d4804c1fa524.sql,13,webhooks,created_at,"timestamptz"
20260306043739_8fee2e8b-326a-4c06-a1d3-d4804c1fa524.sql,14,webhooks,last_triggered_at,"timestamptz"
20260306043739_8fee2e8b-326a-4c06-a1d3-d4804c1fa524.sql,15,webhooks,failure_count,"int"
20260306043739_8fee2e8b-326a-4c06-a1d3-d4804c1fa524.sql,27,webhook_deliveries,id,"uuid"
20260306043739_8fee2e8b-326a-4c06-a1d3-d4804c1fa524.sql,28,webhook_deliveries,webhook_id,"uuid"
20260306043739_8fee2e8b-326a-4c06-a1d3-d4804c1fa524.sql,29,webhook_deliveries,event_type,"text"
20260306043739_8fee2e8b-326a-4c06-a1d3-d4804c1fa524.sql,30,webhook_deliveries,payload,"jsonb"
20260306043739_8fee2e8b-326a-4c06-a1d3-d4804c1fa524.sql,31,webhook_deliveries,response_status,"int"
20260306043739_8fee2e8b-326a-4c06-a1d3-d4804c1fa524.sql,32,webhook_deliveries,response_body,"text"
20260306043739_8fee2e8b-326a-4c06-a1d3-d4804c1fa524.sql,33,webhook_deliveries,delivered_at,"timestamptz"
20260306043739_8fee2e8b-326a-4c06-a1d3-d4804c1fa524.sql,34,webhook_deliveries,success,"boolean"
20260307035257_8d610bc1-611d-46f0-b851-d942a2f4daf4.sql,4,local_services,id,"uuid"
20260307035257_8d610bc1-611d-46f0-b851-d942a2f4daf4.sql,5,local_services,org_id,"uuid"
20260307035257_8d610bc1-611d-46f0-b851-d942a2f4daf4.sql,6,local_services,user_id,"uuid"
20260307035257_8d610bc1-611d-46f0-b851-d942a2f4daf4.sql,7,local_services,title,"text"
20260307035257_8d610bc1-611d-46f0-b851-d942a2f4daf4.sql,8,local_services,category,"text"
20260307035257_8d610bc1-611d-46f0-b851-d942a2f4daf4.sql,9,local_services,description,"text"
20260307035257_8d610bc1-611d-46f0-b851-d942a2f4daf4.sql,10,local_services,photo_url,"text"
20260307035257_8d610bc1-611d-46f0-b851-d942a2f4daf4.sql,11,local_services,country,"text"
20260307035257_8d610bc1-611d-46f0-b851-d942a2f4daf4.sql,12,local_services,city,"text"
20260307035257_8d610bc1-611d-46f0-b851-d942a2f4daf4.sql,13,local_services,whatsapp_number,"text"
20260307035257_8d610bc1-611d-46f0-b851-d942a2f4daf4.sql,14,local_services,website_url,"text"
20260307035257_8d610bc1-611d-46f0-b851-d942a2f4daf4.sql,15,local_services,price_indication,"text"
20260307035257_8d610bc1-611d-46f0-b851-d942a2f4daf4.sql,16,local_services,availability_note,"text"
20260307035257_8d610bc1-611d-46f0-b851-d942a2f4daf4.sql,17,local_services,property_id,"uuid"
20260307035257_8d610bc1-611d-46f0-b851-d942a2f4daf4.sql,18,local_services,active,"boolean"
20260307035257_8d610bc1-611d-46f0-b851-d942a2f4daf4.sql,19,local_services,sort_order,"int"
20260307035257_8d610bc1-611d-46f0-b851-d942a2f4daf4.sql,20,local_services,created_at,"timestamptz"
20260307035257_8d610bc1-611d-46f0-b851-d942a2f4daf4.sql,21,local_services,updated_at,"timestamptz"
20260307065022_e1f00915-e8f6-4e93-b483-84d67d8f1343.sql,4,concierge_services,id,"uuid"
20260307065022_e1f00915-e8f6-4e93-b483-84d67d8f1343.sql,5,concierge_services,org_id,"uuid"
20260307065022_e1f00915-e8f6-4e93-b483-84d67d8f1343.sql,6,concierge_services,user_id,"uuid"
20260307065022_e1f00915-e8f6-4e93-b483-84d67d8f1343.sql,7,concierge_services,category,"text"
20260307065022_e1f00915-e8f6-4e93-b483-84d67d8f1343.sql,8,concierge_services,title,"text"
20260307065022_e1f00915-e8f6-4e93-b483-84d67d8f1343.sql,9,concierge_services,description,"text"
20260307065022_e1f00915-e8f6-4e93-b483-84d67d8f1343.sql,10,concierge_services,price,"numeric"
20260307065022_e1f00915-e8f6-4e93-b483-84d67d8f1343.sql,11,concierge_services,currency,"text"
20260307065022_e1f00915-e8f6-4e93-b483-84d67d8f1343.sql,12,concierge_services,duration_minutes,"integer"
20260307065022_e1f00915-e8f6-4e93-b483-84d67d8f1343.sql,13,concierge_services,provider_name,"text"
20260307065022_e1f00915-e8f6-4e93-b483-84d67d8f1343.sql,14,concierge_services,provider_phone,"text"
20260307065022_e1f00915-e8f6-4e93-b483-84d67d8f1343.sql,15,concierge_services,photo_url,"text"
20260307065022_e1f00915-e8f6-4e93-b483-84d67d8f1343.sql,16,concierge_services,country,"text"
20260307065022_e1f00915-e8f6-4e93-b483-84d67d8f1343.sql,17,concierge_services,city,"text"
20260307065022_e1f00915-e8f6-4e93-b483-84d67d8f1343.sql,18,concierge_services,property_id,"uuid"
20260307065022_e1f00915-e8f6-4e93-b483-84d67d8f1343.sql,19,concierge_services,active,"boolean"
20260307065022_e1f00915-e8f6-4e93-b483-84d67d8f1343.sql,20,concierge_services,sort_order,"integer"
20260307065022_e1f00915-e8f6-4e93-b483-84d67d8f1343.sql,21,concierge_services,created_at,"timestamptz"
20260307065022_e1f00915-e8f6-4e93-b483-84d67d8f1343.sql,22,concierge_services,updated_at,"timestamptz"
20260307065022_e1f00915-e8f6-4e93-b483-84d67d8f1343.sql,38,concierge_orders,id,"uuid"
20260307065022_e1f00915-e8f6-4e93-b483-84d67d8f1343.sql,39,concierge_orders,org_id,"uuid"
20260307065022_e1f00915-e8f6-4e93-b483-84d67d8f1343.sql,40,concierge_orders,service_id,"uuid"
20260307065022_e1f00915-e8f6-4e93-b483-84d67d8f1343.sql,41,concierge_orders,booking_id,"uuid"
20260307065022_e1f00915-e8f6-4e93-b483-84d67d8f1343.sql,42,concierge_orders,property_id,"uuid"
20260307065022_e1f00915-e8f6-4e93-b483-84d67d8f1343.sql,43,concierge_orders,guest_name,"text"
20260307065022_e1f00915-e8f6-4e93-b483-84d67d8f1343.sql,44,concierge_orders,guest_email,"text"
20260307065022_e1f00915-e8f6-4e93-b483-84d67d8f1343.sql,45,concierge_orders,guest_phone,"text"
20260307065022_e1f00915-e8f6-4e93-b483-84d67d8f1343.sql,46,concierge_orders,quantity,"integer"
20260307065022_e1f00915-e8f6-4e93-b483-84d67d8f1343.sql,47,concierge_orders,unit_price,"numeric"
20260307065022_e1f00915-e8f6-4e93-b483-84d67d8f1343.sql,48,concierge_orders,total_price,"numeric"
20260307065022_e1f00915-e8f6-4e93-b483-84d67d8f1343.sql,49,concierge_orders,currency,"text"
20260307065022_e1f00915-e8f6-4e93-b483-84d67d8f1343.sql,50,concierge_orders,status,"text"
20260307065022_e1f00915-e8f6-4e93-b483-84d67d8f1343.sql,51,concierge_orders,scheduled_at,"timestamptz"
20260307065022_e1f00915-e8f6-4e93-b483-84d67d8f1343.sql,52,concierge_orders,notes,"text"
20260307065022_e1f00915-e8f6-4e93-b483-84d67d8f1343.sql,53,concierge_orders,payment_status,"text"
20260307065022_e1f00915-e8f6-4e93-b483-84d67d8f1343.sql,54,concierge_orders,payment_link_url,"text"
20260307065022_e1f00915-e8f6-4e93-b483-84d67d8f1343.sql,55,concierge_orders,created_at,"timestamptz"
20260307065022_e1f00915-e8f6-4e93-b483-84d67d8f1343.sql,56,concierge_orders,updated_at,"timestamptz"
20260307065022_e1f00915-e8f6-4e93-b483-84d67d8f1343.sql,68,activities,id,"uuid"
20260307065022_e1f00915-e8f6-4e93-b483-84d67d8f1343.sql,69,activities,org_id,"uuid"
20260307065022_e1f00915-e8f6-4e93-b483-84d67d8f1343.sql,70,activities,user_id,"uuid"
20260307065022_e1f00915-e8f6-4e93-b483-84d67d8f1343.sql,71,activities,category,"text"
20260307065022_e1f00915-e8f6-4e93-b483-84d67d8f1343.sql,72,activities,title,"text"
20260307065022_e1f00915-e8f6-4e93-b483-84d67d8f1343.sql,73,activities,description,"text"
20260307065022_e1f00915-e8f6-4e93-b483-84d67d8f1343.sql,74,activities,price,"numeric"
20260307065022_e1f00915-e8f6-4e93-b483-84d67d8f1343.sql,75,activities,currency,"text"
20260307065022_e1f00915-e8f6-4e93-b483-84d67d8f1343.sql,76,activities,duration_minutes,"integer"
20260307065022_e1f00915-e8f6-4e93-b483-84d67d8f1343.sql,77,activities,provider_name,"text"
20260307065022_e1f00915-e8f6-4e93-b483-84d67d8f1343.sql,78,activities,provider_type,"text"
20260307065022_e1f00915-e8f6-4e93-b483-84d67d8f1343.sql,79,activities,commission_percent,"numeric"
20260307065022_e1f00915-e8f6-4e93-b483-84d67d8f1343.sql,80,activities,photo_url,"text"
20260307065022_e1f00915-e8f6-4e93-b483-84d67d8f1343.sql,81,activities,country,"text"
20260307065022_e1f00915-e8f6-4e93-b483-84d67d8f1343.sql,82,activities,city,"text"
20260307065022_e1f00915-e8f6-4e93-b483-84d67d8f1343.sql,83,activities,property_id,"uuid"
20260307065022_e1f00915-e8f6-4e93-b483-84d67d8f1343.sql,84,activities,active,"boolean"
20260307065022_e1f00915-e8f6-4e93-b483-84d67d8f1343.sql,85,activities,badges,"text[]"
20260307065022_e1f00915-e8f6-4e93-b483-84d67d8f1343.sql,86,activities,sort_order,"integer"
20260307065022_e1f00915-e8f6-4e93-b483-84d67d8f1343.sql,87,activities,created_at,"timestamptz"
20260307065022_e1f00915-e8f6-4e93-b483-84d67d8f1343.sql,88,activities,updated_at,"timestamptz"
20260307065022_e1f00915-e8f6-4e93-b483-84d67d8f1343.sql,104,booking_tasks,id,"uuid"
20260307065022_e1f00915-e8f6-4e93-b483-84d67d8f1343.sql,105,booking_tasks,org_id,"uuid"
20260307065022_e1f00915-e8f6-4e93-b483-84d67d8f1343.sql,106,booking_tasks,property_id,"uuid"
20260307065022_e1f00915-e8f6-4e93-b483-84d67d8f1343.sql,107,booking_tasks,booking_id,"uuid"
20260307065022_e1f00915-e8f6-4e93-b483-84d67d8f1343.sql,108,booking_tasks,assigned_to,"uuid"
20260307065022_e1f00915-e8f6-4e93-b483-84d67d8f1343.sql,109,booking_tasks,task_type,"text"
20260307065022_e1f00915-e8f6-4e93-b483-84d67d8f1343.sql,110,booking_tasks,title,"text"
20260307065022_e1f00915-e8f6-4e93-b483-84d67d8f1343.sql,111,booking_tasks,description,"text"
20260307065022_e1f00915-e8f6-4e93-b483-84d67d8f1343.sql,112,booking_tasks,status,"text"
20260307065022_e1f00915-e8f6-4e93-b483-84d67d8f1343.sql,113,booking_tasks,priority,"text"
20260307065022_e1f00915-e8f6-4e93-b483-84d67d8f1343.sql,114,booking_tasks,scheduled_at,"timestamptz"
20260307065022_e1f00915-e8f6-4e93-b483-84d67d8f1343.sql,115,booking_tasks,completed_at,"timestamptz"
20260307065022_e1f00915-e8f6-4e93-b483-84d67d8f1343.sql,116,booking_tasks,proof_photo_urls,"jsonb"
20260307065022_e1f00915-e8f6-4e93-b483-84d67d8f1343.sql,117,booking_tasks,notes,"text"
20260307065022_e1f00915-e8f6-4e93-b483-84d67d8f1343.sql,118,booking_tasks,created_at,"timestamptz"
20260307065022_e1f00915-e8f6-4e93-b483-84d67d8f1343.sql,119,booking_tasks,updated_at,"timestamptz"
20260307083656_c6cf383d-229c-413f-b719-78b8c565a9de.sql,3,notification_preferences,id,"uuid"
20260307083656_c6cf383d-229c-413f-b719-78b8c565a9de.sql,4,notification_preferences,user_id,"uuid"
20260307083656_c6cf383d-229c-413f-b719-78b8c565a9de.sql,5,notification_preferences,email_messages,"boolean"
20260307083656_c6cf383d-229c-413f-b719-78b8c565a9de.sql,6,notification_preferences,email_payments,"boolean"
20260307083656_c6cf383d-229c-413f-b719-78b8c565a9de.sql,7,notification_preferences,email_documents,"boolean"
20260307083656_c6cf383d-229c-413f-b719-78b8c565a9de.sql,8,notification_preferences,email_maintenance,"boolean"
20260307083656_c6cf383d-229c-413f-b719-78b8c565a9de.sql,9,notification_preferences,email_urgent_only,"boolean"
20260307083656_c6cf383d-229c-413f-b719-78b8c565a9de.sql,10,notification_preferences,in_app_messages,"boolean"
20260307083656_c6cf383d-229c-413f-b719-78b8c565a9de.sql,11,notification_preferences,in_app_payments,"boolean"
20260307083656_c6cf383d-229c-413f-b719-78b8c565a9de.sql,12,notification_preferences,in_app_documents,"boolean"
20260307083656_c6cf383d-229c-413f-b719-78b8c565a9de.sql,13,notification_preferences,in_app_maintenance,"boolean"
20260307083656_c6cf383d-229c-413f-b719-78b8c565a9de.sql,14,notification_preferences,updated_at,"timestamp"
20260308000026_aeb9e491-35a0-4a7c-a81b-7190cfedcef2.sql,4,marketplace_providers,id,"uuid"
20260308000026_aeb9e491-35a0-4a7c-a81b-7190cfedcef2.sql,5,marketplace_providers,user_id,"uuid"
20260308000026_aeb9e491-35a0-4a7c-a81b-7190cfedcef2.sql,6,marketplace_providers,org_id,"uuid"
20260308000026_aeb9e491-35a0-4a7c-a81b-7190cfedcef2.sql,7,marketplace_providers,provider_type,"text"
20260308000026_aeb9e491-35a0-4a7c-a81b-7190cfedcef2.sql,8,marketplace_providers,company_name,"text"
20260308000026_aeb9e491-35a0-4a7c-a81b-7190cfedcef2.sql,9,marketplace_providers,display_name,"text"
20260308000026_aeb9e491-35a0-4a7c-a81b-7190cfedcef2.sql,10,marketplace_providers,slug,"text"
20260308000026_aeb9e491-35a0-4a7c-a81b-7190cfedcef2.sql,11,marketplace_providers,bio,"text"
20260308000026_aeb9e491-35a0-4a7c-a81b-7190cfedcef2.sql,12,marketplace_providers,avatar_url,"text"
20260308000026_aeb9e491-35a0-4a7c-a81b-7190cfedcef2.sql,13,marketplace_providers,cover_photo_url,"text"
20260308000026_aeb9e491-35a0-4a7c-a81b-7190cfedcef2.sql,14,marketplace_providers,email,"text"
20260308000026_aeb9e491-35a0-4a7c-a81b-7190cfedcef2.sql,15,marketplace_providers,phone,"text"
20260308000026_aeb9e491-35a0-4a7c-a81b-7190cfedcef2.sql,16,marketplace_providers,whatsapp,"text"
20260308000026_aeb9e491-35a0-4a7c-a81b-7190cfedcef2.sql,17,marketplace_providers,website_url,"text"
20260308000026_aeb9e491-35a0-4a7c-a81b-7190cfedcef2.sql,18,marketplace_providers,country,"text"
20260308000026_aeb9e491-35a0-4a7c-a81b-7190cfedcef2.sql,19,marketplace_providers,city,"text"
20260308000026_aeb9e491-35a0-4a7c-a81b-7190cfedcef2.sql,20,marketplace_providers,address,"text"
20260308000026_aeb9e491-35a0-4a7c-a81b-7190cfedcef2.sql,21,marketplace_providers,categories,"text[]"
20260308000026_aeb9e491-35a0-4a7c-a81b-7190cfedcef2.sql,22,marketplace_providers,payment_stripe_link,"text"
20260308000026_aeb9e491-35a0-4a7c-a81b-7190cfedcef2.sql,23,marketplace_providers,payment_paypal_email,"text"
20260308000026_aeb9e491-35a0-4a7c-a81b-7190cfedcef2.sql,24,marketplace_providers,payment_bank_details,"jsonb"
20260308000026_aeb9e491-35a0-4a7c-a81b-7190cfedcef2.sql,25,marketplace_providers,payment_custom_url,"text"
20260308000026_aeb9e491-35a0-4a7c-a81b-7190cfedcef2.sql,26,marketplace_providers,rating,"numeric"
20260308000026_aeb9e491-35a0-4a7c-a81b-7190cfedcef2.sql,27,marketplace_providers,reviews_count,"integer"
20260308000026_aeb9e491-35a0-4a7c-a81b-7190cfedcef2.sql,28,marketplace_providers,verified,"boolean"
20260308000026_aeb9e491-35a0-4a7c-a81b-7190cfedcef2.sql,29,marketplace_providers,active,"boolean"
20260308000026_aeb9e491-35a0-4a7c-a81b-7190cfedcef2.sql,30,marketplace_providers,created_at,"timestamptz"
20260308000026_aeb9e491-35a0-4a7c-a81b-7190cfedcef2.sql,31,marketplace_providers,updated_at,"timestamptz"
20260308000026_aeb9e491-35a0-4a7c-a81b-7190cfedcef2.sql,37,marketplace_services,id,"uuid"
20260308000026_aeb9e491-35a0-4a7c-a81b-7190cfedcef2.sql,38,marketplace_services,provider_id,"uuid"
20260308000026_aeb9e491-35a0-4a7c-a81b-7190cfedcef2.sql,39,marketplace_services,org_id,"uuid"
20260308000026_aeb9e491-35a0-4a7c-a81b-7190cfedcef2.sql,40,marketplace_services,user_id,"uuid"
20260308000026_aeb9e491-35a0-4a7c-a81b-7190cfedcef2.sql,41,marketplace_services,title,"text"
20260308000026_aeb9e491-35a0-4a7c-a81b-7190cfedcef2.sql,42,marketplace_services,description,"text"
20260308000026_aeb9e491-35a0-4a7c-a81b-7190cfedcef2.sql,43,marketplace_services,category,"text"
20260308000026_aeb9e491-35a0-4a7c-a81b-7190cfedcef2.sql,44,marketplace_services,price,"numeric"
20260308000026_aeb9e491-35a0-4a7c-a81b-7190cfedcef2.sql,45,marketplace_services,currency,"text"
20260308000026_aeb9e491-35a0-4a7c-a81b-7190cfedcef2.sql,46,marketplace_services,price_type,"text"
20260308000026_aeb9e491-35a0-4a7c-a81b-7190cfedcef2.sql,47,marketplace_services,duration_minutes,"integer"
20260308000026_aeb9e491-35a0-4a7c-a81b-7190cfedcef2.sql,48,marketplace_services,country,"text"
20260308000026_aeb9e491-35a0-4a7c-a81b-7190cfedcef2.sql,49,marketplace_services,city,"text"
20260308000026_aeb9e491-35a0-4a7c-a81b-7190cfedcef2.sql,50,marketplace_services,location,"text"
20260308000026_aeb9e491-35a0-4a7c-a81b-7190cfedcef2.sql,51,marketplace_services,photo_urls,"jsonb"
20260308000026_aeb9e491-35a0-4a7c-a81b-7190cfedcef2.sql,52,marketplace_services,time_slots,"jsonb"
20260308000026_aeb9e491-35a0-4a7c-a81b-7190cfedcef2.sql,53,marketplace_services,blocked_dates,"jsonb"
20260308000026_aeb9e491-35a0-4a7c-a81b-7190cfedcef2.sql,54,marketplace_services,max_capacity,"integer"
20260308000026_aeb9e491-35a0-4a7c-a81b-7190cfedcef2.sql,55,marketplace_services,payment_stripe_link,"text"
20260308000026_aeb9e491-35a0-4a7c-a81b-7190cfedcef2.sql,56,marketplace_services,payment_paypal_email,"text"
20260308000026_aeb9e491-35a0-4a7c-a81b-7190cfedcef2.sql,57,marketplace_services,payment_bank_details,"jsonb"
20260308000026_aeb9e491-35a0-4a7c-a81b-7190cfedcef2.sql,58,marketplace_services,payment_custom_url,"text"
20260308000026_aeb9e491-35a0-4a7c-a81b-7190cfedcef2.sql,59,marketplace_services,badges,"text[]"
20260308000026_aeb9e491-35a0-4a7c-a81b-7190cfedcef2.sql,60,marketplace_services,active,"boolean"
20260308000026_aeb9e491-35a0-4a7c-a81b-7190cfedcef2.sql,61,marketplace_services,sort_order,"integer"
20260308000026_aeb9e491-35a0-4a7c-a81b-7190cfedcef2.sql,62,marketplace_services,created_at,"timestamptz"
20260308000026_aeb9e491-35a0-4a7c-a81b-7190cfedcef2.sql,63,marketplace_services,updated_at,"timestamptz"
20260308000026_aeb9e491-35a0-4a7c-a81b-7190cfedcef2.sql,68,marketplace_bookings,id,"uuid"
20260308000026_aeb9e491-35a0-4a7c-a81b-7190cfedcef2.sql,69,marketplace_bookings,service_id,"uuid"
20260308000026_aeb9e491-35a0-4a7c-a81b-7190cfedcef2.sql,70,marketplace_bookings,provider_id,"uuid"
20260308000026_aeb9e491-35a0-4a7c-a81b-7190cfedcef2.sql,71,marketplace_bookings,org_id,"uuid"
20260308000026_aeb9e491-35a0-4a7c-a81b-7190cfedcef2.sql,72,marketplace_bookings,booker_user_id,"uuid"
20260308000026_aeb9e491-35a0-4a7c-a81b-7190cfedcef2.sql,73,marketplace_bookings,booker_name,"text"
20260308000026_aeb9e491-35a0-4a7c-a81b-7190cfedcef2.sql,74,marketplace_bookings,booker_email,"text"
20260308000026_aeb9e491-35a0-4a7c-a81b-7190cfedcef2.sql,75,marketplace_bookings,booker_phone,"text"
20260308000026_aeb9e491-35a0-4a7c-a81b-7190cfedcef2.sql,76,marketplace_bookings,property_id,"uuid"
20260308000026_aeb9e491-35a0-4a7c-a81b-7190cfedcef2.sql,77,marketplace_bookings,service_date,"date"
20260308000026_aeb9e491-35a0-4a7c-a81b-7190cfedcef2.sql,78,marketplace_bookings,service_time,"text"
20260308000026_aeb9e491-35a0-4a7c-a81b-7190cfedcef2.sql,79,marketplace_bookings,quantity,"integer"
20260308000026_aeb9e491-35a0-4a7c-a81b-7190cfedcef2.sql,80,marketplace_bookings,total_price,"numeric"
20260308000026_aeb9e491-35a0-4a7c-a81b-7190cfedcef2.sql,81,marketplace_bookings,currency,"text"
20260308000026_aeb9e491-35a0-4a7c-a81b-7190cfedcef2.sql,82,marketplace_bookings,notes,"text"
20260308000026_aeb9e491-35a0-4a7c-a81b-7190cfedcef2.sql,83,marketplace_bookings,status,"text"
20260308000026_aeb9e491-35a0-4a7c-a81b-7190cfedcef2.sql,84,marketplace_bookings,payment_method,"text"
20260308000026_aeb9e491-35a0-4a7c-a81b-7190cfedcef2.sql,85,marketplace_bookings,payment_link_sent,"boolean"
20260308000026_aeb9e491-35a0-4a7c-a81b-7190cfedcef2.sql,86,marketplace_bookings,payment_confirmed,"boolean"
20260308000026_aeb9e491-35a0-4a7c-a81b-7190cfedcef2.sql,87,marketplace_bookings,payment_confirmed_at,"timestamptz"
20260308000026_aeb9e491-35a0-4a7c-a81b-7190cfedcef2.sql,88,marketplace_bookings,cancelled_at,"timestamptz"
20260308000026_aeb9e491-35a0-4a7c-a81b-7190cfedcef2.sql,89,marketplace_bookings,completed_at,"timestamptz"
20260308000026_aeb9e491-35a0-4a7c-a81b-7190cfedcef2.sql,90,marketplace_bookings,created_at,"timestamptz"
20260308000026_aeb9e491-35a0-4a7c-a81b-7190cfedcef2.sql,91,marketplace_bookings,updated_at,"timestamptz"
20260310000323_b7d6edf4-7a6c-4788-99dd-b777b438b118.sql,4,real_estate_listings,id,"uuid"
20260310000323_b7d6edf4-7a6c-4788-99dd-b777b438b118.sql,5,real_estate_listings,org_id,"uuid"
20260310000323_b7d6edf4-7a6c-4788-99dd-b777b438b118.sql,6,real_estate_listings,user_id,"uuid"
20260310000323_b7d6edf4-7a6c-4788-99dd-b777b438b118.sql,7,real_estate_listings,property_id,"uuid"
20260310000323_b7d6edf4-7a6c-4788-99dd-b777b438b118.sql,8,real_estate_listings,title,"text"
20260310000323_b7d6edf4-7a6c-4788-99dd-b777b438b118.sql,9,real_estate_listings,description,"text"
20260310000323_b7d6edf4-7a6c-4788-99dd-b777b438b118.sql,10,real_estate_listings,listing_type,"text"
20260310000323_b7d6edf4-7a6c-4788-99dd-b777b438b118.sql,11,real_estate_listings,price,"numeric"
20260310000323_b7d6edf4-7a6c-4788-99dd-b777b438b118.sql,12,real_estate_listings,currency,"text"
20260310000323_b7d6edf4-7a6c-4788-99dd-b777b438b118.sql,13,real_estate_listings,property_type,"text"
20260310000323_b7d6edf4-7a6c-4788-99dd-b777b438b118.sql,14,real_estate_listings,country,"text"
20260310000323_b7d6edf4-7a6c-4788-99dd-b777b438b118.sql,15,real_estate_listings,city,"text"
20260310000323_b7d6edf4-7a6c-4788-99dd-b777b438b118.sql,16,real_estate_listings,address,"text"
20260310000323_b7d6edf4-7a6c-4788-99dd-b777b438b118.sql,17,real_estate_listings,postal_code,"text"
20260310000323_b7d6edf4-7a6c-4788-99dd-b777b438b118.sql,18,real_estate_listings,surface_sqm,"numeric"
20260310000323_b7d6edf4-7a6c-4788-99dd-b777b438b118.sql,19,real_estate_listings,rooms,"integer"
20260310000323_b7d6edf4-7a6c-4788-99dd-b777b438b118.sql,20,real_estate_listings,bedrooms,"integer"
20260310000323_b7d6edf4-7a6c-4788-99dd-b777b438b118.sql,21,real_estate_listings,bathrooms,"integer"
20260310000323_b7d6edf4-7a6c-4788-99dd-b777b438b118.sql,22,real_estate_listings,floor_number,"integer"
20260310000323_b7d6edf4-7a6c-4788-99dd-b777b438b118.sql,23,real_estate_listings,total_floors,"integer"
20260310000323_b7d6edf4-7a6c-4788-99dd-b777b438b118.sql,24,real_estate_listings,year_built,"integer"
20260310000323_b7d6edf4-7a6c-4788-99dd-b777b438b118.sql,25,real_estate_listings,energy_class,"text"
20260310000323_b7d6edf4-7a6c-4788-99dd-b777b438b118.sql,26,real_estate_listings,heating_type,"text"
20260310000323_b7d6edf4-7a6c-4788-99dd-b777b438b118.sql,27,real_estate_listings,parking,"boolean"
20260310000323_b7d6edf4-7a6c-4788-99dd-b777b438b118.sql,28,real_estate_listings,garden,"boolean"
20260310000323_b7d6edf4-7a6c-4788-99dd-b777b438b118.sql,29,real_estate_listings,terrace,"boolean"
20260310000323_b7d6edf4-7a6c-4788-99dd-b777b438b118.sql,30,real_estate_listings,elevator,"boolean"
20260310000323_b7d6edf4-7a6c-4788-99dd-b777b438b118.sql,31,real_estate_listings,furnished,"boolean"
20260310000323_b7d6edf4-7a6c-4788-99dd-b777b438b118.sql,32,real_estate_listings,photo_urls,"jsonb"
20260310000323_b7d6edf4-7a6c-4788-99dd-b777b438b118.sql,33,real_estate_listings,features,"jsonb"
20260310000323_b7d6edf4-7a6c-4788-99dd-b777b438b118.sql,34,real_estate_listings,status,"text"
20260310000323_b7d6edf4-7a6c-4788-99dd-b777b438b118.sql,35,real_estate_listings,contact_email,"text"
20260310000323_b7d6edf4-7a6c-4788-99dd-b777b438b118.sql,36,real_estate_listings,contact_phone,"text"
20260310000323_b7d6edf4-7a6c-4788-99dd-b777b438b118.sql,37,real_estate_listings,slug,"text"
20260310000323_b7d6edf4-7a6c-4788-99dd-b777b438b118.sql,38,real_estate_listings,views_count,"integer"
20260310000323_b7d6edf4-7a6c-4788-99dd-b777b438b118.sql,39,real_estate_listings,created_at,"timestamptz"
20260310000323_b7d6edf4-7a6c-4788-99dd-b777b438b118.sql,40,real_estate_listings,updated_at,"timestamptz"
20260310000323_b7d6edf4-7a6c-4788-99dd-b777b438b118.sql,56,real_estate_leads,id,"uuid"
20260310000323_b7d6edf4-7a6c-4788-99dd-b777b438b118.sql,57,real_estate_leads,org_id,"uuid"
20260310000323_b7d6edf4-7a6c-4788-99dd-b777b438b118.sql,58,real_estate_leads,listing_id,"uuid"
20260310000323_b7d6edf4-7a6c-4788-99dd-b777b438b118.sql,59,real_estate_leads,name,"text"
20260310000323_b7d6edf4-7a6c-4788-99dd-b777b438b118.sql,60,real_estate_leads,email,"text"
20260310000323_b7d6edf4-7a6c-4788-99dd-b777b438b118.sql,61,real_estate_leads,phone,"text"
20260310000323_b7d6edf4-7a6c-4788-99dd-b777b438b118.sql,62,real_estate_leads,message,"text"
20260310000323_b7d6edf4-7a6c-4788-99dd-b777b438b118.sql,63,real_estate_leads,status,"text"
20260310000323_b7d6edf4-7a6c-4788-99dd-b777b438b118.sql,64,real_estate_leads,created_at,"timestamptz"
20260310000323_b7d6edf4-7a6c-4788-99dd-b777b438b118.sql,80,property_blocked_dates,id,"uuid"
20260310000323_b7d6edf4-7a6c-4788-99dd-b777b438b118.sql,81,property_blocked_dates,org_id,"uuid"
20260310000323_b7d6edf4-7a6c-4788-99dd-b777b438b118.sql,82,property_blocked_dates,property_id,"uuid"
20260310000323_b7d6edf4-7a6c-4788-99dd-b777b438b118.sql,83,property_blocked_dates,date_from,"date"
20260310000323_b7d6edf4-7a6c-4788-99dd-b777b438b118.sql,84,property_blocked_dates,date_to,"date"
20260310000323_b7d6edf4-7a6c-4788-99dd-b777b438b118.sql,85,property_blocked_dates,reason,"text"
20260310000323_b7d6edf4-7a6c-4788-99dd-b777b438b118.sql,86,property_blocked_dates,created_at,"timestamptz"
20260310164559_7cbfbf9f-a94b-45c2-afa8-a7e927ee0791.sql,3,audit_reports,id,"uuid"
20260310164559_7cbfbf9f-a94b-45c2-afa8-a7e927ee0791.sql,4,audit_reports,org_id,"uuid"
20260310164559_7cbfbf9f-a94b-45c2-afa8-a7e927ee0791.sql,5,audit_reports,scan_type,"text"
20260310164559_7cbfbf9f-a94b-45c2-afa8-a7e927ee0791.sql,6,audit_reports,global_score,"integer"
20260310164559_7cbfbf9f-a94b-45c2-afa8-a7e927ee0791.sql,7,audit_reports,total_issues,"integer"
20260310164559_7cbfbf9f-a94b-45c2-afa8-a7e927ee0791.sql,8,audit_reports,critical_issues,"integer"
20260310164559_7cbfbf9f-a94b-45c2-afa8-a7e927ee0791.sql,9,audit_reports,modules_json,"jsonb"
20260310164559_7cbfbf9f-a94b-45c2-afa8-a7e927ee0791.sql,10,audit_reports,issues_json,"jsonb"
20260310164559_7cbfbf9f-a94b-45c2-afa8-a7e927ee0791.sql,11,audit_reports,source,"text"
20260310164559_7cbfbf9f-a94b-45c2-afa8-a7e927ee0791.sql,12,audit_reports,created_at,"timestamptz"
20260310185145_6d829255-3d51-45c2-9a3b-ceef7f208760.sql,3,contact_clicks,id,"uuid"
20260310185145_6d829255-3d51-45c2-9a3b-ceef7f208760.sql,4,contact_clicks,listing_id,"uuid"
20260310185145_6d829255-3d51-45c2-9a3b-ceef7f208760.sql,5,contact_clicks,service_id,"uuid"
20260310185145_6d829255-3d51-45c2-9a3b-ceef7f208760.sql,6,contact_clicks,org_id,"uuid"
20260310185145_6d829255-3d51-45c2-9a3b-ceef7f208760.sql,7,contact_clicks,channel,"text"
20260310185145_6d829255-3d51-45c2-9a3b-ceef7f208760.sql,8,contact_clicks,visitor_fingerprint,"text"
20260310185145_6d829255-3d51-45c2-9a3b-ceef7f208760.sql,9,contact_clicks,referrer,"text"
20260310185145_6d829255-3d51-45c2-9a3b-ceef7f208760.sql,10,contact_clicks,created_at,"timestamptz"
20260311081444_6f41d63f-a400-45c0-b8aa-ede21012c6e1.sql,3,marketplace_reviews,id,"uuid"
20260311081444_6f41d63f-a400-45c0-b8aa-ede21012c6e1.sql,4,marketplace_reviews,provider_id,"uuid"
20260311081444_6f41d63f-a400-45c0-b8aa-ede21012c6e1.sql,5,marketplace_reviews,service_id,"uuid"
20260311081444_6f41d63f-a400-45c0-b8aa-ede21012c6e1.sql,6,marketplace_reviews,booking_id,"uuid"
20260311081444_6f41d63f-a400-45c0-b8aa-ede21012c6e1.sql,7,marketplace_reviews,reviewer_name,"text"
20260311081444_6f41d63f-a400-45c0-b8aa-ede21012c6e1.sql,8,marketplace_reviews,reviewer_email,"text"
20260311081444_6f41d63f-a400-45c0-b8aa-ede21012c6e1.sql,9,marketplace_reviews,reviewer_user_id,"uuid"
20260311081444_6f41d63f-a400-45c0-b8aa-ede21012c6e1.sql,10,marketplace_reviews,rating,"numeric(2,1)"
20260311081444_6f41d63f-a400-45c0-b8aa-ede21012c6e1.sql,11,marketplace_reviews,comment,"text"
20260311081444_6f41d63f-a400-45c0-b8aa-ede21012c6e1.sql,12,marketplace_reviews,response,"text"
20260311081444_6f41d63f-a400-45c0-b8aa-ede21012c6e1.sql,13,marketplace_reviews,responded_at,"timestamptz"
20260311081444_6f41d63f-a400-45c0-b8aa-ede21012c6e1.sql,14,marketplace_reviews,status,"text"
20260311081444_6f41d63f-a400-45c0-b8aa-ede21012c6e1.sql,15,marketplace_reviews,created_at,"timestamptz"
20260311081444_6f41d63f-a400-45c0-b8aa-ede21012c6e1.sql,16,marketplace_reviews,updated_at,"timestamptz"
20260312031709_35e85177-84e1-4663-8fad-cf6c87d84d14.sql,4,saved_listings,id,"uuid"
20260312031709_35e85177-84e1-4663-8fad-cf6c87d84d14.sql,5,saved_listings,user_id,"uuid"
20260312031709_35e85177-84e1-4663-8fad-cf6c87d84d14.sql,6,saved_listings,listing_type,"text"
20260312031709_35e85177-84e1-4663-8fad-cf6c87d84d14.sql,7,saved_listings,listing_id,"uuid"
20260312031709_35e85177-84e1-4663-8fad-cf6c87d84d14.sql,8,saved_listings,listing_title,"text"
20260312031709_35e85177-84e1-4663-8fad-cf6c87d84d14.sql,9,saved_listings,listing_image,"text"
20260312031709_35e85177-84e1-4663-8fad-cf6c87d84d14.sql,10,saved_listings,listing_city,"text"
20260312031709_35e85177-84e1-4663-8fad-cf6c87d84d14.sql,11,saved_listings,listing_country,"text"
20260312031709_35e85177-84e1-4663-8fad-cf6c87d84d14.sql,12,saved_listings,listing_price,"numeric"
20260312031709_35e85177-84e1-4663-8fad-cf6c87d84d14.sql,13,saved_listings,listing_currency,"text"
20260312031709_35e85177-84e1-4663-8fad-cf6c87d84d14.sql,14,saved_listings,created_at,"timestamptz"
20260312031709_35e85177-84e1-4663-8fad-cf6c87d84d14.sql,27,category_subscriptions,id,"uuid"
20260312031709_35e85177-84e1-4663-8fad-cf6c87d84d14.sql,28,category_subscriptions,user_id,"uuid"
20260312031709_35e85177-84e1-4663-8fad-cf6c87d84d14.sql,29,category_subscriptions,category,"text"
20260312031709_35e85177-84e1-4663-8fad-cf6c87d84d14.sql,30,category_subscriptions,notify_email,"boolean"
20260312031709_35e85177-84e1-4663-8fad-cf6c87d84d14.sql,31,category_subscriptions,notify_push,"boolean"
20260312031709_35e85177-84e1-4663-8fad-cf6c87d84d14.sql,32,category_subscriptions,created_at,"timestamptz"
20260312085030_1434b9af-6551-42aa-b255-afdbf8c2e880.sql,3,guest_sessions,id,"uuid"
20260312085030_1434b9af-6551-42aa-b255-afdbf8c2e880.sql,4,guest_sessions,token,"text"
20260312085030_1434b9af-6551-42aa-b255-afdbf8c2e880.sql,5,guest_sessions,display_name,"text"
20260312085030_1434b9af-6551-42aa-b255-afdbf8c2e880.sql,6,guest_sessions,email,"text"
20260312085030_1434b9af-6551-42aa-b255-afdbf8c2e880.sql,7,guest_sessions,fingerprint,"text"
20260312085030_1434b9af-6551-42aa-b255-afdbf8c2e880.sql,8,guest_sessions,org_id,"uuid"
20260312085030_1434b9af-6551-42aa-b255-afdbf8c2e880.sql,9,guest_sessions,context_type,"text"
20260312085030_1434b9af-6551-42aa-b255-afdbf8c2e880.sql,10,guest_sessions,context_id,"text"
20260312085030_1434b9af-6551-42aa-b255-afdbf8c2e880.sql,11,guest_sessions,expires_at,"timestamptz"
20260312085030_1434b9af-6551-42aa-b255-afdbf8c2e880.sql,12,guest_sessions,messages_sent,"integer"
20260312085030_1434b9af-6551-42aa-b255-afdbf8c2e880.sql,13,guest_sessions,media_sent,"integer"
20260312085030_1434b9af-6551-42aa-b255-afdbf8c2e880.sql,14,guest_sessions,last_activity_at,"timestamptz"
20260312085030_1434b9af-6551-42aa-b255-afdbf8c2e880.sql,15,guest_sessions,blocked,"boolean"
20260312085030_1434b9af-6551-42aa-b255-afdbf8c2e880.sql,16,guest_sessions,created_at,"timestamptz"
20260312090536_a85b552c-de4e-4e64-b6cc-a73f34998e96.sql,4,guest_call_signals,id,"uuid"
20260312090536_a85b552c-de4e-4e64-b6cc-a73f34998e96.sql,5,guest_call_signals,call_id,"text"
20260312090536_a85b552c-de4e-4e64-b6cc-a73f34998e96.sql,6,guest_call_signals,guest_session_id,"uuid"
20260312090536_a85b552c-de4e-4e64-b6cc-a73f34998e96.sql,7,guest_call_signals,org_id,"uuid"
20260312090536_a85b552c-de4e-4e64-b6cc-a73f34998e96.sql,8,guest_call_signals,status,"text"
20260312090536_a85b552c-de4e-4e64-b6cc-a73f34998e96.sql,9,guest_call_signals,is_video,"boolean"
20260312090536_a85b552c-de4e-4e64-b6cc-a73f34998e96.sql,10,guest_call_signals,context_type,"text"
20260312090536_a85b552c-de4e-4e64-b6cc-a73f34998e96.sql,11,guest_call_signals,context_id,"text"
20260312090536_a85b552c-de4e-4e64-b6cc-a73f34998e96.sql,12,guest_call_signals,context_label,"text"
20260312090536_a85b552c-de4e-4e64-b6cc-a73f34998e96.sql,13,guest_call_signals,guest_name,"text"
20260312090536_a85b552c-de4e-4e64-b6cc-a73f34998e96.sql,14,guest_call_signals,signal_type,"text"
20260312090536_a85b552c-de4e-4e64-b6cc-a73f34998e96.sql,15,guest_call_signals,signal_data,"text"
20260312090536_a85b552c-de4e-4e64-b6cc-a73f34998e96.sql,16,guest_call_signals,from_role,"text"
20260312090536_a85b552c-de4e-4e64-b6cc-a73f34998e96.sql,17,guest_call_signals,processed_by_caller,"boolean"
20260312090536_a85b552c-de4e-4e64-b6cc-a73f34998e96.sql,18,guest_call_signals,processed_by_callee,"boolean"
20260312090536_a85b552c-de4e-4e64-b6cc-a73f34998e96.sql,19,guest_call_signals,created_at,"timestamptz"
20260312090536_a85b552c-de4e-4e64-b6cc-a73f34998e96.sql,20,guest_call_signals,expires_at,"timestamptz"
20260312145412_24d34c41-e9b3-4428-b858-4518675433f0.sql,4,conversation_threads,id,"uuid"
20260312145412_24d34c41-e9b3-4428-b858-4518675433f0.sql,5,conversation_threads,org_id,"uuid"
20260312145412_24d34c41-e9b3-4428-b858-4518675433f0.sql,6,conversation_threads,initiator_id,"uuid"
20260312145412_24d34c41-e9b3-4428-b858-4518675433f0.sql,7,conversation_threads,participant_ids,"uuid[]"
20260312145412_24d34c41-e9b3-4428-b858-4518675433f0.sql,8,conversation_threads,context_type,"text"
20260312145412_24d34c41-e9b3-4428-b858-4518675433f0.sql,9,conversation_threads,context_id,"text"
20260312145412_24d34c41-e9b3-4428-b858-4518675433f0.sql,10,conversation_threads,listing_title,"text"
20260312145412_24d34c41-e9b3-4428-b858-4518675433f0.sql,11,conversation_threads,listing_url,"text"
20260312145412_24d34c41-e9b3-4428-b858-4518675433f0.sql,12,conversation_threads,provider_name,"text"
20260312145412_24d34c41-e9b3-4428-b858-4518675433f0.sql,13,conversation_threads,status,"text"
20260312145412_24d34c41-e9b3-4428-b858-4518675433f0.sql,14,conversation_threads,last_message_at,"timestamptz"
20260312145412_24d34c41-e9b3-4428-b858-4518675433f0.sql,15,conversation_threads,created_at,"timestamptz"
20260312145412_24d34c41-e9b3-4428-b858-4518675433f0.sql,16,conversation_threads,updated_at,"timestamptz"
20260312145412_24d34c41-e9b3-4428-b858-4518675433f0.sql,24,contact_reveals,id,"uuid"
20260312145412_24d34c41-e9b3-4428-b858-4518675433f0.sql,25,contact_reveals,user_id,"uuid"
20260312145412_24d34c41-e9b3-4428-b858-4518675433f0.sql,26,contact_reveals,org_id,"uuid"
20260312145412_24d34c41-e9b3-4428-b858-4518675433f0.sql,27,contact_reveals,listing_id,"text"
20260312145412_24d34c41-e9b3-4428-b858-4518675433f0.sql,28,contact_reveals,service_id,"text"
20260312145412_24d34c41-e9b3-4428-b858-4518675433f0.sql,29,contact_reveals,reveal_type,"text"
20260312145412_24d34c41-e9b3-4428-b858-4518675433f0.sql,30,contact_reveals,created_at,"timestamptz"
20260312160957_1c2e177f-fd8b-4dde-a76c-1bfe63f5220c.sql,4,call_logs,id,"uuid"
20260312160957_1c2e177f-fd8b-4dde-a76c-1bfe63f5220c.sql,5,call_logs,caller_id,"uuid"
20260312160957_1c2e177f-fd8b-4dde-a76c-1bfe63f5220c.sql,6,call_logs,callee_org_id,"uuid"
20260312160957_1c2e177f-fd8b-4dde-a76c-1bfe63f5220c.sql,7,call_logs,thread_id,"uuid"
20260312160957_1c2e177f-fd8b-4dde-a76c-1bfe63f5220c.sql,8,call_logs,context_type,"text"
20260312160957_1c2e177f-fd8b-4dde-a76c-1bfe63f5220c.sql,9,call_logs,context_id,"text"
20260312160957_1c2e177f-fd8b-4dde-a76c-1bfe63f5220c.sql,10,call_logs,context_label,"text"
20260312160957_1c2e177f-fd8b-4dde-a76c-1bfe63f5220c.sql,11,call_logs,status,"text"
20260312160957_1c2e177f-fd8b-4dde-a76c-1bfe63f5220c.sql,12,call_logs,is_video,"boolean"
20260312160957_1c2e177f-fd8b-4dde-a76c-1bfe63f5220c.sql,13,call_logs,started_at,"timestamptz"
20260312160957_1c2e177f-fd8b-4dde-a76c-1bfe63f5220c.sql,14,call_logs,ended_at,"timestamptz"
20260312160957_1c2e177f-fd8b-4dde-a76c-1bfe63f5220c.sql,15,call_logs,duration_seconds,"integer"
20260312160957_1c2e177f-fd8b-4dde-a76c-1bfe63f5220c.sql,16,call_logs,ended_by,"text"
20260312160957_1c2e177f-fd8b-4dde-a76c-1bfe63f5220c.sql,17,call_logs,created_at,"timestamptz"
20260312182024_f0adf3f1-dce7-4429-8397-8c7c759923cb.sql,9,conversation_preferences,id,"uuid"
20260312182024_f0adf3f1-dce7-4429-8397-8c7c759923cb.sql,10,conversation_preferences,user_id,"uuid"
20260312182024_f0adf3f1-dce7-4429-8397-8c7c759923cb.sql,11,conversation_preferences,context_id,"text"
20260312182024_f0adf3f1-dce7-4429-8397-8c7c759923cb.sql,12,conversation_preferences,muted,"boolean"
20260312182024_f0adf3f1-dce7-4429-8397-8c7c759923cb.sql,13,conversation_preferences,archived,"boolean"
20260312182024_f0adf3f1-dce7-4429-8397-8c7c759923cb.sql,14,conversation_preferences,created_at,"timestamptz"
20260312182024_f0adf3f1-dce7-4429-8397-8c7c759923cb.sql,15,conversation_preferences,updated_at,"timestamptz"
20260312182024_f0adf3f1-dce7-4429-8397-8c7c759923cb.sql,29,blocked_users,id,"uuid"
20260312182024_f0adf3f1-dce7-4429-8397-8c7c759923cb.sql,30,blocked_users,blocker_id,"uuid"
20260312182024_f0adf3f1-dce7-4429-8397-8c7c759923cb.sql,31,blocked_users,blocked_id,"uuid"
20260312182024_f0adf3f1-dce7-4429-8397-8c7c759923cb.sql,32,blocked_users,reason,"text"
20260312182024_f0adf3f1-dce7-4429-8397-8c7c759923cb.sql,33,blocked_users,created_at,"timestamptz"
20260312182024_f0adf3f1-dce7-4429-8397-8c7c759923cb.sql,47,user_reports,id,"uuid"
20260312182024_f0adf3f1-dce7-4429-8397-8c7c759923cb.sql,48,user_reports,reporter_id,"uuid"
20260312182024_f0adf3f1-dce7-4429-8397-8c7c759923cb.sql,49,user_reports,reported_user_id,"uuid"
20260312182024_f0adf3f1-dce7-4429-8397-8c7c759923cb.sql,50,user_reports,reason,"text"
20260312182024_f0adf3f1-dce7-4429-8397-8c7c759923cb.sql,51,user_reports,context_id,"text"
20260312182024_f0adf3f1-dce7-4429-8397-8c7c759923cb.sql,52,user_reports,message_id,"uuid"
20260312182024_f0adf3f1-dce7-4429-8397-8c7c759923cb.sql,53,user_reports,status,"text"
20260312182024_f0adf3f1-dce7-4429-8397-8c7c759923cb.sql,54,user_reports,created_at,"timestamptz"
20260312211700_fbe614d5-4719-485b-9a04-e79059dad8e2.sql,17,deal_rooms,id,"uuid"
20260312211700_fbe614d5-4719-485b-9a04-e79059dad8e2.sql,18,deal_rooms,thread_id,"uuid"
20260312211700_fbe614d5-4719-485b-9a04-e79059dad8e2.sql,19,deal_rooms,org_id,"uuid"
20260312211700_fbe614d5-4719-485b-9a04-e79059dad8e2.sql,20,deal_rooms,buyer_id,"uuid"
20260312211700_fbe614d5-4719-485b-9a04-e79059dad8e2.sql,21,deal_rooms,seller_id,"uuid"
20260312211700_fbe614d5-4719-485b-9a04-e79059dad8e2.sql,22,deal_rooms,context_type,"text"
20260312211700_fbe614d5-4719-485b-9a04-e79059dad8e2.sql,23,deal_rooms,context_id,"text"
20260312211700_fbe614d5-4719-485b-9a04-e79059dad8e2.sql,24,deal_rooms,context_title,"text"
20260312211700_fbe614d5-4719-485b-9a04-e79059dad8e2.sql,25,deal_rooms,status,"deal_status"
20260312211700_fbe614d5-4719-485b-9a04-e79059dad8e2.sql,26,deal_rooms,current_offer_amount,"numeric"
20260312211700_fbe614d5-4719-485b-9a04-e79059dad8e2.sql,27,deal_rooms,current_offer_currency,"text"
20260312211700_fbe614d5-4719-485b-9a04-e79059dad8e2.sql,28,deal_rooms,counter_offer_amount,"numeric"
20260312211700_fbe614d5-4719-485b-9a04-e79059dad8e2.sql,29,deal_rooms,accepted_amount,"numeric"
20260312211700_fbe614d5-4719-485b-9a04-e79059dad8e2.sql,30,deal_rooms,booking_id,"uuid"
20260312211700_fbe614d5-4719-485b-9a04-e79059dad8e2.sql,31,deal_rooms,notes,"text"
20260312211700_fbe614d5-4719-485b-9a04-e79059dad8e2.sql,32,deal_rooms,metadata_json,"jsonb"
20260312211700_fbe614d5-4719-485b-9a04-e79059dad8e2.sql,33,deal_rooms,created_at,"timestamptz"
20260312211700_fbe614d5-4719-485b-9a04-e79059dad8e2.sql,34,deal_rooms,updated_at,"timestamptz"
20260312211700_fbe614d5-4719-485b-9a04-e79059dad8e2.sql,62,deal_events,id,"uuid"
20260312211700_fbe614d5-4719-485b-9a04-e79059dad8e2.sql,63,deal_events,deal_id,"uuid"
20260312211700_fbe614d5-4719-485b-9a04-e79059dad8e2.sql,64,deal_events,event_type,"text"
20260312211700_fbe614d5-4719-485b-9a04-e79059dad8e2.sql,65,deal_events,actor_id,"uuid"
20260312211700_fbe614d5-4719-485b-9a04-e79059dad8e2.sql,66,deal_events,actor_role,"text"
20260312211700_fbe614d5-4719-485b-9a04-e79059dad8e2.sql,67,deal_events,data_json,"jsonb"
20260312211700_fbe614d5-4719-485b-9a04-e79059dad8e2.sql,68,deal_events,created_at,"timestamptz"
20260313032100_a47c91bb-7584-46a6-8c99-3124bcefebbf.sql,4,user_presence,user_id,"uuid"
20260313032100_a47c91bb-7584-46a6-8c99-3124bcefebbf.sql,5,user_presence,status,"text"
20260313032100_a47c91bb-7584-46a6-8c99-3124bcefebbf.sql,6,user_presence,last_seen_at,"timestamptz"
20260313032100_a47c91bb-7584-46a6-8c99-3124bcefebbf.sql,7,user_presence,updated_at,"timestamptz"
20260313032100_a47c91bb-7584-46a6-8c99-3124bcefebbf.sql,8,user_presence,device_type,"text"
20260313032100_a47c91bb-7584-46a6-8c99-3124bcefebbf.sql,9,user_presence,custom_status,"text"
20260313032100_a47c91bb-7584-46a6-8c99-3124bcefebbf.sql,30,payment_requests,id,"uuid"
20260313032100_a47c91bb-7584-46a6-8c99-3124bcefebbf.sql,31,payment_requests,org_id,"uuid"
20260313032100_a47c91bb-7584-46a6-8c99-3124bcefebbf.sql,32,payment_requests,sender_id,"uuid"
20260313032100_a47c91bb-7584-46a6-8c99-3124bcefebbf.sql,33,payment_requests,recipient_email,"text"
20260313032100_a47c91bb-7584-46a6-8c99-3124bcefebbf.sql,34,payment_requests,recipient_name,"text"
20260313032100_a47c91bb-7584-46a6-8c99-3124bcefebbf.sql,35,payment_requests,amount,"numeric"
20260313032100_a47c91bb-7584-46a6-8c99-3124bcefebbf.sql,36,payment_requests,currency,"text"
20260313032100_a47c91bb-7584-46a6-8c99-3124bcefebbf.sql,37,payment_requests,description,"text"
20260313032100_a47c91bb-7584-46a6-8c99-3124bcefebbf.sql,38,payment_requests,status,"text"
20260313032100_a47c91bb-7584-46a6-8c99-3124bcefebbf.sql,39,payment_requests,context_type,"text"
20260313032100_a47c91bb-7584-46a6-8c99-3124bcefebbf.sql,40,payment_requests,context_id,"text"
20260313032100_a47c91bb-7584-46a6-8c99-3124bcefebbf.sql,41,payment_requests,thread_id,"text"
20260313032100_a47c91bb-7584-46a6-8c99-3124bcefebbf.sql,42,payment_requests,stripe_payment_intent_id,"text"
20260313032100_a47c91bb-7584-46a6-8c99-3124bcefebbf.sql,43,payment_requests,stripe_payment_link,"text"
20260313032100_a47c91bb-7584-46a6-8c99-3124bcefebbf.sql,44,payment_requests,paid_at,"timestamptz"
20260313032100_a47c91bb-7584-46a6-8c99-3124bcefebbf.sql,45,payment_requests,created_at,"timestamptz"
20260313032100_a47c91bb-7584-46a6-8c99-3124bcefebbf.sql,46,payment_requests,updated_at,"timestamptz"
20260313032100_a47c91bb-7584-46a6-8c99-3124bcefebbf.sql,61,contacts,id,"uuid"
20260313032100_a47c91bb-7584-46a6-8c99-3124bcefebbf.sql,62,contacts,owner_id,"uuid"
20260313032100_a47c91bb-7584-46a6-8c99-3124bcefebbf.sql,63,contacts,contact_user_id,"uuid"
20260313032100_a47c91bb-7584-46a6-8c99-3124bcefebbf.sql,64,contacts,name,"text"
20260313032100_a47c91bb-7584-46a6-8c99-3124bcefebbf.sql,65,contacts,email,"text"
20260313032100_a47c91bb-7584-46a6-8c99-3124bcefebbf.sql,66,contacts,phone,"text"
20260313032100_a47c91bb-7584-46a6-8c99-3124bcefebbf.sql,67,contacts,company,"text"
20260313032100_a47c91bb-7584-46a6-8c99-3124bcefebbf.sql,68,contacts,category,"text"
20260313032100_a47c91bb-7584-46a6-8c99-3124bcefebbf.sql,69,contacts,is_favorite,"boolean"
20260313032100_a47c91bb-7584-46a6-8c99-3124bcefebbf.sql,70,contacts,notes,"text"
20260313032100_a47c91bb-7584-46a6-8c99-3124bcefebbf.sql,71,contacts,avatar_url,"text"
20260313032100_a47c91bb-7584-46a6-8c99-3124bcefebbf.sql,72,contacts,org_id,"uuid"
20260313032100_a47c91bb-7584-46a6-8c99-3124bcefebbf.sql,73,contacts,last_contacted_at,"timestamptz"
20260313032100_a47c91bb-7584-46a6-8c99-3124bcefebbf.sql,74,contacts,created_at,"timestamptz"
20260313032100_a47c91bb-7584-46a6-8c99-3124bcefebbf.sql,75,contacts,updated_at,"timestamptz"
20260313035134_0f99d850-ffe6-4f5b-9f06-ea508a6af7bf.sql,4,groups,id,"uuid"
20260313035134_0f99d850-ffe6-4f5b-9f06-ea508a6af7bf.sql,5,groups,org_id,"uuid"
20260313035134_0f99d850-ffe6-4f5b-9f06-ea508a6af7bf.sql,6,groups,name,"text"
20260313035134_0f99d850-ffe6-4f5b-9f06-ea508a6af7bf.sql,7,groups,description,"text"
20260313035134_0f99d850-ffe6-4f5b-9f06-ea508a6af7bf.sql,8,groups,photo_url,"text"
20260313035134_0f99d850-ffe6-4f5b-9f06-ea508a6af7bf.sql,9,groups,created_by,"uuid"
20260313035134_0f99d850-ffe6-4f5b-9f06-ea508a6af7bf.sql,10,groups,created_at,"timestamptz"
20260313035134_0f99d850-ffe6-4f5b-9f06-ea508a6af7bf.sql,11,groups,updated_at,"timestamptz"
20260313035134_0f99d850-ffe6-4f5b-9f06-ea508a6af7bf.sql,16,group_members,id,"uuid"
20260313035134_0f99d850-ffe6-4f5b-9f06-ea508a6af7bf.sql,17,group_members,group_id,"uuid"
20260313035134_0f99d850-ffe6-4f5b-9f06-ea508a6af7bf.sql,18,group_members,user_id,"uuid"
20260313035134_0f99d850-ffe6-4f5b-9f06-ea508a6af7bf.sql,19,group_members,role,"text"
20260313035134_0f99d850-ffe6-4f5b-9f06-ea508a6af7bf.sql,20,group_members,joined_at,"timestamptz"
20260313035134_0f99d850-ffe6-4f5b-9f06-ea508a6af7bf.sql,26,group_messages,id,"uuid"
20260313035134_0f99d850-ffe6-4f5b-9f06-ea508a6af7bf.sql,27,group_messages,group_id,"uuid"
20260313035134_0f99d850-ffe6-4f5b-9f06-ea508a6af7bf.sql,28,group_messages,sender_id,"uuid"
20260313035134_0f99d850-ffe6-4f5b-9f06-ea508a6af7bf.sql,29,group_messages,content,"text"
20260313035134_0f99d850-ffe6-4f5b-9f06-ea508a6af7bf.sql,30,group_messages,attachment_url,"text"
20260313035134_0f99d850-ffe6-4f5b-9f06-ea508a6af7bf.sql,31,group_messages,created_at,"timestamptz"
20260313060615_40aa8352-2333-4fd8-ba00-bb344f5138bd.sql,6,user_key_bundles,id,"uuid"
20260313060615_40aa8352-2333-4fd8-ba00-bb344f5138bd.sql,7,user_key_bundles,user_id,"uuid"
20260313060615_40aa8352-2333-4fd8-ba00-bb344f5138bd.sql,8,user_key_bundles,identity_public_key,"text"
20260313060615_40aa8352-2333-4fd8-ba00-bb344f5138bd.sql,9,user_key_bundles,signed_pre_key,"text"
20260313060615_40aa8352-2333-4fd8-ba00-bb344f5138bd.sql,10,user_key_bundles,one_time_pre_keys,"jsonb"
20260313060615_40aa8352-2333-4fd8-ba00-bb344f5138bd.sql,11,user_key_bundles,created_at,"timestamptz"
20260313060615_40aa8352-2333-4fd8-ba00-bb344f5138bd.sql,12,user_key_bundles,updated_at,"timestamptz"
20260313060615_40aa8352-2333-4fd8-ba00-bb344f5138bd.sql,27,user_sessions,id,"uuid"
20260313060615_40aa8352-2333-4fd8-ba00-bb344f5138bd.sql,28,user_sessions,user_id,"uuid"
20260313060615_40aa8352-2333-4fd8-ba00-bb344f5138bd.sql,29,user_sessions,device_fingerprint,"text"
20260313060615_40aa8352-2333-4fd8-ba00-bb344f5138bd.sql,30,user_sessions,device_label,"text"
20260313060615_40aa8352-2333-4fd8-ba00-bb344f5138bd.sql,31,user_sessions,browser,"text"
20260313060615_40aa8352-2333-4fd8-ba00-bb344f5138bd.sql,32,user_sessions,os,"text"
20260313060615_40aa8352-2333-4fd8-ba00-bb344f5138bd.sql,33,user_sessions,is_current,"boolean"
20260313060615_40aa8352-2333-4fd8-ba00-bb344f5138bd.sql,34,user_sessions,last_active_at,"timestamptz"
20260313060615_40aa8352-2333-4fd8-ba00-bb344f5138bd.sql,35,user_sessions,created_at,"timestamptz"
20260313060615_40aa8352-2333-4fd8-ba00-bb344f5138bd.sql,48,login_events,id,"uuid"
20260313060615_40aa8352-2333-4fd8-ba00-bb344f5138bd.sql,49,login_events,user_id,"uuid"
20260313060615_40aa8352-2333-4fd8-ba00-bb344f5138bd.sql,50,login_events,device_fingerprint,"text"
20260313060615_40aa8352-2333-4fd8-ba00-bb344f5138bd.sql,51,login_events,device_label,"text"
20260313060615_40aa8352-2333-4fd8-ba00-bb344f5138bd.sql,52,login_events,is_new_device,"boolean"
20260313060615_40aa8352-2333-4fd8-ba00-bb344f5138bd.sql,53,login_events,event_type,"text"
20260313060615_40aa8352-2333-4fd8-ba00-bb344f5138bd.sql,54,login_events,created_at,"timestamptz"
20260314064641_ee7397c1-011c-4d37-a8c2-de008613d1a9.sql,4,wallet_balances,id,"uuid"
20260314064641_ee7397c1-011c-4d37-a8c2-de008613d1a9.sql,5,wallet_balances,user_id,"uuid"
20260314064641_ee7397c1-011c-4d37-a8c2-de008613d1a9.sql,6,wallet_balances,balance,"numeric"
20260314064641_ee7397c1-011c-4d37-a8c2-de008613d1a9.sql,7,wallet_balances,currency,"text"
20260314064641_ee7397c1-011c-4d37-a8c2-de008613d1a9.sql,8,wallet_balances,frozen_balance,"numeric"
20260314064641_ee7397c1-011c-4d37-a8c2-de008613d1a9.sql,9,wallet_balances,updated_at,"timestamptz"
20260314064641_ee7397c1-011c-4d37-a8c2-de008613d1a9.sql,10,wallet_balances,created_at,"timestamptz"
20260314064641_ee7397c1-011c-4d37-a8c2-de008613d1a9.sql,16,wallet_transactions,id,"uuid"
20260314064641_ee7397c1-011c-4d37-a8c2-de008613d1a9.sql,17,wallet_transactions,user_id,"uuid"
20260314064641_ee7397c1-011c-4d37-a8c2-de008613d1a9.sql,18,wallet_transactions,counterpart_user_id,"uuid"
20260314064641_ee7397c1-011c-4d37-a8c2-de008613d1a9.sql,19,wallet_transactions,type,"text"
20260314064641_ee7397c1-011c-4d37-a8c2-de008613d1a9.sql,20,wallet_transactions,direction,"text"
20260314064641_ee7397c1-011c-4d37-a8c2-de008613d1a9.sql,21,wallet_transactions,amount,"numeric"
20260314064641_ee7397c1-011c-4d37-a8c2-de008613d1a9.sql,22,wallet_transactions,currency,"text"
20260314064641_ee7397c1-011c-4d37-a8c2-de008613d1a9.sql,23,wallet_transactions,description,"text"
20260314064641_ee7397c1-011c-4d37-a8c2-de008613d1a9.sql,24,wallet_transactions,status,"text"
20260314064641_ee7397c1-011c-4d37-a8c2-de008613d1a9.sql,25,wallet_transactions,reference_type,"text"
20260314064641_ee7397c1-011c-4d37-a8c2-de008613d1a9.sql,26,wallet_transactions,reference_id,"text"
20260314064641_ee7397c1-011c-4d37-a8c2-de008613d1a9.sql,27,wallet_transactions,thread_id,"uuid"
20260314064641_ee7397c1-011c-4d37-a8c2-de008613d1a9.sql,28,wallet_transactions,metadata_json,"jsonb"
20260314064641_ee7397c1-011c-4d37-a8c2-de008613d1a9.sql,29,wallet_transactions,created_at,"timestamptz"
20260314072748_2e0cde1c-c7e8-4293-9932-98b593bc9cd5.sql,13,fx_rates_cache,id,"uuid"
20260314072748_2e0cde1c-c7e8-4293-9932-98b593bc9cd5.sql,14,fx_rates_cache,base_currency,"text"
20260314072748_2e0cde1c-c7e8-4293-9932-98b593bc9cd5.sql,15,fx_rates_cache,rates_json,"jsonb"
20260314072748_2e0cde1c-c7e8-4293-9932-98b593bc9cd5.sql,16,fx_rates_cache,source,"text"
20260314072748_2e0cde1c-c7e8-4293-9932-98b593bc9cd5.sql,17,fx_rates_cache,fetched_at,"timestamptz"
20260314072748_2e0cde1c-c7e8-4293-9932-98b593bc9cd5.sql,18,fx_rates_cache,expires_at,"timestamptz"
20260314075311_eb91f8b6-5091-4074-ac41-195a34cc957a.sql,4,payment_nonces,nonce,"text"
20260314075311_eb91f8b6-5091-4074-ac41-195a34cc957a.sql,5,payment_nonces,user_id,"uuid"
20260314075311_eb91f8b6-5091-4074-ac41-195a34cc957a.sql,6,payment_nonces,used_at,"timestamptz"
20260314075311_eb91f8b6-5091-4074-ac41-195a34cc957a.sql,7,payment_nonces,payload_json,"jsonb"
20260314102140_21f99788-70a4-4ee8-8e69-235027d09d09.sql,4,live_trackings,id,"uuid"
20260314102140_21f99788-70a4-4ee8-8e69-235027d09d09.sql,5,live_trackings,org_id,"uuid"
20260314102140_21f99788-70a4-4ee8-8e69-235027d09d09.sql,6,live_trackings,tracker_user_id,"uuid"
20260314102140_21f99788-70a4-4ee8-8e69-235027d09d09.sql,7,live_trackings,viewer_user_id,"uuid"
20260314102140_21f99788-70a4-4ee8-8e69-235027d09d09.sql,8,live_trackings,context_type,"text"
20260314102140_21f99788-70a4-4ee8-8e69-235027d09d09.sql,9,live_trackings,context_id,"text"
20260314102140_21f99788-70a4-4ee8-8e69-235027d09d09.sql,10,live_trackings,context_label,"text"
20260314102140_21f99788-70a4-4ee8-8e69-235027d09d09.sql,11,live_trackings,status,"text"
20260314102140_21f99788-70a4-4ee8-8e69-235027d09d09.sql,12,live_trackings,current_lat,"double"
20260314102140_21f99788-70a4-4ee8-8e69-235027d09d09.sql,13,live_trackings,current_lng,"double"
20260314102140_21f99788-70a4-4ee8-8e69-235027d09d09.sql,14,live_trackings,destination_lat,"double"
20260314102140_21f99788-70a4-4ee8-8e69-235027d09d09.sql,15,live_trackings,destination_lng,"double"
20260314102140_21f99788-70a4-4ee8-8e69-235027d09d09.sql,16,live_trackings,origin_lat,"double"
20260314102140_21f99788-70a4-4ee8-8e69-235027d09d09.sql,17,live_trackings,origin_lng,"double"
20260314102140_21f99788-70a4-4ee8-8e69-235027d09d09.sql,18,live_trackings,eta_minutes,"integer"
20260314102140_21f99788-70a4-4ee8-8e69-235027d09d09.sql,19,live_trackings,route_polyline,"text"
20260314102140_21f99788-70a4-4ee8-8e69-235027d09d09.sql,20,live_trackings,speed_kmh,"double"
20260314102140_21f99788-70a4-4ee8-8e69-235027d09d09.sql,21,live_trackings,heading,"double"
20260314102140_21f99788-70a4-4ee8-8e69-235027d09d09.sql,22,live_trackings,last_position_at,"timestamptz"
20260314102140_21f99788-70a4-4ee8-8e69-235027d09d09.sql,23,live_trackings,started_at,"timestamptz"
20260314102140_21f99788-70a4-4ee8-8e69-235027d09d09.sql,24,live_trackings,completed_at,"timestamptz"
20260314102140_21f99788-70a4-4ee8-8e69-235027d09d09.sql,25,live_trackings,metadata_json,"jsonb"
20260314102140_21f99788-70a4-4ee8-8e69-235027d09d09.sql,26,live_trackings,created_at,"timestamptz"
20260314102140_21f99788-70a4-4ee8-8e69-235027d09d09.sql,27,live_trackings,updated_at,"timestamptz"
20260316021248_4101650f-3913-4ac1-b0aa-30f6795c68e1.sql,6,tracking_sessions,id,"uuid"
20260316021248_4101650f-3913-4ac1-b0aa-30f6795c68e1.sql,7,tracking_sessions,org_id,"uuid"
20260316021248_4101650f-3913-4ac1-b0aa-30f6795c68e1.sql,8,tracking_sessions,tracker_user_id,"uuid"
20260316021248_4101650f-3913-4ac1-b0aa-30f6795c68e1.sql,9,tracking_sessions,context_type,"text"
20260316021248_4101650f-3913-4ac1-b0aa-30f6795c68e1.sql,10,tracking_sessions,context_id,"text"
20260316021248_4101650f-3913-4ac1-b0aa-30f6795c68e1.sql,11,tracking_sessions,context_label,"text"
20260316021248_4101650f-3913-4ac1-b0aa-30f6795c68e1.sql,12,tracking_sessions,status,"text"
20260316021248_4101650f-3913-4ac1-b0aa-30f6795c68e1.sql,13,tracking_sessions,current_lat,"double"
20260316021248_4101650f-3913-4ac1-b0aa-30f6795c68e1.sql,14,tracking_sessions,current_lng,"double"
20260316021248_4101650f-3913-4ac1-b0aa-30f6795c68e1.sql,15,tracking_sessions,destination_lat,"double"
20260316021248_4101650f-3913-4ac1-b0aa-30f6795c68e1.sql,16,tracking_sessions,destination_lng,"double"
20260316021248_4101650f-3913-4ac1-b0aa-30f6795c68e1.sql,17,tracking_sessions,destination_label,"text"
20260316021248_4101650f-3913-4ac1-b0aa-30f6795c68e1.sql,18,tracking_sessions,eta_minutes,"integer"
20260316021248_4101650f-3913-4ac1-b0aa-30f6795c68e1.sql,19,tracking_sessions,started_at,"timestamptz"
20260316021248_4101650f-3913-4ac1-b0aa-30f6795c68e1.sql,20,tracking_sessions,arrived_at,"timestamptz"
20260316021248_4101650f-3913-4ac1-b0aa-30f6795c68e1.sql,21,tracking_sessions,completed_at,"timestamptz"
20260316021248_4101650f-3913-4ac1-b0aa-30f6795c68e1.sql,22,tracking_sessions,route_polyline,"text"
20260316021248_4101650f-3913-4ac1-b0aa-30f6795c68e1.sql,23,tracking_sessions,metadata_json,"jsonb"
20260316021248_4101650f-3913-4ac1-b0aa-30f6795c68e1.sql,24,tracking_sessions,created_at,"timestamptz"
20260316021248_4101650f-3913-4ac1-b0aa-30f6795c68e1.sql,25,tracking_sessions,updated_at,"timestamptz"
20260316021248_4101650f-3913-4ac1-b0aa-30f6795c68e1.sql,36,tracking_positions,id,"uuid"
20260316021248_4101650f-3913-4ac1-b0aa-30f6795c68e1.sql,37,tracking_positions,session_id,"uuid"
20260316021248_4101650f-3913-4ac1-b0aa-30f6795c68e1.sql,38,tracking_positions,lat,"double"
20260316021248_4101650f-3913-4ac1-b0aa-30f6795c68e1.sql,39,tracking_positions,lng,"double"
20260316021248_4101650f-3913-4ac1-b0aa-30f6795c68e1.sql,40,tracking_positions,speed_kmh,"double"
20260316021248_4101650f-3913-4ac1-b0aa-30f6795c68e1.sql,41,tracking_positions,heading,"double"
20260316021248_4101650f-3913-4ac1-b0aa-30f6795c68e1.sql,42,tracking_positions,accuracy_m,"double"
20260316021248_4101650f-3913-4ac1-b0aa-30f6795c68e1.sql,43,tracking_positions,recorded_at,"timestamptz"
20260316062442_bd02b20c-ffa2-48da-a8a8-0b468bd78d84.sql,8,driver_sessions,id,"uuid"
20260316062442_bd02b20c-ffa2-48da-a8a8-0b468bd78d84.sql,9,driver_sessions,user_id,"uuid"
20260316062442_bd02b20c-ffa2-48da-a8a8-0b468bd78d84.sql,10,driver_sessions,org_id,"uuid"
20260316062442_bd02b20c-ffa2-48da-a8a8-0b468bd78d84.sql,11,driver_sessions,status,"text"
20260316062442_bd02b20c-ffa2-48da-a8a8-0b468bd78d84.sql,12,driver_sessions,vehicle_type,"text"
20260316062442_bd02b20c-ffa2-48da-a8a8-0b468bd78d84.sql,13,driver_sessions,lat,"double"
20260316062442_bd02b20c-ffa2-48da-a8a8-0b468bd78d84.sql,14,driver_sessions,lng,"double"
20260316062442_bd02b20c-ffa2-48da-a8a8-0b468bd78d84.sql,15,driver_sessions,max_distance_km,"double"
20260316062442_bd02b20c-ffa2-48da-a8a8-0b468bd78d84.sql,16,driver_sessions,current_job_id,"uuid"
20260316062442_bd02b20c-ffa2-48da-a8a8-0b468bd78d84.sql,17,driver_sessions,online_since,"timestamptz"
20260316062442_bd02b20c-ffa2-48da-a8a8-0b468bd78d84.sql,18,driver_sessions,last_heartbeat_at,"timestamptz"
20260316062442_bd02b20c-ffa2-48da-a8a8-0b468bd78d84.sql,19,driver_sessions,total_completed,"integer"
20260316062442_bd02b20c-ffa2-48da-a8a8-0b468bd78d84.sql,20,driver_sessions,total_cancelled,"integer"
20260316062442_bd02b20c-ffa2-48da-a8a8-0b468bd78d84.sql,21,driver_sessions,acceptance_rate,"numeric(3,2)"
20260316062442_bd02b20c-ffa2-48da-a8a8-0b468bd78d84.sql,22,driver_sessions,avg_rating,"numeric(2,1)"
20260316062442_bd02b20c-ffa2-48da-a8a8-0b468bd78d84.sql,23,driver_sessions,created_at,"timestamptz"
20260316062442_bd02b20c-ffa2-48da-a8a8-0b468bd78d84.sql,24,driver_sessions,updated_at,"timestamptz"
20260316062442_bd02b20c-ffa2-48da-a8a8-0b468bd78d84.sql,29,delivery_jobs,id,"uuid"
20260316062442_bd02b20c-ffa2-48da-a8a8-0b468bd78d84.sql,30,delivery_jobs,org_id,"uuid"
20260316062442_bd02b20c-ffa2-48da-a8a8-0b468bd78d84.sql,31,delivery_jobs,seller_id,"uuid"
20260316062442_bd02b20c-ffa2-48da-a8a8-0b468bd78d84.sql,32,delivery_jobs,order_id,"text"
20260316062442_bd02b20c-ffa2-48da-a8a8-0b468bd78d84.sql,33,delivery_jobs,status,"text"
20260316062442_bd02b20c-ffa2-48da-a8a8-0b468bd78d84.sql,34,delivery_jobs,priority,"text"
20260316062442_bd02b20c-ffa2-48da-a8a8-0b468bd78d84.sql,35,delivery_jobs,pickup_address,"text"
20260316062442_bd02b20c-ffa2-48da-a8a8-0b468bd78d84.sql,36,delivery_jobs,pickup_lat,"double"
20260316062442_bd02b20c-ffa2-48da-a8a8-0b468bd78d84.sql,37,delivery_jobs,pickup_lng,"double"
20260316062442_bd02b20c-ffa2-48da-a8a8-0b468bd78d84.sql,38,delivery_jobs,dropoff_address,"text"
20260316062442_bd02b20c-ffa2-48da-a8a8-0b468bd78d84.sql,39,delivery_jobs,dropoff_lat,"double"
20260316062442_bd02b20c-ffa2-48da-a8a8-0b468bd78d84.sql,40,delivery_jobs,dropoff_lng,"double"
20260316062442_bd02b20c-ffa2-48da-a8a8-0b468bd78d84.sql,41,delivery_jobs,package_description,"text"
20260316062442_bd02b20c-ffa2-48da-a8a8-0b468bd78d84.sql,42,delivery_jobs,weight_kg,"numeric(6,2)"
20260316062442_bd02b20c-ffa2-48da-a8a8-0b468bd78d84.sql,43,delivery_jobs,required_vehicles,"text[]"
20260316062442_bd02b20c-ffa2-48da-a8a8-0b468bd78d84.sql,44,delivery_jobs,delivery_fee,"numeric(10,2)"
20260316062442_bd02b20c-ffa2-48da-a8a8-0b468bd78d84.sql,45,delivery_jobs,currency,"text"
20260316062442_bd02b20c-ffa2-48da-a8a8-0b468bd78d84.sql,46,delivery_jobs,driver_id,"uuid"
20260316062442_bd02b20c-ffa2-48da-a8a8-0b468bd78d84.sql,47,delivery_jobs,assigned_at,"timestamptz"
20260316062442_bd02b20c-ffa2-48da-a8a8-0b468bd78d84.sql,48,delivery_jobs,accepted_at,"timestamptz"
20260316062442_bd02b20c-ffa2-48da-a8a8-0b468bd78d84.sql,49,delivery_jobs,picked_up_at,"timestamptz"
20260316062442_bd02b20c-ffa2-48da-a8a8-0b468bd78d84.sql,50,delivery_jobs,delivered_at,"timestamptz"
20260316062442_bd02b20c-ffa2-48da-a8a8-0b468bd78d84.sql,51,delivery_jobs,cancelled_at,"timestamptz"
20260316062442_bd02b20c-ffa2-48da-a8a8-0b468bd78d84.sql,52,delivery_jobs,cancelled_by,"uuid"
20260316062442_bd02b20c-ffa2-48da-a8a8-0b468bd78d84.sql,53,delivery_jobs,cancellation_reason,"text"
20260316062442_bd02b20c-ffa2-48da-a8a8-0b468bd78d84.sql,54,delivery_jobs,confirmation_code,"text"
20260316062442_bd02b20c-ffa2-48da-a8a8-0b468bd78d84.sql,55,delivery_jobs,photo_proof_url,"text"
20260316062442_bd02b20c-ffa2-48da-a8a8-0b468bd78d84.sql,56,delivery_jobs,reassignment_count,"integer"
20260316062442_bd02b20c-ffa2-48da-a8a8-0b468bd78d84.sql,57,delivery_jobs,notes,"text"
20260316062442_bd02b20c-ffa2-48da-a8a8-0b468bd78d84.sql,58,delivery_jobs,scheduled_at,"timestamptz"
20260316062442_bd02b20c-ffa2-48da-a8a8-0b468bd78d84.sql,59,delivery_jobs,created_at,"timestamptz"
20260316062442_bd02b20c-ffa2-48da-a8a8-0b468bd78d84.sql,60,delivery_jobs,updated_at,"timestamptz"
20260316062442_bd02b20c-ffa2-48da-a8a8-0b468bd78d84.sql,65,delivery_offers,id,"uuid"
20260316062442_bd02b20c-ffa2-48da-a8a8-0b468bd78d84.sql,66,delivery_offers,job_id,"uuid"
20260316062442_bd02b20c-ffa2-48da-a8a8-0b468bd78d84.sql,67,delivery_offers,driver_id,"uuid"
20260316062442_bd02b20c-ffa2-48da-a8a8-0b468bd78d84.sql,68,delivery_offers,org_id,"uuid"
20260316062442_bd02b20c-ffa2-48da-a8a8-0b468bd78d84.sql,69,delivery_offers,status,"text"
20260316062442_bd02b20c-ffa2-48da-a8a8-0b468bd78d84.sql,70,delivery_offers,proposed_fee,"numeric(10,2)"
20260316062442_bd02b20c-ffa2-48da-a8a8-0b468bd78d84.sql,71,delivery_offers,eta_minutes,"integer"
20260316062442_bd02b20c-ffa2-48da-a8a8-0b468bd78d84.sql,72,delivery_offers,distance_km,"numeric(6,2)"
20260316062442_bd02b20c-ffa2-48da-a8a8-0b468bd78d84.sql,73,delivery_offers,score,"integer"
20260316062442_bd02b20c-ffa2-48da-a8a8-0b468bd78d84.sql,74,delivery_offers,message,"text"
20260316062442_bd02b20c-ffa2-48da-a8a8-0b468bd78d84.sql,75,delivery_offers,created_at,"timestamptz"
20260316062442_bd02b20c-ffa2-48da-a8a8-0b468bd78d84.sql,76,delivery_offers,responded_at,"timestamptz"
20260316062442_bd02b20c-ffa2-48da-a8a8-0b468bd78d84.sql,82,delivery_ratings,id,"uuid"
20260316062442_bd02b20c-ffa2-48da-a8a8-0b468bd78d84.sql,83,delivery_ratings,job_id,"uuid"
20260316062442_bd02b20c-ffa2-48da-a8a8-0b468bd78d84.sql,84,delivery_ratings,driver_id,"uuid"
20260316062442_bd02b20c-ffa2-48da-a8a8-0b468bd78d84.sql,85,delivery_ratings,rated_by,"uuid"
20260316062442_bd02b20c-ffa2-48da-a8a8-0b468bd78d84.sql,86,delivery_ratings,rating,"integer"
20260316062442_bd02b20c-ffa2-48da-a8a8-0b468bd78d84.sql,87,delivery_ratings,categories,"text[]"
20260316062442_bd02b20c-ffa2-48da-a8a8-0b468bd78d84.sql,88,delivery_ratings,comment,"text"
20260316062442_bd02b20c-ffa2-48da-a8a8-0b468bd78d84.sql,89,delivery_ratings,created_at,"timestamptz"
20260316062442_bd02b20c-ffa2-48da-a8a8-0b468bd78d84.sql,95,delivery_disputes,id,"uuid"
20260316062442_bd02b20c-ffa2-48da-a8a8-0b468bd78d84.sql,96,delivery_disputes,job_id,"uuid"
20260316062442_bd02b20c-ffa2-48da-a8a8-0b468bd78d84.sql,97,delivery_disputes,org_id,"uuid"
20260316062442_bd02b20c-ffa2-48da-a8a8-0b468bd78d84.sql,98,delivery_disputes,raised_by,"uuid"
20260316062442_bd02b20c-ffa2-48da-a8a8-0b468bd78d84.sql,99,delivery_disputes,raised_by_role,"text"
20260316062442_bd02b20c-ffa2-48da-a8a8-0b468bd78d84.sql,100,delivery_disputes,reason,"text"
20260316062442_bd02b20c-ffa2-48da-a8a8-0b468bd78d84.sql,101,delivery_disputes,description,"text"
20260316062442_bd02b20c-ffa2-48da-a8a8-0b468bd78d84.sql,102,delivery_disputes,status,"text"
20260316062442_bd02b20c-ffa2-48da-a8a8-0b468bd78d84.sql,103,delivery_disputes,resolution,"text"
20260316062442_bd02b20c-ffa2-48da-a8a8-0b468bd78d84.sql,104,delivery_disputes,resolved_at,"timestamptz"
20260316062442_bd02b20c-ffa2-48da-a8a8-0b468bd78d84.sql,105,delivery_disputes,evidence_urls,"jsonb"
20260316062442_bd02b20c-ffa2-48da-a8a8-0b468bd78d84.sql,106,delivery_disputes,created_at,"timestamptz"
20260316070733_88ef73d5-3da6-4446-9c0a-019714db8e29.sql,4,escrow_payments,id,"uuid"
20260316070733_88ef73d5-3da6-4446-9c0a-019714db8e29.sql,5,escrow_payments,job_id,"uuid"
20260316070733_88ef73d5-3da6-4446-9c0a-019714db8e29.sql,6,escrow_payments,org_id,"uuid"
20260316070733_88ef73d5-3da6-4446-9c0a-019714db8e29.sql,7,escrow_payments,payer_id,"uuid"
20260316070733_88ef73d5-3da6-4446-9c0a-019714db8e29.sql,8,escrow_payments,payee_id,"uuid"
20260316070733_88ef73d5-3da6-4446-9c0a-019714db8e29.sql,9,escrow_payments,amount,"numeric"
20260316070733_88ef73d5-3da6-4446-9c0a-019714db8e29.sql,10,escrow_payments,currency,"text"
20260316070733_88ef73d5-3da6-4446-9c0a-019714db8e29.sql,11,escrow_payments,status,"text"
20260316070733_88ef73d5-3da6-4446-9c0a-019714db8e29.sql,12,escrow_payments,held_at,"timestamptz"
20260316070733_88ef73d5-3da6-4446-9c0a-019714db8e29.sql,13,escrow_payments,released_at,"timestamptz"
20260316070733_88ef73d5-3da6-4446-9c0a-019714db8e29.sql,14,escrow_payments,refunded_at,"timestamptz"
20260316070733_88ef73d5-3da6-4446-9c0a-019714db8e29.sql,15,escrow_payments,release_reason,"text"
20260316070733_88ef73d5-3da6-4446-9c0a-019714db8e29.sql,16,escrow_payments,refund_reason,"text"
20260316070733_88ef73d5-3da6-4446-9c0a-019714db8e29.sql,17,escrow_payments,metadata_json,"jsonb"
20260316070733_88ef73d5-3da6-4446-9c0a-019714db8e29.sql,18,escrow_payments,created_at,"timestamptz"
20260316070733_88ef73d5-3da6-4446-9c0a-019714db8e29.sql,19,escrow_payments,updated_at,"timestamptz"
20260316185624_944aa58d-c62c-470b-b110-2e9e1daffcf1.sql,8,storefront_pages,id,"uuid"
20260316185624_944aa58d-c62c-470b-b110-2e9e1daffcf1.sql,9,storefront_pages,org_id,"uuid"
20260316185624_944aa58d-c62c-470b-b110-2e9e1daffcf1.sql,10,storefront_pages,user_id,"uuid"
20260316185624_944aa58d-c62c-470b-b110-2e9e1daffcf1.sql,11,storefront_pages,slug,"text"
20260316185624_944aa58d-c62c-470b-b110-2e9e1daffcf1.sql,12,storefront_pages,name,"text"
20260316185624_944aa58d-c62c-470b-b110-2e9e1daffcf1.sql,13,storefront_pages,tagline,"text"
20260316185624_944aa58d-c62c-470b-b110-2e9e1daffcf1.sql,14,storefront_pages,description,"text"
20260316185624_944aa58d-c62c-470b-b110-2e9e1daffcf1.sql,15,storefront_pages,logo_url,"text"
20260316185624_944aa58d-c62c-470b-b110-2e9e1daffcf1.sql,16,storefront_pages,banner_url,"text"
20260316185624_944aa58d-c62c-470b-b110-2e9e1daffcf1.sql,17,storefront_pages,theme_color,"text"
20260316185624_944aa58d-c62c-470b-b110-2e9e1daffcf1.sql,18,storefront_pages,contact_email,"text"
20260316185624_944aa58d-c62c-470b-b110-2e9e1daffcf1.sql,19,storefront_pages,contact_phone,"text"
20260316185624_944aa58d-c62c-470b-b110-2e9e1daffcf1.sql,20,storefront_pages,contact_whatsapp,"text"
20260316185624_944aa58d-c62c-470b-b110-2e9e1daffcf1.sql,21,storefront_pages,contact_telegram,"text"
20260316185624_944aa58d-c62c-470b-b110-2e9e1daffcf1.sql,22,storefront_pages,country,"text"
20260316185624_944aa58d-c62c-470b-b110-2e9e1daffcf1.sql,23,storefront_pages,city,"text"
20260316185624_944aa58d-c62c-470b-b110-2e9e1daffcf1.sql,24,storefront_pages,address,"text"
20260316185624_944aa58d-c62c-470b-b110-2e9e1daffcf1.sql,25,storefront_pages,latitude,"numeric"
20260316185624_944aa58d-c62c-470b-b110-2e9e1daffcf1.sql,26,storefront_pages,longitude,"numeric"
20260316185624_944aa58d-c62c-470b-b110-2e9e1daffcf1.sql,27,storefront_pages,radius_km,"numeric"
20260316185624_944aa58d-c62c-470b-b110-2e9e1daffcf1.sql,28,storefront_pages,geo_scope,"text"
20260316185624_944aa58d-c62c-470b-b110-2e9e1daffcf1.sql,29,storefront_pages,shop_visibility,"text"
20260316185624_944aa58d-c62c-470b-b110-2e9e1daffcf1.sql,30,storefront_pages,scheduled_publish_at,"timestamptz"
20260316185624_944aa58d-c62c-470b-b110-2e9e1daffcf1.sql,31,storefront_pages,currency,"text"
20260316185624_944aa58d-c62c-470b-b110-2e9e1daffcf1.sql,32,storefront_pages,is_verified,"boolean"
20260316185624_944aa58d-c62c-470b-b110-2e9e1daffcf1.sql,33,storefront_pages,views_count,"integer"
20260316185624_944aa58d-c62c-470b-b110-2e9e1daffcf1.sql,34,storefront_pages,rating,"numeric"
20260316185624_944aa58d-c62c-470b-b110-2e9e1daffcf1.sql,35,storefront_pages,reviews_count,"integer"
20260316185624_944aa58d-c62c-470b-b110-2e9e1daffcf1.sql,36,storefront_pages,active,"boolean"
20260316185624_944aa58d-c62c-470b-b110-2e9e1daffcf1.sql,37,storefront_pages,created_at,"timestamptz"
20260316185624_944aa58d-c62c-470b-b110-2e9e1daffcf1.sql,38,storefront_pages,updated_at,"timestamptz"
20260316185624_944aa58d-c62c-470b-b110-2e9e1daffcf1.sql,54,storefront_catalog_categories,id,"uuid"
20260316185624_944aa58d-c62c-470b-b110-2e9e1daffcf1.sql,55,storefront_catalog_categories,shop_id,"uuid"
20260316185624_944aa58d-c62c-470b-b110-2e9e1daffcf1.sql,56,storefront_catalog_categories,name,"text"
20260316185624_944aa58d-c62c-470b-b110-2e9e1daffcf1.sql,57,storefront_catalog_categories,description,"text"
20260316185624_944aa58d-c62c-470b-b110-2e9e1daffcf1.sql,58,storefront_catalog_categories,sort_order,"integer"
20260316185624_944aa58d-c62c-470b-b110-2e9e1daffcf1.sql,59,storefront_catalog_categories,icon,"text"
20260316185624_944aa58d-c62c-470b-b110-2e9e1daffcf1.sql,60,storefront_catalog_categories,active,"boolean"
20260316185624_944aa58d-c62c-470b-b110-2e9e1daffcf1.sql,61,storefront_catalog_categories,created_at,"timestamptz"
20260316185624_944aa58d-c62c-470b-b110-2e9e1daffcf1.sql,81,catalog_items,id,"uuid"
20260316185624_944aa58d-c62c-470b-b110-2e9e1daffcf1.sql,82,catalog_items,shop_id,"uuid"
20260316185624_944aa58d-c62c-470b-b110-2e9e1daffcf1.sql,83,catalog_items,category_id,"uuid"
20260316185624_944aa58d-c62c-470b-b110-2e9e1daffcf1.sql,84,catalog_items,user_id,"uuid"
20260316185624_944aa58d-c62c-470b-b110-2e9e1daffcf1.sql,85,catalog_items,item_type,"text"
20260316185624_944aa58d-c62c-470b-b110-2e9e1daffcf1.sql,86,catalog_items,title,"text"
20260316185624_944aa58d-c62c-470b-b110-2e9e1daffcf1.sql,87,catalog_items,description,"text"
20260316185624_944aa58d-c62c-470b-b110-2e9e1daffcf1.sql,88,catalog_items,price,"numeric"
20260316185624_944aa58d-c62c-470b-b110-2e9e1daffcf1.sql,89,catalog_items,compare_at_price,"numeric"
20260316185624_944aa58d-c62c-470b-b110-2e9e1daffcf1.sql,90,catalog_items,currency,"text"
20260316185624_944aa58d-c62c-470b-b110-2e9e1daffcf1.sql,91,catalog_items,photo_url,"text"
20260316185624_944aa58d-c62c-470b-b110-2e9e1daffcf1.sql,92,catalog_items,photo_urls,"jsonb"
20260316185624_944aa58d-c62c-470b-b110-2e9e1daffcf1.sql,93,catalog_items,sku,"text"
20260316185624_944aa58d-c62c-470b-b110-2e9e1daffcf1.sql,94,catalog_items,stock_quantity,"integer"
20260316185624_944aa58d-c62c-470b-b110-2e9e1daffcf1.sql,95,catalog_items,track_inventory,"boolean"
20260316185624_944aa58d-c62c-470b-b110-2e9e1daffcf1.sql,96,catalog_items,available,"boolean"
20260316185624_944aa58d-c62c-470b-b110-2e9e1daffcf1.sql,97,catalog_items,sort_order,"integer"
20260316185624_944aa58d-c62c-470b-b110-2e9e1daffcf1.sql,98,catalog_items,tags,"text[]"
20260316185624_944aa58d-c62c-470b-b110-2e9e1daffcf1.sql,99,catalog_items,metadata_json,"jsonb"
20260316185624_944aa58d-c62c-470b-b110-2e9e1daffcf1.sql,100,catalog_items,created_at,"timestamptz"
20260316185624_944aa58d-c62c-470b-b110-2e9e1daffcf1.sql,101,catalog_items,updated_at,"timestamptz"
20260316185624_944aa58d-c62c-470b-b110-2e9e1daffcf1.sql,117,catalog_variants,id,"uuid"
20260316185624_944aa58d-c62c-470b-b110-2e9e1daffcf1.sql,118,catalog_variants,item_id,"uuid"
20260316185624_944aa58d-c62c-470b-b110-2e9e1daffcf1.sql,119,catalog_variants,name,"text"
20260316185624_944aa58d-c62c-470b-b110-2e9e1daffcf1.sql,120,catalog_variants,price_adjustment,"numeric"
20260316185624_944aa58d-c62c-470b-b110-2e9e1daffcf1.sql,121,catalog_variants,sku,"text"
20260316185624_944aa58d-c62c-470b-b110-2e9e1daffcf1.sql,122,catalog_variants,stock_quantity,"integer"
20260316185624_944aa58d-c62c-470b-b110-2e9e1daffcf1.sql,123,catalog_variants,available,"boolean"
20260316185624_944aa58d-c62c-470b-b110-2e9e1daffcf1.sql,124,catalog_variants,sort_order,"integer"
20260316185624_944aa58d-c62c-470b-b110-2e9e1daffcf1.sql,125,catalog_variants,created_at,"timestamptz"
20260316185624_944aa58d-c62c-470b-b110-2e9e1daffcf1.sql,145,storefront_carts,id,"uuid"
20260316185624_944aa58d-c62c-470b-b110-2e9e1daffcf1.sql,146,storefront_carts,shop_id,"uuid"
20260316185624_944aa58d-c62c-470b-b110-2e9e1daffcf1.sql,147,storefront_carts,user_id,"uuid"
20260316185624_944aa58d-c62c-470b-b110-2e9e1daffcf1.sql,148,storefront_carts,session_id,"text"
20260316185624_944aa58d-c62c-470b-b110-2e9e1daffcf1.sql,149,storefront_carts,status,"text"
20260316185624_944aa58d-c62c-470b-b110-2e9e1daffcf1.sql,150,storefront_carts,currency,"text"
20260316185624_944aa58d-c62c-470b-b110-2e9e1daffcf1.sql,151,storefront_carts,created_at,"timestamptz"
20260316185624_944aa58d-c62c-470b-b110-2e9e1daffcf1.sql,152,storefront_carts,updated_at,"timestamptz"
20260316185624_944aa58d-c62c-470b-b110-2e9e1daffcf1.sql,161,storefront_cart_items,id,"uuid"
20260316185624_944aa58d-c62c-470b-b110-2e9e1daffcf1.sql,162,storefront_cart_items,cart_id,"uuid"
20260316185624_944aa58d-c62c-470b-b110-2e9e1daffcf1.sql,163,storefront_cart_items,item_id,"uuid"
20260316185624_944aa58d-c62c-470b-b110-2e9e1daffcf1.sql,164,storefront_cart_items,variant_id,"uuid"
20260316185624_944aa58d-c62c-470b-b110-2e9e1daffcf1.sql,165,storefront_cart_items,quantity,"integer"
20260316185624_944aa58d-c62c-470b-b110-2e9e1daffcf1.sql,166,storefront_cart_items,unit_price,"numeric"
20260316185624_944aa58d-c62c-470b-b110-2e9e1daffcf1.sql,167,storefront_cart_items,created_at,"timestamptz"
20260316185624_944aa58d-c62c-470b-b110-2e9e1daffcf1.sql,181,storefront_orders,id,"uuid"
20260316185624_944aa58d-c62c-470b-b110-2e9e1daffcf1.sql,182,storefront_orders,shop_id,"uuid"
20260316185624_944aa58d-c62c-470b-b110-2e9e1daffcf1.sql,183,storefront_orders,seller_id,"uuid"
20260316185624_944aa58d-c62c-470b-b110-2e9e1daffcf1.sql,184,storefront_orders,buyer_id,"uuid"
20260316185624_944aa58d-c62c-470b-b110-2e9e1daffcf1.sql,185,storefront_orders,buyer_name,"text"
20260316185624_944aa58d-c62c-470b-b110-2e9e1daffcf1.sql,186,storefront_orders,buyer_email,"text"
20260316185624_944aa58d-c62c-470b-b110-2e9e1daffcf1.sql,187,storefront_orders,buyer_phone,"text"
20260316185624_944aa58d-c62c-470b-b110-2e9e1daffcf1.sql,188,storefront_orders,status,"text"
20260316185624_944aa58d-c62c-470b-b110-2e9e1daffcf1.sql,189,storefront_orders,payment_status,"text"
20260316185624_944aa58d-c62c-470b-b110-2e9e1daffcf1.sql,190,storefront_orders,payment_method,"text"
20260316185624_944aa58d-c62c-470b-b110-2e9e1daffcf1.sql,191,storefront_orders,subtotal,"numeric"
20260316185624_944aa58d-c62c-470b-b110-2e9e1daffcf1.sql,192,storefront_orders,delivery_fee,"numeric"
20260316185624_944aa58d-c62c-470b-b110-2e9e1daffcf1.sql,193,storefront_orders,total,"numeric"
20260316185624_944aa58d-c62c-470b-b110-2e9e1daffcf1.sql,194,storefront_orders,currency,"text"
20260316185624_944aa58d-c62c-470b-b110-2e9e1daffcf1.sql,195,storefront_orders,notes,"text"
20260316185624_944aa58d-c62c-470b-b110-2e9e1daffcf1.sql,196,storefront_orders,delivery_address,"text"
20260316185624_944aa58d-c62c-470b-b110-2e9e1daffcf1.sql,197,storefront_orders,delivery_lat,"numeric"
20260316185624_944aa58d-c62c-470b-b110-2e9e1daffcf1.sql,198,storefront_orders,delivery_lng,"numeric"
20260316185624_944aa58d-c62c-470b-b110-2e9e1daffcf1.sql,199,storefront_orders,deal_id,"uuid"
20260316185624_944aa58d-c62c-470b-b110-2e9e1daffcf1.sql,200,storefront_orders,stripe_session_id,"text"
20260316185624_944aa58d-c62c-470b-b110-2e9e1daffcf1.sql,201,storefront_orders,created_at,"timestamptz"
20260316185624_944aa58d-c62c-470b-b110-2e9e1daffcf1.sql,202,storefront_orders,updated_at,"timestamptz"
20260316185624_944aa58d-c62c-470b-b110-2e9e1daffcf1.sql,214,storefront_order_items,id,"uuid"
20260316185624_944aa58d-c62c-470b-b110-2e9e1daffcf1.sql,215,storefront_order_items,order_id,"uuid"
20260316185624_944aa58d-c62c-470b-b110-2e9e1daffcf1.sql,216,storefront_order_items,item_id,"uuid"
20260316185624_944aa58d-c62c-470b-b110-2e9e1daffcf1.sql,217,storefront_order_items,variant_id,"uuid"
20260316185624_944aa58d-c62c-470b-b110-2e9e1daffcf1.sql,218,storefront_order_items,title,"text"
20260316185624_944aa58d-c62c-470b-b110-2e9e1daffcf1.sql,219,storefront_order_items,quantity,"integer"
20260316185624_944aa58d-c62c-470b-b110-2e9e1daffcf1.sql,220,storefront_order_items,unit_price,"numeric"
20260316185624_944aa58d-c62c-470b-b110-2e9e1daffcf1.sql,221,storefront_order_items,total_price,"numeric"
20260316185624_944aa58d-c62c-470b-b110-2e9e1daffcf1.sql,222,storefront_order_items,created_at,"timestamptz"
20260316185624_944aa58d-c62c-470b-b110-2e9e1daffcf1.sql,241,storefront_access_invites,id,"uuid"
20260316185624_944aa58d-c62c-470b-b110-2e9e1daffcf1.sql,242,storefront_access_invites,shop_id,"uuid"
20260316185624_944aa58d-c62c-470b-b110-2e9e1daffcf1.sql,243,storefront_access_invites,email,"text"
20260316185624_944aa58d-c62c-470b-b110-2e9e1daffcf1.sql,244,storefront_access_invites,user_id,"uuid"
20260316185624_944aa58d-c62c-470b-b110-2e9e1daffcf1.sql,245,storefront_access_invites,invite_token,"text"
20260316185624_944aa58d-c62c-470b-b110-2e9e1daffcf1.sql,246,storefront_access_invites,expires_at,"timestamptz"
20260316185624_944aa58d-c62c-470b-b110-2e9e1daffcf1.sql,247,storefront_access_invites,accepted,"boolean"
20260316185624_944aa58d-c62c-470b-b110-2e9e1daffcf1.sql,248,storefront_access_invites,created_at,"timestamptz"
20260316185624_944aa58d-c62c-470b-b110-2e9e1daffcf1.sql,265,storefront_analytics_daily,id,"uuid"
20260316185624_944aa58d-c62c-470b-b110-2e9e1daffcf1.sql,266,storefront_analytics_daily,shop_id,"uuid"
20260316185624_944aa58d-c62c-470b-b110-2e9e1daffcf1.sql,267,storefront_analytics_daily,date,"date"
20260316185624_944aa58d-c62c-470b-b110-2e9e1daffcf1.sql,268,storefront_analytics_daily,views,"integer"
20260316185624_944aa58d-c62c-470b-b110-2e9e1daffcf1.sql,269,storefront_analytics_daily,visitors,"integer"
20260316185624_944aa58d-c62c-470b-b110-2e9e1daffcf1.sql,270,storefront_analytics_daily,orders,"integer"
20260316185624_944aa58d-c62c-470b-b110-2e9e1daffcf1.sql,271,storefront_analytics_daily,revenue,"numeric"
20260316185624_944aa58d-c62c-470b-b110-2e9e1daffcf1.sql,272,storefront_analytics_daily,conversion_rate,"numeric"
20260316185624_944aa58d-c62c-470b-b110-2e9e1daffcf1.sql,273,storefront_analytics_daily,currency,"text"
20260316185624_944aa58d-c62c-470b-b110-2e9e1daffcf1.sql,274,storefront_analytics_daily,created_at,"timestamptz"
20260316191031_fec75d01-262d-4500-9520-ed579fbde700.sql,26,ai_category_suggestions,id,"uuid"
20260316191031_fec75d01-262d-4500-9520-ed579fbde700.sql,27,ai_category_suggestions,shop_id,"uuid"
20260316191031_fec75d01-262d-4500-9520-ed579fbde700.sql,28,ai_category_suggestions,user_id,"uuid"
20260316191031_fec75d01-262d-4500-9520-ed579fbde700.sql,29,ai_category_suggestions,input_text,"text"
20260316191031_fec75d01-262d-4500-9520-ed579fbde700.sql,30,ai_category_suggestions,suggested_vertical,"text"
20260316191031_fec75d01-262d-4500-9520-ed579fbde700.sql,31,ai_category_suggestions,suggested_category,"text"
20260316191031_fec75d01-262d-4500-9520-ed579fbde700.sql,32,ai_category_suggestions,suggested_subcategory,"text"
20260316191031_fec75d01-262d-4500-9520-ed579fbde700.sql,33,ai_category_suggestions,suggested_tags,"text[]"
20260316191031_fec75d01-262d-4500-9520-ed579fbde700.sql,34,ai_category_suggestions,accepted,"boolean"
20260316191031_fec75d01-262d-4500-9520-ed579fbde700.sql,35,ai_category_suggestions,created_at,"timestamptz"
20260316191031_fec75d01-262d-4500-9520-ed579fbde700.sql,42,storefront_translations,id,"uuid"
20260316191031_fec75d01-262d-4500-9520-ed579fbde700.sql,43,storefront_translations,shop_id,"uuid"
20260316191031_fec75d01-262d-4500-9520-ed579fbde700.sql,44,storefront_translations,locale,"text"
20260316191031_fec75d01-262d-4500-9520-ed579fbde700.sql,45,storefront_translations,field_name,"text"
20260316191031_fec75d01-262d-4500-9520-ed579fbde700.sql,46,storefront_translations,field_value,"text"
20260316191031_fec75d01-262d-4500-9520-ed579fbde700.sql,47,storefront_translations,created_at,"timestamptz"
20260316191031_fec75d01-262d-4500-9520-ed579fbde700.sql,58,orbit_launch_audits,id,"uuid"
20260316191031_fec75d01-262d-4500-9520-ed579fbde700.sql,59,orbit_launch_audits,shop_id,"uuid"
20260316191031_fec75d01-262d-4500-9520-ed579fbde700.sql,60,orbit_launch_audits,user_id,"uuid"
20260316191031_fec75d01-262d-4500-9520-ed579fbde700.sql,61,orbit_launch_audits,catalog_ready,"boolean"
20260316191031_fec75d01-262d-4500-9520-ed579fbde700.sql,62,orbit_launch_audits,checkout_ready,"boolean"
20260316191031_fec75d01-262d-4500-9520-ed579fbde700.sql,63,orbit_launch_audits,geo_configured,"boolean"
20260316191031_fec75d01-262d-4500-9520-ed579fbde700.sql,64,orbit_launch_audits,translation_ready,"boolean"
20260316191031_fec75d01-262d-4500-9520-ed579fbde700.sql,65,orbit_launch_audits,share_ready,"boolean"
20260316191031_fec75d01-262d-4500-9520-ed579fbde700.sql,66,orbit_launch_audits,analytics_ready,"boolean"
20260316191031_fec75d01-262d-4500-9520-ed579fbde700.sql,67,orbit_launch_audits,overall_score,"integer"
20260316191031_fec75d01-262d-4500-9520-ed579fbde700.sql,68,orbit_launch_audits,checked_at,"timestamptz"
20260316191556_ced572e8-b8ed-4d36-b018-f48a4bb1ecda.sql,6,companies,id,"uuid"
20260316191556_ced572e8-b8ed-4d36-b018-f48a4bb1ecda.sql,7,companies,org_id,"uuid"
20260316191556_ced572e8-b8ed-4d36-b018-f48a4bb1ecda.sql,8,companies,user_id,"uuid"
20260316191556_ced572e8-b8ed-4d36-b018-f48a4bb1ecda.sql,9,companies,name,"text"
20260316191556_ced572e8-b8ed-4d36-b018-f48a4bb1ecda.sql,10,companies,description,"text"
20260316191556_ced572e8-b8ed-4d36-b018-f48a4bb1ecda.sql,11,companies,logo_url,"text"
20260316191556_ced572e8-b8ed-4d36-b018-f48a4bb1ecda.sql,12,companies,country,"text"
20260316191556_ced572e8-b8ed-4d36-b018-f48a4bb1ecda.sql,13,companies,city,"text"
20260316191556_ced572e8-b8ed-4d36-b018-f48a4bb1ecda.sql,14,companies,website,"text"
20260316191556_ced572e8-b8ed-4d36-b018-f48a4bb1ecda.sql,15,companies,created_at,"timestamptz"
20260316191556_ced572e8-b8ed-4d36-b018-f48a4bb1ecda.sql,16,companies,updated_at,"timestamptz"
20260316191556_ced572e8-b8ed-4d36-b018-f48a4bb1ecda.sql,24,brands,id,"uuid"
20260316191556_ced572e8-b8ed-4d36-b018-f48a4bb1ecda.sql,25,brands,company_id,"uuid"
20260316191556_ced572e8-b8ed-4d36-b018-f48a4bb1ecda.sql,26,brands,org_id,"uuid"
20260316191556_ced572e8-b8ed-4d36-b018-f48a4bb1ecda.sql,27,brands,user_id,"uuid"
20260316191556_ced572e8-b8ed-4d36-b018-f48a4bb1ecda.sql,28,brands,name,"text"
20260316191556_ced572e8-b8ed-4d36-b018-f48a4bb1ecda.sql,29,brands,description,"text"
20260316191556_ced572e8-b8ed-4d36-b018-f48a4bb1ecda.sql,30,brands,logo_url,"text"
20260316191556_ced572e8-b8ed-4d36-b018-f48a4bb1ecda.sql,31,brands,shop_id,"uuid"
20260316191556_ced572e8-b8ed-4d36-b018-f48a4bb1ecda.sql,32,brands,created_at,"timestamptz"
20260316191556_ced572e8-b8ed-4d36-b018-f48a4bb1ecda.sql,33,brands,updated_at,"timestamptz"
20260316191556_ced572e8-b8ed-4d36-b018-f48a4bb1ecda.sql,41,branches,id,"uuid"
20260316191556_ced572e8-b8ed-4d36-b018-f48a4bb1ecda.sql,42,branches,brand_id,"uuid"
20260316191556_ced572e8-b8ed-4d36-b018-f48a4bb1ecda.sql,43,branches,org_id,"uuid"
20260316191556_ced572e8-b8ed-4d36-b018-f48a4bb1ecda.sql,44,branches,user_id,"uuid"
20260316191556_ced572e8-b8ed-4d36-b018-f48a4bb1ecda.sql,45,branches,name,"text"
20260316191556_ced572e8-b8ed-4d36-b018-f48a4bb1ecda.sql,46,branches,address,"text"
20260316191556_ced572e8-b8ed-4d36-b018-f48a4bb1ecda.sql,47,branches,city,"text"
20260316191556_ced572e8-b8ed-4d36-b018-f48a4bb1ecda.sql,48,branches,country,"text"
20260316191556_ced572e8-b8ed-4d36-b018-f48a4bb1ecda.sql,49,branches,latitude,"double"
20260316191556_ced572e8-b8ed-4d36-b018-f48a4bb1ecda.sql,50,branches,longitude,"double"
20260316191556_ced572e8-b8ed-4d36-b018-f48a4bb1ecda.sql,51,branches,phone,"text"
20260316191556_ced572e8-b8ed-4d36-b018-f48a4bb1ecda.sql,52,branches,email,"text"
20260316191556_ced572e8-b8ed-4d36-b018-f48a4bb1ecda.sql,53,branches,shop_id,"uuid"
20260316191556_ced572e8-b8ed-4d36-b018-f48a4bb1ecda.sql,54,branches,active,"boolean"
20260316191556_ced572e8-b8ed-4d36-b018-f48a4bb1ecda.sql,55,branches,created_at,"timestamptz"
20260316191556_ced572e8-b8ed-4d36-b018-f48a4bb1ecda.sql,56,branches,updated_at,"timestamptz"
20260316191556_ced572e8-b8ed-4d36-b018-f48a4bb1ecda.sql,65,verticals,id,"uuid"
20260316191556_ced572e8-b8ed-4d36-b018-f48a4bb1ecda.sql,66,verticals,slug,"text"
20260316191556_ced572e8-b8ed-4d36-b018-f48a4bb1ecda.sql,67,verticals,name,"text"
20260316191556_ced572e8-b8ed-4d36-b018-f48a4bb1ecda.sql,68,verticals,icon,"text"
20260316191556_ced572e8-b8ed-4d36-b018-f48a4bb1ecda.sql,69,verticals,description,"text"
20260316191556_ced572e8-b8ed-4d36-b018-f48a4bb1ecda.sql,70,verticals,sort_order,"integer"
20260316191556_ced572e8-b8ed-4d36-b018-f48a4bb1ecda.sql,71,verticals,active,"boolean"
20260316191556_ced572e8-b8ed-4d36-b018-f48a4bb1ecda.sql,72,verticals,created_at,"timestamptz"
20260316191556_ced572e8-b8ed-4d36-b018-f48a4bb1ecda.sql,78,categories,id,"uuid"
20260316191556_ced572e8-b8ed-4d36-b018-f48a4bb1ecda.sql,79,categories,vertical_id,"uuid"
20260316191556_ced572e8-b8ed-4d36-b018-f48a4bb1ecda.sql,80,categories,slug,"text"
20260316191556_ced572e8-b8ed-4d36-b018-f48a4bb1ecda.sql,81,categories,name,"text"
20260316191556_ced572e8-b8ed-4d36-b018-f48a4bb1ecda.sql,82,categories,icon,"text"
20260316191556_ced572e8-b8ed-4d36-b018-f48a4bb1ecda.sql,83,categories,description,"text"
20260316191556_ced572e8-b8ed-4d36-b018-f48a4bb1ecda.sql,84,categories,sort_order,"integer"
20260316191556_ced572e8-b8ed-4d36-b018-f48a4bb1ecda.sql,85,categories,active,"boolean"
20260316191556_ced572e8-b8ed-4d36-b018-f48a4bb1ecda.sql,86,categories,created_at,"timestamptz"
20260316191556_ced572e8-b8ed-4d36-b018-f48a4bb1ecda.sql,93,subcategories,id,"uuid"
20260316191556_ced572e8-b8ed-4d36-b018-f48a4bb1ecda.sql,94,subcategories,category_id,"uuid"
20260316191556_ced572e8-b8ed-4d36-b018-f48a4bb1ecda.sql,95,subcategories,slug,"text"
20260316191556_ced572e8-b8ed-4d36-b018-f48a4bb1ecda.sql,96,subcategories,name,"text"
20260316191556_ced572e8-b8ed-4d36-b018-f48a4bb1ecda.sql,97,subcategories,icon,"text"
20260316191556_ced572e8-b8ed-4d36-b018-f48a4bb1ecda.sql,98,subcategories,sort_order,"integer"
20260316191556_ced572e8-b8ed-4d36-b018-f48a4bb1ecda.sql,99,subcategories,active,"boolean"
20260316191556_ced572e8-b8ed-4d36-b018-f48a4bb1ecda.sql,100,subcategories,created_at,"timestamptz"
20260316191556_ced572e8-b8ed-4d36-b018-f48a4bb1ecda.sql,107,category_attributes,id,"uuid"
20260316191556_ced572e8-b8ed-4d36-b018-f48a4bb1ecda.sql,108,category_attributes,category_id,"uuid"
20260316191556_ced572e8-b8ed-4d36-b018-f48a4bb1ecda.sql,109,category_attributes,subcategory_id,"uuid"
20260316191556_ced572e8-b8ed-4d36-b018-f48a4bb1ecda.sql,110,category_attributes,attribute_key,"text"
20260316191556_ced572e8-b8ed-4d36-b018-f48a4bb1ecda.sql,111,category_attributes,attribute_label,"text"
20260316191556_ced572e8-b8ed-4d36-b018-f48a4bb1ecda.sql,112,category_attributes,attribute_type,"text"
20260316191556_ced572e8-b8ed-4d36-b018-f48a4bb1ecda.sql,113,category_attributes,options,"jsonb"
20260316191556_ced572e8-b8ed-4d36-b018-f48a4bb1ecda.sql,114,category_attributes,required,"boolean"
20260316191556_ced572e8-b8ed-4d36-b018-f48a4bb1ecda.sql,115,category_attributes,sort_order,"integer"
20260316191556_ced572e8-b8ed-4d36-b018-f48a4bb1ecda.sql,116,category_attributes,created_at,"timestamptz"
20260316193414_0bc7086d-4465-4e13-86ce-c1c81f085d6e.sql,4,storefront_coupons,id,"uuid"
20260316193414_0bc7086d-4465-4e13-86ce-c1c81f085d6e.sql,5,storefront_coupons,shop_id,"uuid"
20260316193414_0bc7086d-4465-4e13-86ce-c1c81f085d6e.sql,6,storefront_coupons,user_id,"uuid"
20260316193414_0bc7086d-4465-4e13-86ce-c1c81f085d6e.sql,7,storefront_coupons,code,"text"
20260316193414_0bc7086d-4465-4e13-86ce-c1c81f085d6e.sql,8,storefront_coupons,type,"text"
20260316193414_0bc7086d-4465-4e13-86ce-c1c81f085d6e.sql,9,storefront_coupons,value,"numeric"
20260316193414_0bc7086d-4465-4e13-86ce-c1c81f085d6e.sql,10,storefront_coupons,currency,"text"
20260316193414_0bc7086d-4465-4e13-86ce-c1c81f085d6e.sql,11,storefront_coupons,min_order,"numeric"
20260316193414_0bc7086d-4465-4e13-86ce-c1c81f085d6e.sql,12,storefront_coupons,max_discount,"numeric"
20260316193414_0bc7086d-4465-4e13-86ce-c1c81f085d6e.sql,13,storefront_coupons,usage_limit,"integer"
20260316193414_0bc7086d-4465-4e13-86ce-c1c81f085d6e.sql,14,storefront_coupons,usage_count,"integer"
20260316193414_0bc7086d-4465-4e13-86ce-c1c81f085d6e.sql,15,storefront_coupons,per_user_limit,"integer"
20260316193414_0bc7086d-4465-4e13-86ce-c1c81f085d6e.sql,16,storefront_coupons,valid_from,"timestamptz"
20260316193414_0bc7086d-4465-4e13-86ce-c1c81f085d6e.sql,17,storefront_coupons,valid_to,"timestamptz"
20260316193414_0bc7086d-4465-4e13-86ce-c1c81f085d6e.sql,18,storefront_coupons,active,"boolean"
20260316193414_0bc7086d-4465-4e13-86ce-c1c81f085d6e.sql,19,storefront_coupons,categories,"text[]"
20260316193414_0bc7086d-4465-4e13-86ce-c1c81f085d6e.sql,20,storefront_coupons,created_at,"timestamptz"
20260316193414_0bc7086d-4465-4e13-86ce-c1c81f085d6e.sql,21,storefront_coupons,updated_at,"timestamptz"
20260316193414_0bc7086d-4465-4e13-86ce-c1c81f085d6e.sql,27,storefront_coupon_usage,id,"uuid"
20260316193414_0bc7086d-4465-4e13-86ce-c1c81f085d6e.sql,28,storefront_coupon_usage,coupon_id,"uuid"
20260316193414_0bc7086d-4465-4e13-86ce-c1c81f085d6e.sql,29,storefront_coupon_usage,user_id,"uuid"
20260316193414_0bc7086d-4465-4e13-86ce-c1c81f085d6e.sql,30,storefront_coupon_usage,order_id,"uuid"
20260316193414_0bc7086d-4465-4e13-86ce-c1c81f085d6e.sql,31,storefront_coupon_usage,discount_amount,"numeric"
20260316193414_0bc7086d-4465-4e13-86ce-c1c81f085d6e.sql,32,storefront_coupon_usage,created_at,"timestamptz"
20260316194028_c8aa297d-7f2b-4ebe-91c8-ead1f39c6c69.sql,4,storefront_reviews,id,"uuid"
20260316194028_c8aa297d-7f2b-4ebe-91c8-ead1f39c6c69.sql,5,storefront_reviews,shop_id,"uuid"
20260316194028_c8aa297d-7f2b-4ebe-91c8-ead1f39c6c69.sql,6,storefront_reviews,order_id,"uuid"
20260316194028_c8aa297d-7f2b-4ebe-91c8-ead1f39c6c69.sql,7,storefront_reviews,reviewer_id,"uuid"
20260316194028_c8aa297d-7f2b-4ebe-91c8-ead1f39c6c69.sql,8,storefront_reviews,reviewer_name,"text"
20260316194028_c8aa297d-7f2b-4ebe-91c8-ead1f39c6c69.sql,9,storefront_reviews,rating,"numeric"
20260316194028_c8aa297d-7f2b-4ebe-91c8-ead1f39c6c69.sql,10,storefront_reviews,comment,"text"
20260316194028_c8aa297d-7f2b-4ebe-91c8-ead1f39c6c69.sql,11,storefront_reviews,response,"text"
20260316194028_c8aa297d-7f2b-4ebe-91c8-ead1f39c6c69.sql,12,storefront_reviews,responded_at,"timestamptz"
20260316194028_c8aa297d-7f2b-4ebe-91c8-ead1f39c6c69.sql,13,storefront_reviews,status,"text"
20260316194028_c8aa297d-7f2b-4ebe-91c8-ead1f39c6c69.sql,14,storefront_reviews,created_at,"timestamptz"
20260316194028_c8aa297d-7f2b-4ebe-91c8-ead1f39c6c69.sql,15,storefront_reviews,updated_at,"timestamptz"
20260316194444_5d702d8c-fba3-4811-819b-9462a7c68403.sql,4,storefront_wishlist,id,"uuid"
20260316194444_5d702d8c-fba3-4811-819b-9462a7c68403.sql,5,storefront_wishlist,user_id,"uuid"
20260316194444_5d702d8c-fba3-4811-819b-9462a7c68403.sql,6,storefront_wishlist,shop_id,"uuid"
20260316194444_5d702d8c-fba3-4811-819b-9462a7c68403.sql,7,storefront_wishlist,item_id,"uuid"
20260316194444_5d702d8c-fba3-4811-819b-9462a7c68403.sql,8,storefront_wishlist,created_at,"timestamptz"
20260316195232_ae5eba0c-95a8-47a7-89a8-9f64e77ba090.sql,4,storefront_shipping_zones,id,"uuid"
20260316195232_ae5eba0c-95a8-47a7-89a8-9f64e77ba090.sql,5,storefront_shipping_zones,shop_id,"uuid"
20260316195232_ae5eba0c-95a8-47a7-89a8-9f64e77ba090.sql,6,storefront_shipping_zones,name,"text"
20260316195232_ae5eba0c-95a8-47a7-89a8-9f64e77ba090.sql,7,storefront_shipping_zones,countries,"text[]"
20260316195232_ae5eba0c-95a8-47a7-89a8-9f64e77ba090.sql,8,storefront_shipping_zones,fee,"numeric"
20260316195232_ae5eba0c-95a8-47a7-89a8-9f64e77ba090.sql,9,storefront_shipping_zones,free_above,"numeric"
20260316195232_ae5eba0c-95a8-47a7-89a8-9f64e77ba090.sql,10,storefront_shipping_zones,currency,"text"
20260316195232_ae5eba0c-95a8-47a7-89a8-9f64e77ba090.sql,11,storefront_shipping_zones,delivery_days_min,"int"
20260316195232_ae5eba0c-95a8-47a7-89a8-9f64e77ba090.sql,12,storefront_shipping_zones,delivery_days_max,"int"
20260316195232_ae5eba0c-95a8-47a7-89a8-9f64e77ba090.sql,13,storefront_shipping_zones,active,"boolean"
20260316195232_ae5eba0c-95a8-47a7-89a8-9f64e77ba090.sql,14,storefront_shipping_zones,created_at,"timestamptz"
20260316195848_3a89b322-130c-4da2-8dc8-188cd8056b1a.sql,4,storefront_returns,id,"uuid"
20260316195848_3a89b322-130c-4da2-8dc8-188cd8056b1a.sql,5,storefront_returns,order_id,"uuid"
20260316195848_3a89b322-130c-4da2-8dc8-188cd8056b1a.sql,6,storefront_returns,shop_id,"uuid"
20260316195848_3a89b322-130c-4da2-8dc8-188cd8056b1a.sql,7,storefront_returns,buyer_id,"uuid"
20260316195848_3a89b322-130c-4da2-8dc8-188cd8056b1a.sql,8,storefront_returns,reason,"text"
20260316195848_3a89b322-130c-4da2-8dc8-188cd8056b1a.sql,9,storefront_returns,status,"text"
20260316195848_3a89b322-130c-4da2-8dc8-188cd8056b1a.sql,10,storefront_returns,refund_amount,"numeric"
20260316195848_3a89b322-130c-4da2-8dc8-188cd8056b1a.sql,11,storefront_returns,currency,"text"
20260316195848_3a89b322-130c-4da2-8dc8-188cd8056b1a.sql,12,storefront_returns,seller_notes,"text"
20260316195848_3a89b322-130c-4da2-8dc8-188cd8056b1a.sql,13,storefront_returns,resolution,"text"
20260316195848_3a89b322-130c-4da2-8dc8-188cd8056b1a.sql,14,storefront_returns,created_at,"timestamptz"
20260316195848_3a89b322-130c-4da2-8dc8-188cd8056b1a.sql,15,storefront_returns,resolved_at,"timestamptz"
20260316200022_01e9b821-68ad-499e-a5c1-f31bde63c67a.sql,4,storefront_subscriptions,id,"uuid"
20260316200022_01e9b821-68ad-499e-a5c1-f31bde63c67a.sql,5,storefront_subscriptions,shop_id,"uuid"
20260316200022_01e9b821-68ad-499e-a5c1-f31bde63c67a.sql,6,storefront_subscriptions,buyer_id,"uuid"
20260316200022_01e9b821-68ad-499e-a5c1-f31bde63c67a.sql,7,storefront_subscriptions,buyer_email,"text"
20260316200022_01e9b821-68ad-499e-a5c1-f31bde63c67a.sql,8,storefront_subscriptions,item_id,"uuid"
20260316200022_01e9b821-68ad-499e-a5c1-f31bde63c67a.sql,9,storefront_subscriptions,variant_id,"uuid"
20260316200022_01e9b821-68ad-499e-a5c1-f31bde63c67a.sql,10,storefront_subscriptions,quantity,"int"
20260316200022_01e9b821-68ad-499e-a5c1-f31bde63c67a.sql,11,storefront_subscriptions,unit_price,"numeric"
20260316200022_01e9b821-68ad-499e-a5c1-f31bde63c67a.sql,12,storefront_subscriptions,currency,"text"
20260316200022_01e9b821-68ad-499e-a5c1-f31bde63c67a.sql,13,storefront_subscriptions,frequency,"text"
20260316200022_01e9b821-68ad-499e-a5c1-f31bde63c67a.sql,14,storefront_subscriptions,status,"text"
20260316200022_01e9b821-68ad-499e-a5c1-f31bde63c67a.sql,15,storefront_subscriptions,next_order_at,"timestamptz"
20260316200022_01e9b821-68ad-499e-a5c1-f31bde63c67a.sql,16,storefront_subscriptions,last_order_at,"timestamptz"
20260316200022_01e9b821-68ad-499e-a5c1-f31bde63c67a.sql,17,storefront_subscriptions,total_orders,"int"
20260316200022_01e9b821-68ad-499e-a5c1-f31bde63c67a.sql,18,storefront_subscriptions,cancelled_at,"timestamptz"
20260316200022_01e9b821-68ad-499e-a5c1-f31bde63c67a.sql,19,storefront_subscriptions,created_at,"timestamptz"
20260316200935_50615f72-fbd6-4075-9126-ea36bd7b6652.sql,8,storefront_bundles,id,"uuid"
20260316200935_50615f72-fbd6-4075-9126-ea36bd7b6652.sql,9,storefront_bundles,shop_id,"uuid"
20260316200935_50615f72-fbd6-4075-9126-ea36bd7b6652.sql,10,storefront_bundles,user_id,"uuid"
20260316200935_50615f72-fbd6-4075-9126-ea36bd7b6652.sql,11,storefront_bundles,title,"text"
20260316200935_50615f72-fbd6-4075-9126-ea36bd7b6652.sql,12,storefront_bundles,description,"text"
20260316200935_50615f72-fbd6-4075-9126-ea36bd7b6652.sql,13,storefront_bundles,bundle_price,"numeric"
20260316200935_50615f72-fbd6-4075-9126-ea36bd7b6652.sql,14,storefront_bundles,currency,"text"
20260316200935_50615f72-fbd6-4075-9126-ea36bd7b6652.sql,15,storefront_bundles,photo_url,"text"
20260316200935_50615f72-fbd6-4075-9126-ea36bd7b6652.sql,16,storefront_bundles,active,"boolean"
20260316200935_50615f72-fbd6-4075-9126-ea36bd7b6652.sql,17,storefront_bundles,sort_order,"integer"
20260316200935_50615f72-fbd6-4075-9126-ea36bd7b6652.sql,18,storefront_bundles,created_at,"timestamptz"
20260316200935_50615f72-fbd6-4075-9126-ea36bd7b6652.sql,19,storefront_bundles,updated_at,"timestamptz"
20260316200935_50615f72-fbd6-4075-9126-ea36bd7b6652.sql,24,storefront_bundle_items,id,"uuid"
20260316200935_50615f72-fbd6-4075-9126-ea36bd7b6652.sql,25,storefront_bundle_items,bundle_id,"uuid"
20260316200935_50615f72-fbd6-4075-9126-ea36bd7b6652.sql,26,storefront_bundle_items,item_id,"uuid"
20260316200935_50615f72-fbd6-4075-9126-ea36bd7b6652.sql,27,storefront_bundle_items,quantity,"integer"
20260316200935_50615f72-fbd6-4075-9126-ea36bd7b6652.sql,28,storefront_bundle_items,created_at,"timestamptz"
20260316200935_50615f72-fbd6-4075-9126-ea36bd7b6652.sql,34,storefront_loyalty_programs,id,"uuid"
20260316200935_50615f72-fbd6-4075-9126-ea36bd7b6652.sql,35,storefront_loyalty_programs,shop_id,"uuid"
20260316200935_50615f72-fbd6-4075-9126-ea36bd7b6652.sql,36,storefront_loyalty_programs,user_id,"uuid"
20260316200935_50615f72-fbd6-4075-9126-ea36bd7b6652.sql,37,storefront_loyalty_programs,name,"text"
20260316200935_50615f72-fbd6-4075-9126-ea36bd7b6652.sql,38,storefront_loyalty_programs,points_per_currency,"numeric"
20260316200935_50615f72-fbd6-4075-9126-ea36bd7b6652.sql,39,storefront_loyalty_programs,currency,"text"
20260316200935_50615f72-fbd6-4075-9126-ea36bd7b6652.sql,40,storefront_loyalty_programs,active,"boolean"
20260316200935_50615f72-fbd6-4075-9126-ea36bd7b6652.sql,41,storefront_loyalty_programs,created_at,"timestamptz"
20260316200935_50615f72-fbd6-4075-9126-ea36bd7b6652.sql,42,storefront_loyalty_programs,updated_at,"timestamptz"
20260316200935_50615f72-fbd6-4075-9126-ea36bd7b6652.sql,47,storefront_loyalty_tiers,id,"uuid"
20260316200935_50615f72-fbd6-4075-9126-ea36bd7b6652.sql,48,storefront_loyalty_tiers,program_id,"uuid"
20260316200935_50615f72-fbd6-4075-9126-ea36bd7b6652.sql,49,storefront_loyalty_tiers,name,"text"
20260316200935_50615f72-fbd6-4075-9126-ea36bd7b6652.sql,50,storefront_loyalty_tiers,min_points,"integer"
20260316200935_50615f72-fbd6-4075-9126-ea36bd7b6652.sql,51,storefront_loyalty_tiers,discount_percent,"numeric"
20260316200935_50615f72-fbd6-4075-9126-ea36bd7b6652.sql,52,storefront_loyalty_tiers,badge_emoji,"text"
20260316200935_50615f72-fbd6-4075-9126-ea36bd7b6652.sql,53,storefront_loyalty_tiers,sort_order,"integer"
20260316200935_50615f72-fbd6-4075-9126-ea36bd7b6652.sql,54,storefront_loyalty_tiers,created_at,"timestamptz"
20260316200935_50615f72-fbd6-4075-9126-ea36bd7b6652.sql,58,storefront_loyalty_points,id,"uuid"
20260316200935_50615f72-fbd6-4075-9126-ea36bd7b6652.sql,59,storefront_loyalty_points,program_id,"uuid"
20260316200935_50615f72-fbd6-4075-9126-ea36bd7b6652.sql,60,storefront_loyalty_points,user_id,"uuid"
20260316200935_50615f72-fbd6-4075-9126-ea36bd7b6652.sql,61,storefront_loyalty_points,points,"integer"
20260316200935_50615f72-fbd6-4075-9126-ea36bd7b6652.sql,62,storefront_loyalty_points,lifetime_points,"integer"
20260316200935_50615f72-fbd6-4075-9126-ea36bd7b6652.sql,63,storefront_loyalty_points,tier_id,"uuid"
20260316200935_50615f72-fbd6-4075-9126-ea36bd7b6652.sql,64,storefront_loyalty_points,updated_at,"timestamptz"
20260316200935_50615f72-fbd6-4075-9126-ea36bd7b6652.sql,69,storefront_loyalty_history,id,"uuid"
20260316200935_50615f72-fbd6-4075-9126-ea36bd7b6652.sql,70,storefront_loyalty_history,program_id,"uuid"
20260316200935_50615f72-fbd6-4075-9126-ea36bd7b6652.sql,71,storefront_loyalty_history,user_id,"uuid"
20260316200935_50615f72-fbd6-4075-9126-ea36bd7b6652.sql,72,storefront_loyalty_history,points_change,"integer"
20260316200935_50615f72-fbd6-4075-9126-ea36bd7b6652.sql,73,storefront_loyalty_history,reason,"text"
20260316200935_50615f72-fbd6-4075-9126-ea36bd7b6652.sql,74,storefront_loyalty_history,order_id,"uuid"
20260316200935_50615f72-fbd6-4075-9126-ea36bd7b6652.sql,75,storefront_loyalty_history,created_at,"timestamptz"
20260316200935_50615f72-fbd6-4075-9126-ea36bd7b6652.sql,80,storefront_inventory_alerts,id,"uuid"
20260316200935_50615f72-fbd6-4075-9126-ea36bd7b6652.sql,81,storefront_inventory_alerts,shop_id,"uuid"
20260316200935_50615f72-fbd6-4075-9126-ea36bd7b6652.sql,82,storefront_inventory_alerts,item_id,"uuid"
20260316200935_50615f72-fbd6-4075-9126-ea36bd7b6652.sql,83,storefront_inventory_alerts,alert_type,"text"
20260316200935_50615f72-fbd6-4075-9126-ea36bd7b6652.sql,84,storefront_inventory_alerts,threshold,"integer"
20260316200935_50615f72-fbd6-4075-9126-ea36bd7b6652.sql,85,storefront_inventory_alerts,current_stock,"integer"
20260316200935_50615f72-fbd6-4075-9126-ea36bd7b6652.sql,86,storefront_inventory_alerts,resolved,"boolean"
20260316200935_50615f72-fbd6-4075-9126-ea36bd7b6652.sql,87,storefront_inventory_alerts,resolved_at,"timestamptz"
20260316200935_50615f72-fbd6-4075-9126-ea36bd7b6652.sql,88,storefront_inventory_alerts,created_at,"timestamptz"
20260316200935_50615f72-fbd6-4075-9126-ea36bd7b6652.sql,93,storefront_stock_movements,id,"uuid"
20260316200935_50615f72-fbd6-4075-9126-ea36bd7b6652.sql,94,storefront_stock_movements,shop_id,"uuid"
20260316200935_50615f72-fbd6-4075-9126-ea36bd7b6652.sql,95,storefront_stock_movements,item_id,"uuid"
20260316200935_50615f72-fbd6-4075-9126-ea36bd7b6652.sql,96,storefront_stock_movements,movement_type,"text"
20260316200935_50615f72-fbd6-4075-9126-ea36bd7b6652.sql,97,storefront_stock_movements,quantity,"integer"
20260316200935_50615f72-fbd6-4075-9126-ea36bd7b6652.sql,98,storefront_stock_movements,previous_stock,"integer"
20260316200935_50615f72-fbd6-4075-9126-ea36bd7b6652.sql,99,storefront_stock_movements,new_stock,"integer"
20260316200935_50615f72-fbd6-4075-9126-ea36bd7b6652.sql,100,storefront_stock_movements,reference_id,"text"
20260316200935_50615f72-fbd6-4075-9126-ea36bd7b6652.sql,101,storefront_stock_movements,notes,"text"
20260316200935_50615f72-fbd6-4075-9126-ea36bd7b6652.sql,102,storefront_stock_movements,user_id,"uuid"
20260316200935_50615f72-fbd6-4075-9126-ea36bd7b6652.sql,103,storefront_stock_movements,created_at,"timestamptz"
20260316201856_35cc97ce-8895-4c36-91a0-bbae82a8dc00.sql,8,vendor_commissions,id,"uuid"
20260316201856_35cc97ce-8895-4c36-91a0-bbae82a8dc00.sql,9,vendor_commissions,shop_id,"uuid"
20260316201856_35cc97ce-8895-4c36-91a0-bbae82a8dc00.sql,10,vendor_commissions,platform_rate,"numeric"
20260316201856_35cc97ce-8895-4c36-91a0-bbae82a8dc00.sql,11,vendor_commissions,total_earned,"numeric"
20260316201856_35cc97ce-8895-4c36-91a0-bbae82a8dc00.sql,12,vendor_commissions,total_paid,"numeric"
20260316201856_35cc97ce-8895-4c36-91a0-bbae82a8dc00.sql,13,vendor_commissions,pending_payout,"numeric"
20260316201856_35cc97ce-8895-4c36-91a0-bbae82a8dc00.sql,14,vendor_commissions,currency,"text"
20260316201856_35cc97ce-8895-4c36-91a0-bbae82a8dc00.sql,15,vendor_commissions,payout_method,"text"
20260316201856_35cc97ce-8895-4c36-91a0-bbae82a8dc00.sql,16,vendor_commissions,last_payout_at,"timestamptz"
20260316201856_35cc97ce-8895-4c36-91a0-bbae82a8dc00.sql,17,vendor_commissions,created_at,"timestamptz"
20260316201856_35cc97ce-8895-4c36-91a0-bbae82a8dc00.sql,18,vendor_commissions,updated_at,"timestamptz"
20260316201856_35cc97ce-8895-4c36-91a0-bbae82a8dc00.sql,27,featured_shops,id,"uuid"
20260316201856_35cc97ce-8895-4c36-91a0-bbae82a8dc00.sql,28,featured_shops,shop_id,"uuid"
20260316201856_35cc97ce-8895-4c36-91a0-bbae82a8dc00.sql,29,featured_shops,tier,"text"
20260316201856_35cc97ce-8895-4c36-91a0-bbae82a8dc00.sql,30,featured_shops,featured_until,"timestamptz"
20260316201856_35cc97ce-8895-4c36-91a0-bbae82a8dc00.sql,31,featured_shops,reason,"text"
20260316201856_35cc97ce-8895-4c36-91a0-bbae82a8dc00.sql,32,featured_shops,created_at,"timestamptz"
20260316201856_35cc97ce-8895-4c36-91a0-bbae82a8dc00.sql,40,storefront_social_posts,id,"uuid"
20260316201856_35cc97ce-8895-4c36-91a0-bbae82a8dc00.sql,41,storefront_social_posts,user_id,"uuid"
20260316201856_35cc97ce-8895-4c36-91a0-bbae82a8dc00.sql,42,storefront_social_posts,shop_id,"uuid"
20260316201856_35cc97ce-8895-4c36-91a0-bbae82a8dc00.sql,43,storefront_social_posts,item_id,"uuid"
20260316201856_35cc97ce-8895-4c36-91a0-bbae82a8dc00.sql,44,storefront_social_posts,post_type,"text"
20260316201856_35cc97ce-8895-4c36-91a0-bbae82a8dc00.sql,45,storefront_social_posts,caption,"text"
20260316201856_35cc97ce-8895-4c36-91a0-bbae82a8dc00.sql,46,storefront_social_posts,photo_url,"text"
20260316201856_35cc97ce-8895-4c36-91a0-bbae82a8dc00.sql,47,storefront_social_posts,likes_count,"int"
20260316201856_35cc97ce-8895-4c36-91a0-bbae82a8dc00.sql,48,storefront_social_posts,comments_count,"int"
20260316201856_35cc97ce-8895-4c36-91a0-bbae82a8dc00.sql,49,storefront_social_posts,created_at,"timestamptz"
20260316201856_35cc97ce-8895-4c36-91a0-bbae82a8dc00.sql,59,storefront_social_likes,id,"uuid"
20260316201856_35cc97ce-8895-4c36-91a0-bbae82a8dc00.sql,60,storefront_social_likes,post_id,"uuid"
20260316201856_35cc97ce-8895-4c36-91a0-bbae82a8dc00.sql,61,storefront_social_likes,user_id,"uuid"
20260316201856_35cc97ce-8895-4c36-91a0-bbae82a8dc00.sql,62,storefront_social_likes,created_at,"timestamptz"
20260316201856_35cc97ce-8895-4c36-91a0-bbae82a8dc00.sql,72,storefront_social_comments,id,"uuid"
20260316201856_35cc97ce-8895-4c36-91a0-bbae82a8dc00.sql,73,storefront_social_comments,post_id,"uuid"
20260316201856_35cc97ce-8895-4c36-91a0-bbae82a8dc00.sql,74,storefront_social_comments,user_id,"uuid"
20260316201856_35cc97ce-8895-4c36-91a0-bbae82a8dc00.sql,75,storefront_social_comments,user_name,"text"
20260316201856_35cc97ce-8895-4c36-91a0-bbae82a8dc00.sql,76,storefront_social_comments,content,"text"
20260316201856_35cc97ce-8895-4c36-91a0-bbae82a8dc00.sql,77,storefront_social_comments,created_at,"timestamptz"
20260316201856_35cc97ce-8895-4c36-91a0-bbae82a8dc00.sql,86,storefront_addresses,id,"uuid"
20260316201856_35cc97ce-8895-4c36-91a0-bbae82a8dc00.sql,87,storefront_addresses,user_id,"uuid"
20260316201856_35cc97ce-8895-4c36-91a0-bbae82a8dc00.sql,88,storefront_addresses,label,"text"
20260316201856_35cc97ce-8895-4c36-91a0-bbae82a8dc00.sql,89,storefront_addresses,full_name,"text"
20260316201856_35cc97ce-8895-4c36-91a0-bbae82a8dc00.sql,90,storefront_addresses,phone,"text"
20260316201856_35cc97ce-8895-4c36-91a0-bbae82a8dc00.sql,91,storefront_addresses,address_line1,"text"
20260316201856_35cc97ce-8895-4c36-91a0-bbae82a8dc00.sql,92,storefront_addresses,address_line2,"text"
20260316201856_35cc97ce-8895-4c36-91a0-bbae82a8dc00.sql,93,storefront_addresses,city,"text"
20260316201856_35cc97ce-8895-4c36-91a0-bbae82a8dc00.sql,94,storefront_addresses,postal_code,"text"
20260316201856_35cc97ce-8895-4c36-91a0-bbae82a8dc00.sql,95,storefront_addresses,country,"text"
20260316201856_35cc97ce-8895-4c36-91a0-bbae82a8dc00.sql,96,storefront_addresses,is_default,"boolean"
20260316201856_35cc97ce-8895-4c36-91a0-bbae82a8dc00.sql,97,storefront_addresses,created_at,"timestamptz"
20260316201856_35cc97ce-8895-4c36-91a0-bbae82a8dc00.sql,98,storefront_addresses,updated_at,"timestamptz"
20260316201856_35cc97ce-8895-4c36-91a0-bbae82a8dc00.sql,106,storefront_ai_chats,id,"uuid"
20260316201856_35cc97ce-8895-4c36-91a0-bbae82a8dc00.sql,107,storefront_ai_chats,shop_id,"uuid"
20260316201856_35cc97ce-8895-4c36-91a0-bbae82a8dc00.sql,108,storefront_ai_chats,user_id,"uuid"
20260316201856_35cc97ce-8895-4c36-91a0-bbae82a8dc00.sql,109,storefront_ai_chats,session_id,"text"
20260316201856_35cc97ce-8895-4c36-91a0-bbae82a8dc00.sql,110,storefront_ai_chats,messages,"jsonb"
20260316201856_35cc97ce-8895-4c36-91a0-bbae82a8dc00.sql,111,storefront_ai_chats,created_at,"timestamptz"
20260316201856_35cc97ce-8895-4c36-91a0-bbae82a8dc00.sql,112,storefront_ai_chats,updated_at,"timestamptz"
20260316202912_195d4bcc-48ea-4ba0-9ad2-db3cc101b92c.sql,8,storefront_comparisons,id,"uuid"
20260316202912_195d4bcc-48ea-4ba0-9ad2-db3cc101b92c.sql,9,storefront_comparisons,user_id,"uuid"
20260316202912_195d4bcc-48ea-4ba0-9ad2-db3cc101b92c.sql,10,storefront_comparisons,shop_id,"uuid"
20260316202912_195d4bcc-48ea-4ba0-9ad2-db3cc101b92c.sql,11,storefront_comparisons,item_ids,"uuid[]"
20260316202912_195d4bcc-48ea-4ba0-9ad2-db3cc101b92c.sql,12,storefront_comparisons,title,"text"
20260316202912_195d4bcc-48ea-4ba0-9ad2-db3cc101b92c.sql,13,storefront_comparisons,created_at,"timestamptz"
20260316202912_195d4bcc-48ea-4ba0-9ad2-db3cc101b92c.sql,21,storefront_affiliates,id,"uuid"
20260316202912_195d4bcc-48ea-4ba0-9ad2-db3cc101b92c.sql,22,storefront_affiliates,shop_id,"uuid"
20260316202912_195d4bcc-48ea-4ba0-9ad2-db3cc101b92c.sql,23,storefront_affiliates,user_id,"uuid"
20260316202912_195d4bcc-48ea-4ba0-9ad2-db3cc101b92c.sql,24,storefront_affiliates,referral_code,"text"
20260316202912_195d4bcc-48ea-4ba0-9ad2-db3cc101b92c.sql,25,storefront_affiliates,commission_rate,"numeric"
20260316202912_195d4bcc-48ea-4ba0-9ad2-db3cc101b92c.sql,26,storefront_affiliates,total_clicks,"int"
20260316202912_195d4bcc-48ea-4ba0-9ad2-db3cc101b92c.sql,27,storefront_affiliates,total_conversions,"int"
20260316202912_195d4bcc-48ea-4ba0-9ad2-db3cc101b92c.sql,28,storefront_affiliates,total_earned,"numeric"
20260316202912_195d4bcc-48ea-4ba0-9ad2-db3cc101b92c.sql,29,storefront_affiliates,total_paid,"numeric"
20260316202912_195d4bcc-48ea-4ba0-9ad2-db3cc101b92c.sql,30,storefront_affiliates,status,"text"
20260316202912_195d4bcc-48ea-4ba0-9ad2-db3cc101b92c.sql,31,storefront_affiliates,created_at,"timestamptz"
20260316202912_195d4bcc-48ea-4ba0-9ad2-db3cc101b92c.sql,32,storefront_affiliates,updated_at,"timestamptz"
20260316202912_195d4bcc-48ea-4ba0-9ad2-db3cc101b92c.sql,45,storefront_affiliate_clicks,id,"uuid"
20260316202912_195d4bcc-48ea-4ba0-9ad2-db3cc101b92c.sql,46,storefront_affiliate_clicks,affiliate_id,"uuid"
20260316202912_195d4bcc-48ea-4ba0-9ad2-db3cc101b92c.sql,47,storefront_affiliate_clicks,item_id,"uuid"
20260316202912_195d4bcc-48ea-4ba0-9ad2-db3cc101b92c.sql,48,storefront_affiliate_clicks,referrer,"text"
20260316202912_195d4bcc-48ea-4ba0-9ad2-db3cc101b92c.sql,49,storefront_affiliate_clicks,converted,"boolean"
20260316202912_195d4bcc-48ea-4ba0-9ad2-db3cc101b92c.sql,50,storefront_affiliate_clicks,order_id,"uuid"
20260316202912_195d4bcc-48ea-4ba0-9ad2-db3cc101b92c.sql,51,storefront_affiliate_clicks,commission_amount,"numeric"
20260316202912_195d4bcc-48ea-4ba0-9ad2-db3cc101b92c.sql,52,storefront_affiliate_clicks,created_at,"timestamptz"
20260316202912_195d4bcc-48ea-4ba0-9ad2-db3cc101b92c.sql,61,storefront_auctions,id,"uuid"
20260316202912_195d4bcc-48ea-4ba0-9ad2-db3cc101b92c.sql,62,storefront_auctions,shop_id,"uuid"
20260316202912_195d4bcc-48ea-4ba0-9ad2-db3cc101b92c.sql,63,storefront_auctions,item_id,"uuid"
20260316202912_195d4bcc-48ea-4ba0-9ad2-db3cc101b92c.sql,64,storefront_auctions,seller_id,"uuid"
20260316202912_195d4bcc-48ea-4ba0-9ad2-db3cc101b92c.sql,65,storefront_auctions,title,"text"
20260316202912_195d4bcc-48ea-4ba0-9ad2-db3cc101b92c.sql,66,storefront_auctions,description,"text"
20260316202912_195d4bcc-48ea-4ba0-9ad2-db3cc101b92c.sql,67,storefront_auctions,photo_url,"text"
20260316202912_195d4bcc-48ea-4ba0-9ad2-db3cc101b92c.sql,68,storefront_auctions,starting_price,"numeric"
20260316202912_195d4bcc-48ea-4ba0-9ad2-db3cc101b92c.sql,69,storefront_auctions,reserve_price,"numeric"
20260316202912_195d4bcc-48ea-4ba0-9ad2-db3cc101b92c.sql,70,storefront_auctions,current_bid,"numeric"
20260316202912_195d4bcc-48ea-4ba0-9ad2-db3cc101b92c.sql,71,storefront_auctions,current_bidder_id,"uuid"
20260316202912_195d4bcc-48ea-4ba0-9ad2-db3cc101b92c.sql,72,storefront_auctions,bid_count,"int"
20260316202912_195d4bcc-48ea-4ba0-9ad2-db3cc101b92c.sql,73,storefront_auctions,currency,"text"
20260316202912_195d4bcc-48ea-4ba0-9ad2-db3cc101b92c.sql,74,storefront_auctions,starts_at,"timestamptz"
20260316202912_195d4bcc-48ea-4ba0-9ad2-db3cc101b92c.sql,75,storefront_auctions,ends_at,"timestamptz"
20260316202912_195d4bcc-48ea-4ba0-9ad2-db3cc101b92c.sql,76,storefront_auctions,auto_extend_minutes,"int"
20260316202912_195d4bcc-48ea-4ba0-9ad2-db3cc101b92c.sql,77,storefront_auctions,status,"text"
20260316202912_195d4bcc-48ea-4ba0-9ad2-db3cc101b92c.sql,78,storefront_auctions,winner_id,"uuid"
20260316202912_195d4bcc-48ea-4ba0-9ad2-db3cc101b92c.sql,79,storefront_auctions,created_at,"timestamptz"
20260316202912_195d4bcc-48ea-4ba0-9ad2-db3cc101b92c.sql,80,storefront_auctions,updated_at,"timestamptz"
20260316202912_195d4bcc-48ea-4ba0-9ad2-db3cc101b92c.sql,89,storefront_auction_bids,id,"uuid"
20260316202912_195d4bcc-48ea-4ba0-9ad2-db3cc101b92c.sql,90,storefront_auction_bids,auction_id,"uuid"
20260316202912_195d4bcc-48ea-4ba0-9ad2-db3cc101b92c.sql,91,storefront_auction_bids,bidder_id,"uuid"
20260316202912_195d4bcc-48ea-4ba0-9ad2-db3cc101b92c.sql,92,storefront_auction_bids,amount,"numeric"
20260316202912_195d4bcc-48ea-4ba0-9ad2-db3cc101b92c.sql,93,storefront_auction_bids,is_winning,"boolean"
20260316202912_195d4bcc-48ea-4ba0-9ad2-db3cc101b92c.sql,94,storefront_auction_bids,created_at,"timestamptz"
20260316202912_195d4bcc-48ea-4ba0-9ad2-db3cc101b92c.sql,148,storefront_warehouses,id,"uuid"
20260316202912_195d4bcc-48ea-4ba0-9ad2-db3cc101b92c.sql,149,storefront_warehouses,shop_id,"uuid"
20260316202912_195d4bcc-48ea-4ba0-9ad2-db3cc101b92c.sql,150,storefront_warehouses,name,"text"
20260316202912_195d4bcc-48ea-4ba0-9ad2-db3cc101b92c.sql,151,storefront_warehouses,address,"text"
20260316202912_195d4bcc-48ea-4ba0-9ad2-db3cc101b92c.sql,152,storefront_warehouses,city,"text"
20260316202912_195d4bcc-48ea-4ba0-9ad2-db3cc101b92c.sql,153,storefront_warehouses,country,"text"
20260316202912_195d4bcc-48ea-4ba0-9ad2-db3cc101b92c.sql,154,storefront_warehouses,latitude,"numeric"
20260316202912_195d4bcc-48ea-4ba0-9ad2-db3cc101b92c.sql,155,storefront_warehouses,longitude,"numeric"
20260316202912_195d4bcc-48ea-4ba0-9ad2-db3cc101b92c.sql,156,storefront_warehouses,is_default,"boolean"
20260316202912_195d4bcc-48ea-4ba0-9ad2-db3cc101b92c.sql,157,storefront_warehouses,active,"boolean"
20260316202912_195d4bcc-48ea-4ba0-9ad2-db3cc101b92c.sql,158,storefront_warehouses,created_at,"timestamptz"
20260316202912_195d4bcc-48ea-4ba0-9ad2-db3cc101b92c.sql,159,storefront_warehouses,updated_at,"timestamptz"
20260316202912_195d4bcc-48ea-4ba0-9ad2-db3cc101b92c.sql,167,storefront_warehouse_stock,id,"uuid"
20260316202912_195d4bcc-48ea-4ba0-9ad2-db3cc101b92c.sql,168,storefront_warehouse_stock,warehouse_id,"uuid"
20260316202912_195d4bcc-48ea-4ba0-9ad2-db3cc101b92c.sql,169,storefront_warehouse_stock,item_id,"uuid"
20260316202912_195d4bcc-48ea-4ba0-9ad2-db3cc101b92c.sql,170,storefront_warehouse_stock,quantity,"int"
20260316202912_195d4bcc-48ea-4ba0-9ad2-db3cc101b92c.sql,171,storefront_warehouse_stock,reserved,"int"
20260316202912_195d4bcc-48ea-4ba0-9ad2-db3cc101b92c.sql,172,storefront_warehouse_stock,reorder_point,"int"
20260316202912_195d4bcc-48ea-4ba0-9ad2-db3cc101b92c.sql,173,storefront_warehouse_stock,updated_at,"timestamptz"
20260316202912_195d4bcc-48ea-4ba0-9ad2-db3cc101b92c.sql,186,storefront_warehouse_transfers,id,"uuid"
20260316202912_195d4bcc-48ea-4ba0-9ad2-db3cc101b92c.sql,187,storefront_warehouse_transfers,shop_id,"uuid"
20260316202912_195d4bcc-48ea-4ba0-9ad2-db3cc101b92c.sql,188,storefront_warehouse_transfers,from_warehouse_id,"uuid"
20260316202912_195d4bcc-48ea-4ba0-9ad2-db3cc101b92c.sql,189,storefront_warehouse_transfers,to_warehouse_id,"uuid"
20260316202912_195d4bcc-48ea-4ba0-9ad2-db3cc101b92c.sql,190,storefront_warehouse_transfers,item_id,"uuid"
20260316202912_195d4bcc-48ea-4ba0-9ad2-db3cc101b92c.sql,191,storefront_warehouse_transfers,quantity,"int"
20260316202912_195d4bcc-48ea-4ba0-9ad2-db3cc101b92c.sql,192,storefront_warehouse_transfers,status,"text"
20260316202912_195d4bcc-48ea-4ba0-9ad2-db3cc101b92c.sql,193,storefront_warehouse_transfers,notes,"text"
20260316202912_195d4bcc-48ea-4ba0-9ad2-db3cc101b92c.sql,194,storefront_warehouse_transfers,created_at,"timestamptz"
20260316202912_195d4bcc-48ea-4ba0-9ad2-db3cc101b92c.sql,195,storefront_warehouse_transfers,completed_at,"timestamptz"
20260316203919_e5a8915f-e672-4fd3-b169-003c97516a39.sql,30,storefront_loyalty_members,id,"uuid"
20260316203919_e5a8915f-e672-4fd3-b169-003c97516a39.sql,31,storefront_loyalty_members,shop_id,"uuid"
20260316203919_e5a8915f-e672-4fd3-b169-003c97516a39.sql,32,storefront_loyalty_members,user_id,"uuid"
20260316203919_e5a8915f-e672-4fd3-b169-003c97516a39.sql,33,storefront_loyalty_members,points,"integer"
20260316203919_e5a8915f-e672-4fd3-b169-003c97516a39.sql,34,storefront_loyalty_members,lifetime_points,"integer"
20260316203919_e5a8915f-e672-4fd3-b169-003c97516a39.sql,35,storefront_loyalty_members,tier,"text"
20260316203919_e5a8915f-e672-4fd3-b169-003c97516a39.sql,36,storefront_loyalty_members,birthday,"date"
20260316203919_e5a8915f-e672-4fd3-b169-003c97516a39.sql,37,storefront_loyalty_members,birthday_bonus_claimed_at,"timestamptz"
20260316203919_e5a8915f-e672-4fd3-b169-003c97516a39.sql,38,storefront_loyalty_members,joined_at,"timestamptz"
20260316203919_e5a8915f-e672-4fd3-b169-003c97516a39.sql,39,storefront_loyalty_members,updated_at,"timestamptz"
20260316203919_e5a8915f-e672-4fd3-b169-003c97516a39.sql,55,storefront_loyalty_transactions,id,"uuid"
20260316203919_e5a8915f-e672-4fd3-b169-003c97516a39.sql,56,storefront_loyalty_transactions,member_id,"uuid"
20260316203919_e5a8915f-e672-4fd3-b169-003c97516a39.sql,57,storefront_loyalty_transactions,shop_id,"uuid"
20260316203919_e5a8915f-e672-4fd3-b169-003c97516a39.sql,58,storefront_loyalty_transactions,points,"integer"
20260316203919_e5a8915f-e672-4fd3-b169-003c97516a39.sql,59,storefront_loyalty_transactions,type,"text"
20260316203919_e5a8915f-e672-4fd3-b169-003c97516a39.sql,60,storefront_loyalty_transactions,description,"text"
20260316203919_e5a8915f-e672-4fd3-b169-003c97516a39.sql,61,storefront_loyalty_transactions,order_id,"uuid"
20260316203919_e5a8915f-e672-4fd3-b169-003c97516a39.sql,62,storefront_loyalty_transactions,created_at,"timestamptz"
20260316203919_e5a8915f-e672-4fd3-b169-003c97516a39.sql,79,storefront_loyalty_rewards,id,"uuid"
20260316203919_e5a8915f-e672-4fd3-b169-003c97516a39.sql,80,storefront_loyalty_rewards,shop_id,"uuid"
20260316203919_e5a8915f-e672-4fd3-b169-003c97516a39.sql,81,storefront_loyalty_rewards,title,"text"
20260316203919_e5a8915f-e672-4fd3-b169-003c97516a39.sql,82,storefront_loyalty_rewards,description,"text"
20260316203919_e5a8915f-e672-4fd3-b169-003c97516a39.sql,83,storefront_loyalty_rewards,points_required,"integer"
20260316203919_e5a8915f-e672-4fd3-b169-003c97516a39.sql,84,storefront_loyalty_rewards,reward_type,"text"
20260316203919_e5a8915f-e672-4fd3-b169-003c97516a39.sql,85,storefront_loyalty_rewards,reward_value,"numeric"
20260316203919_e5a8915f-e672-4fd3-b169-003c97516a39.sql,86,storefront_loyalty_rewards,currency,"text"
20260316203919_e5a8915f-e672-4fd3-b169-003c97516a39.sql,87,storefront_loyalty_rewards,min_tier,"text"
20260316203919_e5a8915f-e672-4fd3-b169-003c97516a39.sql,88,storefront_loyalty_rewards,active,"boolean"
20260316203919_e5a8915f-e672-4fd3-b169-003c97516a39.sql,89,storefront_loyalty_rewards,max_redemptions,"integer"
20260316203919_e5a8915f-e672-4fd3-b169-003c97516a39.sql,90,storefront_loyalty_rewards,current_redemptions,"integer"
20260316203919_e5a8915f-e672-4fd3-b169-003c97516a39.sql,91,storefront_loyalty_rewards,created_at,"timestamptz"
20260316204548_4840056f-1570-48b0-93b5-bd1da6194f71.sql,14,storefront_review_votes,id,"uuid"
20260316204548_4840056f-1570-48b0-93b5-bd1da6194f71.sql,15,storefront_review_votes,review_id,"uuid"
20260316204548_4840056f-1570-48b0-93b5-bd1da6194f71.sql,16,storefront_review_votes,user_id,"uuid"
20260316204548_4840056f-1570-48b0-93b5-bd1da6194f71.sql,17,storefront_review_votes,helpful,"boolean"
20260316204548_4840056f-1570-48b0-93b5-bd1da6194f71.sql,18,storefront_review_votes,created_at,"timestamptz"
20260316204548_4840056f-1570-48b0-93b5-bd1da6194f71.sql,26,storefront_product_questions,id,"uuid"
20260316204548_4840056f-1570-48b0-93b5-bd1da6194f71.sql,27,storefront_product_questions,shop_id,"uuid"
20260316204548_4840056f-1570-48b0-93b5-bd1da6194f71.sql,28,storefront_product_questions,item_id,"uuid"
20260316204548_4840056f-1570-48b0-93b5-bd1da6194f71.sql,29,storefront_product_questions,user_id,"uuid"
20260316204548_4840056f-1570-48b0-93b5-bd1da6194f71.sql,30,storefront_product_questions,question,"text"
20260316204548_4840056f-1570-48b0-93b5-bd1da6194f71.sql,31,storefront_product_questions,answer,"text"
20260316204548_4840056f-1570-48b0-93b5-bd1da6194f71.sql,32,storefront_product_questions,answered_by,"uuid"
20260316204548_4840056f-1570-48b0-93b5-bd1da6194f71.sql,33,storefront_product_questions,answered_at,"timestamptz"
20260316204548_4840056f-1570-48b0-93b5-bd1da6194f71.sql,34,storefront_product_questions,status,"text"
20260316204548_4840056f-1570-48b0-93b5-bd1da6194f71.sql,35,storefront_product_questions,helpful_count,"integer"
20260316204548_4840056f-1570-48b0-93b5-bd1da6194f71.sql,36,storefront_product_questions,created_at,"timestamptz"
20260316204548_4840056f-1570-48b0-93b5-bd1da6194f71.sql,47,storefront_flash_sales,id,"uuid"
20260316204548_4840056f-1570-48b0-93b5-bd1da6194f71.sql,48,storefront_flash_sales,shop_id,"uuid"
20260316204548_4840056f-1570-48b0-93b5-bd1da6194f71.sql,49,storefront_flash_sales,title,"text"
20260316204548_4840056f-1570-48b0-93b5-bd1da6194f71.sql,50,storefront_flash_sales,description,"text"
20260316204548_4840056f-1570-48b0-93b5-bd1da6194f71.sql,51,storefront_flash_sales,item_id,"uuid"
20260316204548_4840056f-1570-48b0-93b5-bd1da6194f71.sql,52,storefront_flash_sales,sale_type,"text"
20260316204548_4840056f-1570-48b0-93b5-bd1da6194f71.sql,53,storefront_flash_sales,discount_percent,"integer"
20260316204548_4840056f-1570-48b0-93b5-bd1da6194f71.sql,54,storefront_flash_sales,discount_amount,"numeric"
20260316204548_4840056f-1570-48b0-93b5-bd1da6194f71.sql,55,storefront_flash_sales,sale_price,"numeric"
20260316204548_4840056f-1570-48b0-93b5-bd1da6194f71.sql,56,storefront_flash_sales,original_price,"numeric"
20260316204548_4840056f-1570-48b0-93b5-bd1da6194f71.sql,57,storefront_flash_sales,currency,"text"
20260316204548_4840056f-1570-48b0-93b5-bd1da6194f71.sql,58,storefront_flash_sales,stock_limit,"integer"
20260316204548_4840056f-1570-48b0-93b5-bd1da6194f71.sql,59,storefront_flash_sales,sold_count,"integer"
20260316204548_4840056f-1570-48b0-93b5-bd1da6194f71.sql,60,storefront_flash_sales,starts_at,"timestamptz"
20260316204548_4840056f-1570-48b0-93b5-bd1da6194f71.sql,61,storefront_flash_sales,ends_at,"timestamptz"
20260316204548_4840056f-1570-48b0-93b5-bd1da6194f71.sql,62,storefront_flash_sales,status,"text"
20260316204548_4840056f-1570-48b0-93b5-bd1da6194f71.sql,63,storefront_flash_sales,notify_subscribers,"boolean"
20260316204548_4840056f-1570-48b0-93b5-bd1da6194f71.sql,64,storefront_flash_sales,created_at,"timestamptz"
20260316204548_4840056f-1570-48b0-93b5-bd1da6194f71.sql,65,storefront_flash_sales,updated_at,"timestamptz"
20260316204548_4840056f-1570-48b0-93b5-bd1da6194f71.sql,77,storefront_deal_subscribers,id,"uuid"
20260316204548_4840056f-1570-48b0-93b5-bd1da6194f71.sql,78,storefront_deal_subscribers,shop_id,"uuid"
20260316204548_4840056f-1570-48b0-93b5-bd1da6194f71.sql,79,storefront_deal_subscribers,user_id,"uuid"
20260316204548_4840056f-1570-48b0-93b5-bd1da6194f71.sql,80,storefront_deal_subscribers,email,"text"
20260316204548_4840056f-1570-48b0-93b5-bd1da6194f71.sql,81,storefront_deal_subscribers,notify_flash,"boolean"
20260316204548_4840056f-1570-48b0-93b5-bd1da6194f71.sql,82,storefront_deal_subscribers,notify_daily,"boolean"
20260316204548_4840056f-1570-48b0-93b5-bd1da6194f71.sql,83,storefront_deal_subscribers,created_at,"timestamptz"
20260316205905_c8c2915b-f671-4457-a341-10dde229e69f.sql,8,storefront_shipments,id,"uuid"
20260316205905_c8c2915b-f671-4457-a341-10dde229e69f.sql,9,storefront_shipments,shop_id,"uuid"
20260316205905_c8c2915b-f671-4457-a341-10dde229e69f.sql,10,storefront_shipments,order_id,"uuid"
20260316205905_c8c2915b-f671-4457-a341-10dde229e69f.sql,11,storefront_shipments,tracking_number,"text"
20260316205905_c8c2915b-f671-4457-a341-10dde229e69f.sql,12,storefront_shipments,status,"text"
20260316205905_c8c2915b-f671-4457-a341-10dde229e69f.sql,13,storefront_shipments,shipped_at,"timestamptz"
20260316205905_c8c2915b-f671-4457-a341-10dde229e69f.sql,14,storefront_shipments,shipping_fee,"numeric"
20260316205905_c8c2915b-f671-4457-a341-10dde229e69f.sql,15,storefront_shipments,notes,"text"
20260316205905_c8c2915b-f671-4457-a341-10dde229e69f.sql,16,storefront_shipments,created_at,"timestamptz"
20260316205905_c8c2915b-f671-4457-a341-10dde229e69f.sql,30,storefront_tax_rules,id,"uuid"
20260316205905_c8c2915b-f671-4457-a341-10dde229e69f.sql,31,storefront_tax_rules,shop_id,"uuid"
20260316205905_c8c2915b-f671-4457-a341-10dde229e69f.sql,32,storefront_tax_rules,user_id,"uuid"
20260316205905_c8c2915b-f671-4457-a341-10dde229e69f.sql,33,storefront_tax_rules,tax_name,"text"
20260316205905_c8c2915b-f671-4457-a341-10dde229e69f.sql,34,storefront_tax_rules,tax_inclusive,"boolean"
20260316205905_c8c2915b-f671-4457-a341-10dde229e69f.sql,35,storefront_tax_rules,applies_to,"text"
20260316205905_c8c2915b-f671-4457-a341-10dde229e69f.sql,36,storefront_tax_rules,tax_exempt_categories,"text[]"
20260316205905_c8c2915b-f671-4457-a341-10dde229e69f.sql,37,storefront_tax_rules,created_at,"timestamptz"
20260316205905_c8c2915b-f671-4457-a341-10dde229e69f.sql,49,storefront_invoices,id,"uuid"
20260316205905_c8c2915b-f671-4457-a341-10dde229e69f.sql,50,storefront_invoices,shop_id,"uuid"
20260316205905_c8c2915b-f671-4457-a341-10dde229e69f.sql,51,storefront_invoices,order_id,"uuid"
20260316205905_c8c2915b-f671-4457-a341-10dde229e69f.sql,52,storefront_invoices,invoice_number,"text"
20260316205905_c8c2915b-f671-4457-a341-10dde229e69f.sql,53,storefront_invoices,subtotal,"numeric"
20260316205905_c8c2915b-f671-4457-a341-10dde229e69f.sql,54,storefront_invoices,tax_name,"text"
20260316205905_c8c2915b-f671-4457-a341-10dde229e69f.sql,55,storefront_invoices,total,"numeric"
20260316205905_c8c2915b-f671-4457-a341-10dde229e69f.sql,56,storefront_invoices,status,"text"
20260316205905_c8c2915b-f671-4457-a341-10dde229e69f.sql,57,storefront_invoices,issued_at,"timestamptz"
20260316205905_c8c2915b-f671-4457-a341-10dde229e69f.sql,58,storefront_invoices,created_at,"timestamptz"
20260316205905_c8c2915b-f671-4457-a341-10dde229e69f.sql,83,storefront_analytics_events,id,"uuid"
20260316205905_c8c2915b-f671-4457-a341-10dde229e69f.sql,84,storefront_analytics_events,shop_id,"uuid"
20260316205905_c8c2915b-f671-4457-a341-10dde229e69f.sql,85,storefront_analytics_events,event_type,"text"
20260316205905_c8c2915b-f671-4457-a341-10dde229e69f.sql,86,storefront_analytics_events,item_id,"uuid"
20260316205905_c8c2915b-f671-4457-a341-10dde229e69f.sql,87,storefront_analytics_events,metadata_json,"jsonb"
20260316205905_c8c2915b-f671-4457-a341-10dde229e69f.sql,88,storefront_analytics_events,created_at,"timestamptz"
20260316211215_59f7a6cb-5e72-4521-90e3-46a245f9387e.sql,11,storefront_support_tickets,id,"uuid"
20260316211215_59f7a6cb-5e72-4521-90e3-46a245f9387e.sql,12,storefront_support_tickets,shop_id,"uuid"
20260316211215_59f7a6cb-5e72-4521-90e3-46a245f9387e.sql,13,storefront_support_tickets,customer_id,"uuid"
20260316211215_59f7a6cb-5e72-4521-90e3-46a245f9387e.sql,14,storefront_support_tickets,order_id,"uuid"
20260316211215_59f7a6cb-5e72-4521-90e3-46a245f9387e.sql,15,storefront_support_tickets,subject,"text"
20260316211215_59f7a6cb-5e72-4521-90e3-46a245f9387e.sql,16,storefront_support_tickets,description,"text"
20260316211215_59f7a6cb-5e72-4521-90e3-46a245f9387e.sql,17,storefront_support_tickets,category,"text"
20260316211215_59f7a6cb-5e72-4521-90e3-46a245f9387e.sql,18,storefront_support_tickets,priority,"text"
20260316211215_59f7a6cb-5e72-4521-90e3-46a245f9387e.sql,19,storefront_support_tickets,status,"text"
20260316211215_59f7a6cb-5e72-4521-90e3-46a245f9387e.sql,20,storefront_support_tickets,assigned_to,"uuid"
20260316211215_59f7a6cb-5e72-4521-90e3-46a245f9387e.sql,21,storefront_support_tickets,resolved_at,"timestamptz"
20260316211215_59f7a6cb-5e72-4521-90e3-46a245f9387e.sql,22,storefront_support_tickets,satisfaction_rating,"integer"
20260316211215_59f7a6cb-5e72-4521-90e3-46a245f9387e.sql,23,storefront_support_tickets,created_at,"timestamptz"
20260316211215_59f7a6cb-5e72-4521-90e3-46a245f9387e.sql,24,storefront_support_tickets,updated_at,"timestamptz"
20260316211215_59f7a6cb-5e72-4521-90e3-46a245f9387e.sql,28,storefront_ticket_messages,id,"uuid"
20260316211215_59f7a6cb-5e72-4521-90e3-46a245f9387e.sql,29,storefront_ticket_messages,ticket_id,"uuid"
20260316211215_59f7a6cb-5e72-4521-90e3-46a245f9387e.sql,30,storefront_ticket_messages,sender_id,"uuid"
20260316211215_59f7a6cb-5e72-4521-90e3-46a245f9387e.sql,31,storefront_ticket_messages,sender_role,"text"
20260316211215_59f7a6cb-5e72-4521-90e3-46a245f9387e.sql,32,storefront_ticket_messages,message,"text"
20260316211215_59f7a6cb-5e72-4521-90e3-46a245f9387e.sql,33,storefront_ticket_messages,attachment_urls,"jsonb"
20260316211215_59f7a6cb-5e72-4521-90e3-46a245f9387e.sql,34,storefront_ticket_messages,created_at,"timestamptz"
20260316211215_59f7a6cb-5e72-4521-90e3-46a245f9387e.sql,38,storefront_faq,id,"uuid"
20260316211215_59f7a6cb-5e72-4521-90e3-46a245f9387e.sql,39,storefront_faq,shop_id,"uuid"
20260316211215_59f7a6cb-5e72-4521-90e3-46a245f9387e.sql,40,storefront_faq,user_id,"uuid"
20260316211215_59f7a6cb-5e72-4521-90e3-46a245f9387e.sql,41,storefront_faq,question,"text"
20260316211215_59f7a6cb-5e72-4521-90e3-46a245f9387e.sql,42,storefront_faq,answer,"text"
20260316211215_59f7a6cb-5e72-4521-90e3-46a245f9387e.sql,43,storefront_faq,category,"text"
20260316211215_59f7a6cb-5e72-4521-90e3-46a245f9387e.sql,44,storefront_faq,sort_order,"integer"
20260316211215_59f7a6cb-5e72-4521-90e3-46a245f9387e.sql,45,storefront_faq,published,"boolean"
20260316211215_59f7a6cb-5e72-4521-90e3-46a245f9387e.sql,46,storefront_faq,helpful_count,"integer"
20260316211215_59f7a6cb-5e72-4521-90e3-46a245f9387e.sql,47,storefront_faq,created_at,"timestamptz"
20260316211215_59f7a6cb-5e72-4521-90e3-46a245f9387e.sql,48,storefront_faq,updated_at,"timestamptz"
20260316211215_59f7a6cb-5e72-4521-90e3-46a245f9387e.sql,69,storefront_live_sessions,id,"uuid"
20260316211215_59f7a6cb-5e72-4521-90e3-46a245f9387e.sql,70,storefront_live_sessions,shop_id,"uuid"
20260316211215_59f7a6cb-5e72-4521-90e3-46a245f9387e.sql,71,storefront_live_sessions,host_id,"uuid"
20260316211215_59f7a6cb-5e72-4521-90e3-46a245f9387e.sql,72,storefront_live_sessions,title,"text"
20260316211215_59f7a6cb-5e72-4521-90e3-46a245f9387e.sql,73,storefront_live_sessions,description,"text"
20260316211215_59f7a6cb-5e72-4521-90e3-46a245f9387e.sql,74,storefront_live_sessions,status,"text"
20260316211215_59f7a6cb-5e72-4521-90e3-46a245f9387e.sql,75,storefront_live_sessions,scheduled_at,"timestamptz"
20260316211215_59f7a6cb-5e72-4521-90e3-46a245f9387e.sql,76,storefront_live_sessions,started_at,"timestamptz"
20260316211215_59f7a6cb-5e72-4521-90e3-46a245f9387e.sql,77,storefront_live_sessions,ended_at,"timestamptz"
20260316211215_59f7a6cb-5e72-4521-90e3-46a245f9387e.sql,78,storefront_live_sessions,viewer_count,"integer"
20260316211215_59f7a6cb-5e72-4521-90e3-46a245f9387e.sql,79,storefront_live_sessions,peak_viewers,"integer"
20260316211215_59f7a6cb-5e72-4521-90e3-46a245f9387e.sql,80,storefront_live_sessions,featured_items,"jsonb"
20260316211215_59f7a6cb-5e72-4521-90e3-46a245f9387e.sql,81,storefront_live_sessions,stream_url,"text"
20260316211215_59f7a6cb-5e72-4521-90e3-46a245f9387e.sql,82,storefront_live_sessions,thumbnail_url,"text"
20260316211215_59f7a6cb-5e72-4521-90e3-46a245f9387e.sql,83,storefront_live_sessions,created_at,"timestamptz"
20260316211215_59f7a6cb-5e72-4521-90e3-46a245f9387e.sql,84,storefront_live_sessions,updated_at,"timestamptz"
20260316211215_59f7a6cb-5e72-4521-90e3-46a245f9387e.sql,88,storefront_influencer_collabs,id,"uuid"
20260316211215_59f7a6cb-5e72-4521-90e3-46a245f9387e.sql,89,storefront_influencer_collabs,shop_id,"uuid"
20260316211215_59f7a6cb-5e72-4521-90e3-46a245f9387e.sql,90,storefront_influencer_collabs,influencer_id,"uuid"
20260316211215_59f7a6cb-5e72-4521-90e3-46a245f9387e.sql,91,storefront_influencer_collabs,status,"text"
20260316211215_59f7a6cb-5e72-4521-90e3-46a245f9387e.sql,92,storefront_influencer_collabs,commission_percent,"numeric"
20260316211215_59f7a6cb-5e72-4521-90e3-46a245f9387e.sql,93,storefront_influencer_collabs,promo_code,"text"
20260316211215_59f7a6cb-5e72-4521-90e3-46a245f9387e.sql,94,storefront_influencer_collabs,total_sales,"numeric"
20260316211215_59f7a6cb-5e72-4521-90e3-46a245f9387e.sql,95,storefront_influencer_collabs,total_commission,"numeric"
20260316211215_59f7a6cb-5e72-4521-90e3-46a245f9387e.sql,96,storefront_influencer_collabs,notes,"text"
20260316211215_59f7a6cb-5e72-4521-90e3-46a245f9387e.sql,97,storefront_influencer_collabs,created_at,"timestamptz"
20260316211215_59f7a6cb-5e72-4521-90e3-46a245f9387e.sql,98,storefront_influencer_collabs,updated_at,"timestamptz"
20260316211215_59f7a6cb-5e72-4521-90e3-46a245f9387e.sql,115,storefront_subscription_plans,id,"uuid"
20260316211215_59f7a6cb-5e72-4521-90e3-46a245f9387e.sql,116,storefront_subscription_plans,shop_id,"uuid"
20260316211215_59f7a6cb-5e72-4521-90e3-46a245f9387e.sql,117,storefront_subscription_plans,user_id,"uuid"
20260316211215_59f7a6cb-5e72-4521-90e3-46a245f9387e.sql,118,storefront_subscription_plans,name,"text"
20260316211215_59f7a6cb-5e72-4521-90e3-46a245f9387e.sql,119,storefront_subscription_plans,description,"text"
20260316211215_59f7a6cb-5e72-4521-90e3-46a245f9387e.sql,120,storefront_subscription_plans,item_ids,"jsonb"
20260316211215_59f7a6cb-5e72-4521-90e3-46a245f9387e.sql,121,storefront_subscription_plans,price,"numeric"
20260316211215_59f7a6cb-5e72-4521-90e3-46a245f9387e.sql,122,storefront_subscription_plans,currency,"text"
20260316211215_59f7a6cb-5e72-4521-90e3-46a245f9387e.sql,123,storefront_subscription_plans,billing_interval,"text"
20260316211215_59f7a6cb-5e72-4521-90e3-46a245f9387e.sql,124,storefront_subscription_plans,trial_days,"integer"
20260316211215_59f7a6cb-5e72-4521-90e3-46a245f9387e.sql,125,storefront_subscription_plans,max_subscribers,"integer"
20260316211215_59f7a6cb-5e72-4521-90e3-46a245f9387e.sql,126,storefront_subscription_plans,active,"boolean"
20260316211215_59f7a6cb-5e72-4521-90e3-46a245f9387e.sql,127,storefront_subscription_plans,photo_url,"text"
20260316211215_59f7a6cb-5e72-4521-90e3-46a245f9387e.sql,128,storefront_subscription_plans,created_at,"timestamptz"
20260316211215_59f7a6cb-5e72-4521-90e3-46a245f9387e.sql,129,storefront_subscription_plans,updated_at,"timestamptz"
20260316211215_59f7a6cb-5e72-4521-90e3-46a245f9387e.sql,133,storefront_subscriptions_v2,id,"uuid"
20260316211215_59f7a6cb-5e72-4521-90e3-46a245f9387e.sql,134,storefront_subscriptions_v2,plan_id,"uuid"
20260316211215_59f7a6cb-5e72-4521-90e3-46a245f9387e.sql,135,storefront_subscriptions_v2,shop_id,"uuid"
20260316211215_59f7a6cb-5e72-4521-90e3-46a245f9387e.sql,136,storefront_subscriptions_v2,subscriber_id,"uuid"
20260316211215_59f7a6cb-5e72-4521-90e3-46a245f9387e.sql,137,storefront_subscriptions_v2,status,"text"
20260316211215_59f7a6cb-5e72-4521-90e3-46a245f9387e.sql,138,storefront_subscriptions_v2,current_period_start,"timestamptz"
20260316211215_59f7a6cb-5e72-4521-90e3-46a245f9387e.sql,139,storefront_subscriptions_v2,current_period_end,"timestamptz"
20260316211215_59f7a6cb-5e72-4521-90e3-46a245f9387e.sql,140,storefront_subscriptions_v2,next_billing_at,"timestamptz"
20260316211215_59f7a6cb-5e72-4521-90e3-46a245f9387e.sql,141,storefront_subscriptions_v2,cancelled_at,"timestamptz"
20260316211215_59f7a6cb-5e72-4521-90e3-46a245f9387e.sql,142,storefront_subscriptions_v2,pause_until,"timestamptz"
20260316211215_59f7a6cb-5e72-4521-90e3-46a245f9387e.sql,143,storefront_subscriptions_v2,total_paid,"numeric"
20260316211215_59f7a6cb-5e72-4521-90e3-46a245f9387e.sql,144,storefront_subscriptions_v2,orders_count,"integer"
20260316211215_59f7a6cb-5e72-4521-90e3-46a245f9387e.sql,145,storefront_subscriptions_v2,shipping_address,"jsonb"
20260316211215_59f7a6cb-5e72-4521-90e3-46a245f9387e.sql,146,storefront_subscriptions_v2,created_at,"timestamptz"
20260316211215_59f7a6cb-5e72-4521-90e3-46a245f9387e.sql,147,storefront_subscriptions_v2,updated_at,"timestamptz"
20260316211215_59f7a6cb-5e72-4521-90e3-46a245f9387e.sql,151,storefront_subscription_orders,id,"uuid"
20260316211215_59f7a6cb-5e72-4521-90e3-46a245f9387e.sql,152,storefront_subscription_orders,subscription_id,"uuid"
20260316211215_59f7a6cb-5e72-4521-90e3-46a245f9387e.sql,153,storefront_subscription_orders,shop_id,"uuid"
20260316211215_59f7a6cb-5e72-4521-90e3-46a245f9387e.sql,154,storefront_subscription_orders,order_id,"uuid"
20260316211215_59f7a6cb-5e72-4521-90e3-46a245f9387e.sql,155,storefront_subscription_orders,period_start,"timestamptz"
20260316211215_59f7a6cb-5e72-4521-90e3-46a245f9387e.sql,156,storefront_subscription_orders,period_end,"timestamptz"
20260316211215_59f7a6cb-5e72-4521-90e3-46a245f9387e.sql,157,storefront_subscription_orders,amount,"numeric"
20260316211215_59f7a6cb-5e72-4521-90e3-46a245f9387e.sql,158,storefront_subscription_orders,currency,"text"
20260316211215_59f7a6cb-5e72-4521-90e3-46a245f9387e.sql,159,storefront_subscription_orders,status,"text"
20260316211215_59f7a6cb-5e72-4521-90e3-46a245f9387e.sql,160,storefront_subscription_orders,created_at,"timestamptz"
20260316211914_6b39c45c-8c68-4752-9e0a-81b5ac919802.sql,8,storefront_notification_preferences,id,"uuid"
20260316211914_6b39c45c-8c68-4752-9e0a-81b5ac919802.sql,9,storefront_notification_preferences,shop_id,"uuid"
20260316211914_6b39c45c-8c68-4752-9e0a-81b5ac919802.sql,10,storefront_notification_preferences,user_id,"uuid"
20260316211914_6b39c45c-8c68-4752-9e0a-81b5ac919802.sql,11,storefront_notification_preferences,notify_orders,"boolean"
20260316211914_6b39c45c-8c68-4752-9e0a-81b5ac919802.sql,12,storefront_notification_preferences,notify_shipping,"boolean"
20260316211914_6b39c45c-8c68-4752-9e0a-81b5ac919802.sql,13,storefront_notification_preferences,notify_promotions,"boolean"
20260316211914_6b39c45c-8c68-4752-9e0a-81b5ac919802.sql,14,storefront_notification_preferences,notify_reviews,"boolean"
20260316211914_6b39c45c-8c68-4752-9e0a-81b5ac919802.sql,15,storefront_notification_preferences,notify_deals,"boolean"
20260316211914_6b39c45c-8c68-4752-9e0a-81b5ac919802.sql,16,storefront_notification_preferences,notify_live,"boolean"
20260316211914_6b39c45c-8c68-4752-9e0a-81b5ac919802.sql,17,storefront_notification_preferences,channel_email,"boolean"
20260316211914_6b39c45c-8c68-4752-9e0a-81b5ac919802.sql,18,storefront_notification_preferences,channel_push,"boolean"
20260316211914_6b39c45c-8c68-4752-9e0a-81b5ac919802.sql,19,storefront_notification_preferences,channel_sms,"boolean"
20260316211914_6b39c45c-8c68-4752-9e0a-81b5ac919802.sql,20,storefront_notification_preferences,digest_frequency,"text"
20260316211914_6b39c45c-8c68-4752-9e0a-81b5ac919802.sql,21,storefront_notification_preferences,created_at,"timestamptz"
20260316211914_6b39c45c-8c68-4752-9e0a-81b5ac919802.sql,22,storefront_notification_preferences,updated_at,"timestamptz"
20260316211914_6b39c45c-8c68-4752-9e0a-81b5ac919802.sql,27,storefront_notification_log,id,"uuid"
20260316211914_6b39c45c-8c68-4752-9e0a-81b5ac919802.sql,28,storefront_notification_log,shop_id,"uuid"
20260316211914_6b39c45c-8c68-4752-9e0a-81b5ac919802.sql,29,storefront_notification_log,user_id,"uuid"
20260316211914_6b39c45c-8c68-4752-9e0a-81b5ac919802.sql,30,storefront_notification_log,event_type,"text"
20260316211914_6b39c45c-8c68-4752-9e0a-81b5ac919802.sql,31,storefront_notification_log,channel,"text"
20260316211914_6b39c45c-8c68-4752-9e0a-81b5ac919802.sql,32,storefront_notification_log,title,"text"
20260316211914_6b39c45c-8c68-4752-9e0a-81b5ac919802.sql,33,storefront_notification_log,body,"text"
20260316211914_6b39c45c-8c68-4752-9e0a-81b5ac919802.sql,34,storefront_notification_log,metadata_json,"jsonb"
20260316211914_6b39c45c-8c68-4752-9e0a-81b5ac919802.sql,35,storefront_notification_log,sent_at,"timestamptz"
20260316211914_6b39c45c-8c68-4752-9e0a-81b5ac919802.sql,36,storefront_notification_log,read_at,"timestamptz"
20260316211914_6b39c45c-8c68-4752-9e0a-81b5ac919802.sql,37,storefront_notification_log,clicked_at,"timestamptz"
20260316211914_6b39c45c-8c68-4752-9e0a-81b5ac919802.sql,42,storefront_store_groups,id,"uuid"
20260316211914_6b39c45c-8c68-4752-9e0a-81b5ac919802.sql,43,storefront_store_groups,owner_id,"uuid"
20260316211914_6b39c45c-8c68-4752-9e0a-81b5ac919802.sql,44,storefront_store_groups,name,"text"
20260316211914_6b39c45c-8c68-4752-9e0a-81b5ac919802.sql,45,storefront_store_groups,description,"text"
20260316211914_6b39c45c-8c68-4752-9e0a-81b5ac919802.sql,46,storefront_store_groups,created_at,"timestamptz"
20260316211914_6b39c45c-8c68-4752-9e0a-81b5ac919802.sql,47,storefront_store_groups,updated_at,"timestamptz"
20260316211914_6b39c45c-8c68-4752-9e0a-81b5ac919802.sql,51,storefront_store_group_members,id,"uuid"
20260316211914_6b39c45c-8c68-4752-9e0a-81b5ac919802.sql,52,storefront_store_group_members,group_id,"uuid"
20260316211914_6b39c45c-8c68-4752-9e0a-81b5ac919802.sql,53,storefront_store_group_members,shop_id,"uuid"
20260316211914_6b39c45c-8c68-4752-9e0a-81b5ac919802.sql,54,storefront_store_group_members,role,"text"
20260316211914_6b39c45c-8c68-4752-9e0a-81b5ac919802.sql,55,storefront_store_group_members,added_at,"timestamptz"
20260316211914_6b39c45c-8c68-4752-9e0a-81b5ac919802.sql,72,storefront_challenges,id,"uuid"
20260316211914_6b39c45c-8c68-4752-9e0a-81b5ac919802.sql,73,storefront_challenges,shop_id,"uuid"
20260316211914_6b39c45c-8c68-4752-9e0a-81b5ac919802.sql,74,storefront_challenges,user_id,"uuid"
20260316211914_6b39c45c-8c68-4752-9e0a-81b5ac919802.sql,75,storefront_challenges,title,"text"
20260316211914_6b39c45c-8c68-4752-9e0a-81b5ac919802.sql,76,storefront_challenges,description,"text"
20260316211914_6b39c45c-8c68-4752-9e0a-81b5ac919802.sql,77,storefront_challenges,challenge_type,"text"
20260316211914_6b39c45c-8c68-4752-9e0a-81b5ac919802.sql,78,storefront_challenges,target_value,"integer"
20260316211914_6b39c45c-8c68-4752-9e0a-81b5ac919802.sql,79,storefront_challenges,reward_points,"integer"
20260316211914_6b39c45c-8c68-4752-9e0a-81b5ac919802.sql,80,storefront_challenges,reward_badge,"text"
20260316211914_6b39c45c-8c68-4752-9e0a-81b5ac919802.sql,81,storefront_challenges,starts_at,"timestamptz"
20260316211914_6b39c45c-8c68-4752-9e0a-81b5ac919802.sql,82,storefront_challenges,ends_at,"timestamptz"
20260316211914_6b39c45c-8c68-4752-9e0a-81b5ac919802.sql,83,storefront_challenges,active,"boolean"
20260316211914_6b39c45c-8c68-4752-9e0a-81b5ac919802.sql,84,storefront_challenges,created_at,"timestamptz"
20260316211914_6b39c45c-8c68-4752-9e0a-81b5ac919802.sql,88,storefront_challenge_progress,id,"uuid"
20260316211914_6b39c45c-8c68-4752-9e0a-81b5ac919802.sql,89,storefront_challenge_progress,challenge_id,"uuid"
20260316211914_6b39c45c-8c68-4752-9e0a-81b5ac919802.sql,90,storefront_challenge_progress,user_id,"uuid"
20260316211914_6b39c45c-8c68-4752-9e0a-81b5ac919802.sql,91,storefront_challenge_progress,current_value,"integer"
20260316211914_6b39c45c-8c68-4752-9e0a-81b5ac919802.sql,92,storefront_challenge_progress,completed,"boolean"
20260316211914_6b39c45c-8c68-4752-9e0a-81b5ac919802.sql,93,storefront_challenge_progress,completed_at,"timestamptz"
20260316211914_6b39c45c-8c68-4752-9e0a-81b5ac919802.sql,94,storefront_challenge_progress,created_at,"timestamptz"
20260316211914_6b39c45c-8c68-4752-9e0a-81b5ac919802.sql,95,storefront_challenge_progress,updated_at,"timestamptz"
20260316211914_6b39c45c-8c68-4752-9e0a-81b5ac919802.sql,100,storefront_badges,id,"uuid"
20260316211914_6b39c45c-8c68-4752-9e0a-81b5ac919802.sql,101,storefront_badges,shop_id,"uuid"
20260316211914_6b39c45c-8c68-4752-9e0a-81b5ac919802.sql,102,storefront_badges,user_id,"uuid"
20260316211914_6b39c45c-8c68-4752-9e0a-81b5ac919802.sql,103,storefront_badges,name,"text"
20260316211914_6b39c45c-8c68-4752-9e0a-81b5ac919802.sql,104,storefront_badges,description,"text"
20260316211914_6b39c45c-8c68-4752-9e0a-81b5ac919802.sql,105,storefront_badges,icon_url,"text"
20260316211914_6b39c45c-8c68-4752-9e0a-81b5ac919802.sql,106,storefront_badges,badge_type,"text"
20260316211914_6b39c45c-8c68-4752-9e0a-81b5ac919802.sql,107,storefront_badges,criteria_json,"jsonb"
20260316211914_6b39c45c-8c68-4752-9e0a-81b5ac919802.sql,108,storefront_badges,created_at,"timestamptz"
20260316211914_6b39c45c-8c68-4752-9e0a-81b5ac919802.sql,112,storefront_user_badges,id,"uuid"
20260316211914_6b39c45c-8c68-4752-9e0a-81b5ac919802.sql,113,storefront_user_badges,badge_id,"uuid"
20260316211914_6b39c45c-8c68-4752-9e0a-81b5ac919802.sql,114,storefront_user_badges,user_id,"uuid"
20260316211914_6b39c45c-8c68-4752-9e0a-81b5ac919802.sql,115,storefront_user_badges,earned_at,"timestamptz"
20260316211914_6b39c45c-8c68-4752-9e0a-81b5ac919802.sql,120,storefront_leaderboard,id,"uuid"
20260316211914_6b39c45c-8c68-4752-9e0a-81b5ac919802.sql,121,storefront_leaderboard,shop_id,"uuid"
20260316211914_6b39c45c-8c68-4752-9e0a-81b5ac919802.sql,122,storefront_leaderboard,user_id,"uuid"
20260316211914_6b39c45c-8c68-4752-9e0a-81b5ac919802.sql,123,storefront_leaderboard,points,"integer"
20260316211914_6b39c45c-8c68-4752-9e0a-81b5ac919802.sql,124,storefront_leaderboard,rank,"integer"
20260316211914_6b39c45c-8c68-4752-9e0a-81b5ac919802.sql,125,storefront_leaderboard,period,"text"
20260316211914_6b39c45c-8c68-4752-9e0a-81b5ac919802.sql,126,storefront_leaderboard,updated_at,"timestamptz"
20260316212648_21b0e1aa-a110-479e-bbd2-2f55069e2d3b.sql,4,storefront_wishlists,id,"uuid"
20260316212648_21b0e1aa-a110-479e-bbd2-2f55069e2d3b.sql,5,storefront_wishlists,user_id,"uuid"
20260316212648_21b0e1aa-a110-479e-bbd2-2f55069e2d3b.sql,6,storefront_wishlists,shop_id,"uuid"
20260316212648_21b0e1aa-a110-479e-bbd2-2f55069e2d3b.sql,7,storefront_wishlists,item_id,"uuid"
20260316212648_21b0e1aa-a110-479e-bbd2-2f55069e2d3b.sql,8,storefront_wishlists,price_at_add,"numeric"
20260316212648_21b0e1aa-a110-479e-bbd2-2f55069e2d3b.sql,9,storefront_wishlists,notify_price_drop,"boolean"
20260316212648_21b0e1aa-a110-479e-bbd2-2f55069e2d3b.sql,10,storefront_wishlists,notify_back_in_stock,"boolean"
20260316212648_21b0e1aa-a110-479e-bbd2-2f55069e2d3b.sql,11,storefront_wishlists,created_at,"timestamptz"
20260316212648_21b0e1aa-a110-479e-bbd2-2f55069e2d3b.sql,16,storefront_wishlist_shares,id,"uuid"
20260316212648_21b0e1aa-a110-479e-bbd2-2f55069e2d3b.sql,17,storefront_wishlist_shares,user_id,"uuid"
20260316212648_21b0e1aa-a110-479e-bbd2-2f55069e2d3b.sql,18,storefront_wishlist_shares,shop_id,"uuid"
20260316212648_21b0e1aa-a110-479e-bbd2-2f55069e2d3b.sql,19,storefront_wishlist_shares,share_token,"text"
20260316212648_21b0e1aa-a110-479e-bbd2-2f55069e2d3b.sql,20,storefront_wishlist_shares,item_ids,"text[]"
20260316212648_21b0e1aa-a110-479e-bbd2-2f55069e2d3b.sql,21,storefront_wishlist_shares,title,"text"
20260316212648_21b0e1aa-a110-479e-bbd2-2f55069e2d3b.sql,22,storefront_wishlist_shares,created_at,"timestamptz"
20260316213708_88c72a60-0346-4290-aed4-eb5f878e8240.sql,4,storefront_live_chat,id,"uuid"
20260316213708_88c72a60-0346-4290-aed4-eb5f878e8240.sql,5,storefront_live_chat,session_id,"uuid"
20260316213708_88c72a60-0346-4290-aed4-eb5f878e8240.sql,6,storefront_live_chat,user_id,"uuid"
20260316213708_88c72a60-0346-4290-aed4-eb5f878e8240.sql,7,storefront_live_chat,user_name,"text"
20260316213708_88c72a60-0346-4290-aed4-eb5f878e8240.sql,8,storefront_live_chat,message,"text"
20260316213708_88c72a60-0346-4290-aed4-eb5f878e8240.sql,9,storefront_live_chat,created_at,"timestamptz"
20260316213708_88c72a60-0346-4290-aed4-eb5f878e8240.sql,17,storefront_affiliate_programs,id,"uuid"
20260316213708_88c72a60-0346-4290-aed4-eb5f878e8240.sql,18,storefront_affiliate_programs,shop_id,"uuid"
20260316213708_88c72a60-0346-4290-aed4-eb5f878e8240.sql,19,storefront_affiliate_programs,default_commission_rate,"numeric"
20260316213708_88c72a60-0346-4290-aed4-eb5f878e8240.sql,20,storefront_affiliate_programs,cookie_days,"integer"
20260316213708_88c72a60-0346-4290-aed4-eb5f878e8240.sql,21,storefront_affiliate_programs,min_payout,"numeric"
20260316213708_88c72a60-0346-4290-aed4-eb5f878e8240.sql,22,storefront_affiliate_programs,enabled,"boolean"
20260316213708_88c72a60-0346-4290-aed4-eb5f878e8240.sql,23,storefront_affiliate_programs,created_at,"timestamptz"
20260316213708_88c72a60-0346-4290-aed4-eb5f878e8240.sql,31,storefront_affiliates,id,"uuid"
20260316213708_88c72a60-0346-4290-aed4-eb5f878e8240.sql,32,storefront_affiliates,shop_id,"uuid"
20260316213708_88c72a60-0346-4290-aed4-eb5f878e8240.sql,33,storefront_affiliates,user_id,"uuid"
20260316213708_88c72a60-0346-4290-aed4-eb5f878e8240.sql,34,storefront_affiliates,referral_code,"text"
20260316213708_88c72a60-0346-4290-aed4-eb5f878e8240.sql,35,storefront_affiliates,commission_rate,"numeric"
20260316213708_88c72a60-0346-4290-aed4-eb5f878e8240.sql,36,storefront_affiliates,status,"text"
20260316213708_88c72a60-0346-4290-aed4-eb5f878e8240.sql,37,storefront_affiliates,total_earned,"numeric"
20260316213708_88c72a60-0346-4290-aed4-eb5f878e8240.sql,38,storefront_affiliates,total_clicks,"integer"
20260316213708_88c72a60-0346-4290-aed4-eb5f878e8240.sql,39,storefront_affiliates,total_conversions,"integer"
20260316213708_88c72a60-0346-4290-aed4-eb5f878e8240.sql,40,storefront_affiliates,created_at,"timestamptz"
20260316213708_88c72a60-0346-4290-aed4-eb5f878e8240.sql,50,storefront_affiliate_conversions,id,"uuid"
20260316213708_88c72a60-0346-4290-aed4-eb5f878e8240.sql,51,storefront_affiliate_conversions,affiliate_id,"uuid"
20260316213708_88c72a60-0346-4290-aed4-eb5f878e8240.sql,52,storefront_affiliate_conversions,order_id,"uuid"
20260316213708_88c72a60-0346-4290-aed4-eb5f878e8240.sql,53,storefront_affiliate_conversions,order_amount,"numeric"
20260316213708_88c72a60-0346-4290-aed4-eb5f878e8240.sql,54,storefront_affiliate_conversions,commission_amount,"numeric"
20260316213708_88c72a60-0346-4290-aed4-eb5f878e8240.sql,55,storefront_affiliate_conversions,status,"text"
20260316213708_88c72a60-0346-4290-aed4-eb5f878e8240.sql,56,storefront_affiliate_conversions,created_at,"timestamptz"
20260316213708_88c72a60-0346-4290-aed4-eb5f878e8240.sql,65,storefront_return_requests,id,"uuid"
20260316213708_88c72a60-0346-4290-aed4-eb5f878e8240.sql,66,storefront_return_requests,shop_id,"uuid"
20260316213708_88c72a60-0346-4290-aed4-eb5f878e8240.sql,67,storefront_return_requests,order_id,"uuid"
20260316213708_88c72a60-0346-4290-aed4-eb5f878e8240.sql,68,storefront_return_requests,buyer_id,"uuid"
20260316213708_88c72a60-0346-4290-aed4-eb5f878e8240.sql,69,storefront_return_requests,reason,"text"
20260316213708_88c72a60-0346-4290-aed4-eb5f878e8240.sql,70,storefront_return_requests,description,"text"
20260316213708_88c72a60-0346-4290-aed4-eb5f878e8240.sql,71,storefront_return_requests,preferred_resolution,"text"
20260316213708_88c72a60-0346-4290-aed4-eb5f878e8240.sql,72,storefront_return_requests,status,"text"
20260316213708_88c72a60-0346-4290-aed4-eb5f878e8240.sql,73,storefront_return_requests,resolved_at,"timestamptz"
20260316213708_88c72a60-0346-4290-aed4-eb5f878e8240.sql,74,storefront_return_requests,created_at,"timestamptz"
20260316213708_88c72a60-0346-4290-aed4-eb5f878e8240.sql,84,storefront_refund_policies,id,"uuid"
20260316213708_88c72a60-0346-4290-aed4-eb5f878e8240.sql,85,storefront_refund_policies,shop_id,"uuid"
20260316213708_88c72a60-0346-4290-aed4-eb5f878e8240.sql,86,storefront_refund_policies,return_window_days,"integer"
20260316213708_88c72a60-0346-4290-aed4-eb5f878e8240.sql,87,storefront_refund_policies,accepts_used,"boolean"
20260316213708_88c72a60-0346-4290-aed4-eb5f878e8240.sql,88,storefront_refund_policies,free_returns,"boolean"
20260316213708_88c72a60-0346-4290-aed4-eb5f878e8240.sql,89,storefront_refund_policies,notes,"text"
20260316213708_88c72a60-0346-4290-aed4-eb5f878e8240.sql,90,storefront_refund_policies,created_at,"timestamptz"
20260316213708_88c72a60-0346-4290-aed4-eb5f878e8240.sql,98,storefront_store_credits,id,"uuid"
20260316213708_88c72a60-0346-4290-aed4-eb5f878e8240.sql,99,storefront_store_credits,shop_id,"uuid"
20260316213708_88c72a60-0346-4290-aed4-eb5f878e8240.sql,100,storefront_store_credits,user_id,"uuid"
20260316213708_88c72a60-0346-4290-aed4-eb5f878e8240.sql,101,storefront_store_credits,balance,"numeric"
20260316213708_88c72a60-0346-4290-aed4-eb5f878e8240.sql,102,storefront_store_credits,created_at,"timestamptz"
20260316213708_88c72a60-0346-4290-aed4-eb5f878e8240.sql,103,storefront_store_credits,updated_at,"timestamptz"
20260316215026_f1cb7f2e-ab79-485a-91ee-d5d92e02e2eb.sql,4,storefront_vendors,id,"uuid"
20260316215026_f1cb7f2e-ab79-485a-91ee-d5d92e02e2eb.sql,5,storefront_vendors,shop_id,"uuid"
20260316215026_f1cb7f2e-ab79-485a-91ee-d5d92e02e2eb.sql,6,storefront_vendors,vendor_user_id,"uuid"
20260316215026_f1cb7f2e-ab79-485a-91ee-d5d92e02e2eb.sql,7,storefront_vendors,display_name,"text"
20260316215026_f1cb7f2e-ab79-485a-91ee-d5d92e02e2eb.sql,8,storefront_vendors,email,"text"
20260316215026_f1cb7f2e-ab79-485a-91ee-d5d92e02e2eb.sql,9,storefront_vendors,phone,"text"
20260316215026_f1cb7f2e-ab79-485a-91ee-d5d92e02e2eb.sql,10,storefront_vendors,logo_url,"text"
20260316215026_f1cb7f2e-ab79-485a-91ee-d5d92e02e2eb.sql,11,storefront_vendors,commission_rate,"numeric"
20260316215026_f1cb7f2e-ab79-485a-91ee-d5d92e02e2eb.sql,12,storefront_vendors,status,"text"
20260316215026_f1cb7f2e-ab79-485a-91ee-d5d92e02e2eb.sql,13,storefront_vendors,total_sales,"numeric"
20260316215026_f1cb7f2e-ab79-485a-91ee-d5d92e02e2eb.sql,14,storefront_vendors,total_commission,"numeric"
20260316215026_f1cb7f2e-ab79-485a-91ee-d5d92e02e2eb.sql,15,storefront_vendors,payout_balance,"numeric"
20260316215026_f1cb7f2e-ab79-485a-91ee-d5d92e02e2eb.sql,16,storefront_vendors,bio,"text"
20260316215026_f1cb7f2e-ab79-485a-91ee-d5d92e02e2eb.sql,17,storefront_vendors,approved_at,"timestamptz"
20260316215026_f1cb7f2e-ab79-485a-91ee-d5d92e02e2eb.sql,18,storefront_vendors,created_at,"timestamptz"
20260316215026_f1cb7f2e-ab79-485a-91ee-d5d92e02e2eb.sql,19,storefront_vendors,updated_at,"timestamptz"
20260316215026_f1cb7f2e-ab79-485a-91ee-d5d92e02e2eb.sql,24,storefront_vendor_payouts,id,"uuid"
20260316215026_f1cb7f2e-ab79-485a-91ee-d5d92e02e2eb.sql,25,storefront_vendor_payouts,vendor_id,"uuid"
20260316215026_f1cb7f2e-ab79-485a-91ee-d5d92e02e2eb.sql,26,storefront_vendor_payouts,shop_id,"uuid"
20260316215026_f1cb7f2e-ab79-485a-91ee-d5d92e02e2eb.sql,27,storefront_vendor_payouts,amount,"numeric"
20260316215026_f1cb7f2e-ab79-485a-91ee-d5d92e02e2eb.sql,28,storefront_vendor_payouts,currency,"text"
20260316215026_f1cb7f2e-ab79-485a-91ee-d5d92e02e2eb.sql,29,storefront_vendor_payouts,status,"text"
20260316215026_f1cb7f2e-ab79-485a-91ee-d5d92e02e2eb.sql,30,storefront_vendor_payouts,method,"text"
20260316215026_f1cb7f2e-ab79-485a-91ee-d5d92e02e2eb.sql,31,storefront_vendor_payouts,reference,"text"
20260316215026_f1cb7f2e-ab79-485a-91ee-d5d92e02e2eb.sql,32,storefront_vendor_payouts,paid_at,"timestamptz"
20260316215026_f1cb7f2e-ab79-485a-91ee-d5d92e02e2eb.sql,33,storefront_vendor_payouts,created_at,"timestamptz"
20260316215026_f1cb7f2e-ab79-485a-91ee-d5d92e02e2eb.sql,38,storefront_gift_cards,id,"uuid"
20260316215026_f1cb7f2e-ab79-485a-91ee-d5d92e02e2eb.sql,39,storefront_gift_cards,shop_id,"uuid"
20260316215026_f1cb7f2e-ab79-485a-91ee-d5d92e02e2eb.sql,40,storefront_gift_cards,created_by,"uuid"
20260316215026_f1cb7f2e-ab79-485a-91ee-d5d92e02e2eb.sql,41,storefront_gift_cards,code,"text"
20260316215026_f1cb7f2e-ab79-485a-91ee-d5d92e02e2eb.sql,42,storefront_gift_cards,initial_amount,"numeric"
20260316215026_f1cb7f2e-ab79-485a-91ee-d5d92e02e2eb.sql,43,storefront_gift_cards,remaining_amount,"numeric"
20260316215026_f1cb7f2e-ab79-485a-91ee-d5d92e02e2eb.sql,44,storefront_gift_cards,currency,"text"
20260316215026_f1cb7f2e-ab79-485a-91ee-d5d92e02e2eb.sql,45,storefront_gift_cards,recipient_email,"text"
20260316215026_f1cb7f2e-ab79-485a-91ee-d5d92e02e2eb.sql,46,storefront_gift_cards,recipient_name,"text"
20260316215026_f1cb7f2e-ab79-485a-91ee-d5d92e02e2eb.sql,47,storefront_gift_cards,sender_name,"text"
20260316215026_f1cb7f2e-ab79-485a-91ee-d5d92e02e2eb.sql,48,storefront_gift_cards,personal_message,"text"
20260316215026_f1cb7f2e-ab79-485a-91ee-d5d92e02e2eb.sql,49,storefront_gift_cards,status,"text"
20260316215026_f1cb7f2e-ab79-485a-91ee-d5d92e02e2eb.sql,50,storefront_gift_cards,redeemed_by,"uuid"
20260316215026_f1cb7f2e-ab79-485a-91ee-d5d92e02e2eb.sql,51,storefront_gift_cards,expires_at,"timestamptz"
20260316215026_f1cb7f2e-ab79-485a-91ee-d5d92e02e2eb.sql,52,storefront_gift_cards,redeemed_at,"timestamptz"
20260316215026_f1cb7f2e-ab79-485a-91ee-d5d92e02e2eb.sql,53,storefront_gift_cards,created_at,"timestamptz"
20260316215026_f1cb7f2e-ab79-485a-91ee-d5d92e02e2eb.sql,57,storefront_gift_card_transactions,id,"uuid"
20260316215026_f1cb7f2e-ab79-485a-91ee-d5d92e02e2eb.sql,58,storefront_gift_card_transactions,gift_card_id,"uuid"
20260316215026_f1cb7f2e-ab79-485a-91ee-d5d92e02e2eb.sql,59,storefront_gift_card_transactions,user_id,"uuid"
20260316215026_f1cb7f2e-ab79-485a-91ee-d5d92e02e2eb.sql,60,storefront_gift_card_transactions,amount,"numeric"
20260316215026_f1cb7f2e-ab79-485a-91ee-d5d92e02e2eb.sql,61,storefront_gift_card_transactions,type,"text"
20260316215026_f1cb7f2e-ab79-485a-91ee-d5d92e02e2eb.sql,62,storefront_gift_card_transactions,order_id,"text"
20260316215026_f1cb7f2e-ab79-485a-91ee-d5d92e02e2eb.sql,63,storefront_gift_card_transactions,description,"text"
20260316215026_f1cb7f2e-ab79-485a-91ee-d5d92e02e2eb.sql,64,storefront_gift_card_transactions,created_at,"timestamptz"
20260316220004_eb0443bb-9d3b-47a9-bbf3-09b9531800f9.sql,8,storefront_sub_boxes,id,"uuid"
20260316220004_eb0443bb-9d3b-47a9-bbf3-09b9531800f9.sql,9,storefront_sub_boxes,shop_id,"uuid"
20260316220004_eb0443bb-9d3b-47a9-bbf3-09b9531800f9.sql,10,storefront_sub_boxes,user_id,"uuid"
20260316220004_eb0443bb-9d3b-47a9-bbf3-09b9531800f9.sql,11,storefront_sub_boxes,name,"text"
20260316220004_eb0443bb-9d3b-47a9-bbf3-09b9531800f9.sql,12,storefront_sub_boxes,description,"text"
20260316220004_eb0443bb-9d3b-47a9-bbf3-09b9531800f9.sql,13,storefront_sub_boxes,price,"numeric"
20260316220004_eb0443bb-9d3b-47a9-bbf3-09b9531800f9.sql,14,storefront_sub_boxes,currency,"text"
20260316220004_eb0443bb-9d3b-47a9-bbf3-09b9531800f9.sql,15,storefront_sub_boxes,frequency,"text"
20260316220004_eb0443bb-9d3b-47a9-bbf3-09b9531800f9.sql,16,storefront_sub_boxes,item_count,"integer"
20260316220004_eb0443bb-9d3b-47a9-bbf3-09b9531800f9.sql,17,storefront_sub_boxes,photo_url,"text"
20260316220004_eb0443bb-9d3b-47a9-bbf3-09b9531800f9.sql,18,storefront_sub_boxes,active,"boolean"
20260316220004_eb0443bb-9d3b-47a9-bbf3-09b9531800f9.sql,19,storefront_sub_boxes,sort_order,"integer"
20260316220004_eb0443bb-9d3b-47a9-bbf3-09b9531800f9.sql,20,storefront_sub_boxes,created_at,"timestamptz"
20260316220004_eb0443bb-9d3b-47a9-bbf3-09b9531800f9.sql,21,storefront_sub_boxes,updated_at,"timestamptz"
20260316220004_eb0443bb-9d3b-47a9-bbf3-09b9531800f9.sql,25,storefront_sub_box_enrollments,id,"uuid"
20260316220004_eb0443bb-9d3b-47a9-bbf3-09b9531800f9.sql,26,storefront_sub_box_enrollments,box_id,"uuid"
20260316220004_eb0443bb-9d3b-47a9-bbf3-09b9531800f9.sql,27,storefront_sub_box_enrollments,shop_id,"uuid"
20260316220004_eb0443bb-9d3b-47a9-bbf3-09b9531800f9.sql,28,storefront_sub_box_enrollments,subscriber_id,"uuid"
20260316220004_eb0443bb-9d3b-47a9-bbf3-09b9531800f9.sql,29,storefront_sub_box_enrollments,status,"text"
20260316220004_eb0443bb-9d3b-47a9-bbf3-09b9531800f9.sql,30,storefront_sub_box_enrollments,shipping_address,"text"
20260316220004_eb0443bb-9d3b-47a9-bbf3-09b9531800f9.sql,31,storefront_sub_box_enrollments,next_delivery_at,"timestamptz"
20260316220004_eb0443bb-9d3b-47a9-bbf3-09b9531800f9.sql,32,storefront_sub_box_enrollments,last_delivery_at,"timestamptz"
20260316220004_eb0443bb-9d3b-47a9-bbf3-09b9531800f9.sql,33,storefront_sub_box_enrollments,delivery_count,"integer"
20260316220004_eb0443bb-9d3b-47a9-bbf3-09b9531800f9.sql,34,storefront_sub_box_enrollments,paused_at,"timestamptz"
20260316220004_eb0443bb-9d3b-47a9-bbf3-09b9531800f9.sql,35,storefront_sub_box_enrollments,cancelled_at,"timestamptz"
20260316220004_eb0443bb-9d3b-47a9-bbf3-09b9531800f9.sql,36,storefront_sub_box_enrollments,created_at,"timestamptz"
20260316220004_eb0443bb-9d3b-47a9-bbf3-09b9531800f9.sql,53,storefront_rfqs,id,"uuid"
20260316220004_eb0443bb-9d3b-47a9-bbf3-09b9531800f9.sql,54,storefront_rfqs,shop_id,"uuid"
20260316220004_eb0443bb-9d3b-47a9-bbf3-09b9531800f9.sql,55,storefront_rfqs,buyer_id,"uuid"
20260316220004_eb0443bb-9d3b-47a9-bbf3-09b9531800f9.sql,56,storefront_rfqs,title,"text"
20260316220004_eb0443bb-9d3b-47a9-bbf3-09b9531800f9.sql,57,storefront_rfqs,description,"text"
20260316220004_eb0443bb-9d3b-47a9-bbf3-09b9531800f9.sql,58,storefront_rfqs,category,"text"
20260316220004_eb0443bb-9d3b-47a9-bbf3-09b9531800f9.sql,59,storefront_rfqs,budget_max,"numeric"
20260316220004_eb0443bb-9d3b-47a9-bbf3-09b9531800f9.sql,60,storefront_rfqs,currency,"text"
20260316220004_eb0443bb-9d3b-47a9-bbf3-09b9531800f9.sql,61,storefront_rfqs,quantity,"integer"
20260316220004_eb0443bb-9d3b-47a9-bbf3-09b9531800f9.sql,62,storefront_rfqs,deadline,"timestamptz"
20260316220004_eb0443bb-9d3b-47a9-bbf3-09b9531800f9.sql,63,storefront_rfqs,status,"text"
20260316220004_eb0443bb-9d3b-47a9-bbf3-09b9531800f9.sql,64,storefront_rfqs,winning_quote_id,"uuid"
20260316220004_eb0443bb-9d3b-47a9-bbf3-09b9531800f9.sql,65,storefront_rfqs,created_at,"timestamptz"
20260316220004_eb0443bb-9d3b-47a9-bbf3-09b9531800f9.sql,66,storefront_rfqs,updated_at,"timestamptz"
20260316220004_eb0443bb-9d3b-47a9-bbf3-09b9531800f9.sql,70,storefront_rfq_quotes,id,"uuid"
20260316220004_eb0443bb-9d3b-47a9-bbf3-09b9531800f9.sql,71,storefront_rfq_quotes,rfq_id,"uuid"
20260316220004_eb0443bb-9d3b-47a9-bbf3-09b9531800f9.sql,72,storefront_rfq_quotes,vendor_id,"uuid"
20260316220004_eb0443bb-9d3b-47a9-bbf3-09b9531800f9.sql,73,storefront_rfq_quotes,vendor_name,"text"
20260316220004_eb0443bb-9d3b-47a9-bbf3-09b9531800f9.sql,74,storefront_rfq_quotes,price,"numeric"
20260316220004_eb0443bb-9d3b-47a9-bbf3-09b9531800f9.sql,75,storefront_rfq_quotes,currency,"text"
20260316220004_eb0443bb-9d3b-47a9-bbf3-09b9531800f9.sql,76,storefront_rfq_quotes,delivery_days,"integer"
20260316220004_eb0443bb-9d3b-47a9-bbf3-09b9531800f9.sql,77,storefront_rfq_quotes,message,"text"
20260316220004_eb0443bb-9d3b-47a9-bbf3-09b9531800f9.sql,78,storefront_rfq_quotes,status,"text"
20260316220004_eb0443bb-9d3b-47a9-bbf3-09b9531800f9.sql,79,storefront_rfq_quotes,selected,"boolean"
20260316220004_eb0443bb-9d3b-47a9-bbf3-09b9531800f9.sql,80,storefront_rfq_quotes,created_at,"timestamptz"
20260316220004_eb0443bb-9d3b-47a9-bbf3-09b9531800f9.sql,98,storefront_digital_products,id,"uuid"
20260316220004_eb0443bb-9d3b-47a9-bbf3-09b9531800f9.sql,99,storefront_digital_products,shop_id,"uuid"
20260316220004_eb0443bb-9d3b-47a9-bbf3-09b9531800f9.sql,100,storefront_digital_products,user_id,"uuid"
20260316220004_eb0443bb-9d3b-47a9-bbf3-09b9531800f9.sql,101,storefront_digital_products,title,"text"
20260316220004_eb0443bb-9d3b-47a9-bbf3-09b9531800f9.sql,102,storefront_digital_products,description,"text"
20260316220004_eb0443bb-9d3b-47a9-bbf3-09b9531800f9.sql,103,storefront_digital_products,product_type,"text"
20260316220004_eb0443bb-9d3b-47a9-bbf3-09b9531800f9.sql,104,storefront_digital_products,price,"numeric"
20260316220004_eb0443bb-9d3b-47a9-bbf3-09b9531800f9.sql,105,storefront_digital_products,currency,"text"
20260316220004_eb0443bb-9d3b-47a9-bbf3-09b9531800f9.sql,106,storefront_digital_products,file_url,"text"
20260316220004_eb0443bb-9d3b-47a9-bbf3-09b9531800f9.sql,107,storefront_digital_products,file_size_bytes,"bigint"
20260316220004_eb0443bb-9d3b-47a9-bbf3-09b9531800f9.sql,108,storefront_digital_products,preview_url,"text"
20260316220004_eb0443bb-9d3b-47a9-bbf3-09b9531800f9.sql,109,storefront_digital_products,download_limit,"integer"
20260316220004_eb0443bb-9d3b-47a9-bbf3-09b9531800f9.sql,110,storefront_digital_products,license_type,"text"
20260316220004_eb0443bb-9d3b-47a9-bbf3-09b9531800f9.sql,111,storefront_digital_products,active,"boolean"
20260316220004_eb0443bb-9d3b-47a9-bbf3-09b9531800f9.sql,112,storefront_digital_products,total_sales,"integer"
20260316220004_eb0443bb-9d3b-47a9-bbf3-09b9531800f9.sql,113,storefront_digital_products,photo_url,"text"
20260316220004_eb0443bb-9d3b-47a9-bbf3-09b9531800f9.sql,114,storefront_digital_products,created_at,"timestamptz"
20260316220004_eb0443bb-9d3b-47a9-bbf3-09b9531800f9.sql,115,storefront_digital_products,updated_at,"timestamptz"
20260316220004_eb0443bb-9d3b-47a9-bbf3-09b9531800f9.sql,119,storefront_digital_purchases,id,"uuid"
20260316220004_eb0443bb-9d3b-47a9-bbf3-09b9531800f9.sql,120,storefront_digital_purchases,product_id,"uuid"
20260316220004_eb0443bb-9d3b-47a9-bbf3-09b9531800f9.sql,121,storefront_digital_purchases,buyer_id,"uuid"
20260316220004_eb0443bb-9d3b-47a9-bbf3-09b9531800f9.sql,122,storefront_digital_purchases,shop_id,"uuid"
20260316220004_eb0443bb-9d3b-47a9-bbf3-09b9531800f9.sql,123,storefront_digital_purchases,license_key,"text"
20260316220004_eb0443bb-9d3b-47a9-bbf3-09b9531800f9.sql,124,storefront_digital_purchases,download_count,"integer"
20260316220004_eb0443bb-9d3b-47a9-bbf3-09b9531800f9.sql,125,storefront_digital_purchases,max_downloads,"integer"
20260316220004_eb0443bb-9d3b-47a9-bbf3-09b9531800f9.sql,126,storefront_digital_purchases,expires_at,"timestamptz"
20260316220004_eb0443bb-9d3b-47a9-bbf3-09b9531800f9.sql,127,storefront_digital_purchases,status,"text"
20260316220004_eb0443bb-9d3b-47a9-bbf3-09b9531800f9.sql,128,storefront_digital_purchases,created_at,"timestamptz"
20260316220004_eb0443bb-9d3b-47a9-bbf3-09b9531800f9.sql,144,storefront_p2p_listings,id,"uuid"
20260316220004_eb0443bb-9d3b-47a9-bbf3-09b9531800f9.sql,145,storefront_p2p_listings,shop_id,"uuid"
20260316220004_eb0443bb-9d3b-47a9-bbf3-09b9531800f9.sql,146,storefront_p2p_listings,seller_id,"uuid"
20260316220004_eb0443bb-9d3b-47a9-bbf3-09b9531800f9.sql,147,storefront_p2p_listings,title,"text"
20260316220004_eb0443bb-9d3b-47a9-bbf3-09b9531800f9.sql,148,storefront_p2p_listings,description,"text"
20260316220004_eb0443bb-9d3b-47a9-bbf3-09b9531800f9.sql,149,storefront_p2p_listings,price,"numeric"
20260316220004_eb0443bb-9d3b-47a9-bbf3-09b9531800f9.sql,150,storefront_p2p_listings,currency,"text"
20260316220004_eb0443bb-9d3b-47a9-bbf3-09b9531800f9.sql,151,storefront_p2p_listings,category,"text"
20260316220004_eb0443bb-9d3b-47a9-bbf3-09b9531800f9.sql,152,storefront_p2p_listings,condition,"text"
20260316220004_eb0443bb-9d3b-47a9-bbf3-09b9531800f9.sql,153,storefront_p2p_listings,photo_urls,"jsonb"
20260316220004_eb0443bb-9d3b-47a9-bbf3-09b9531800f9.sql,154,storefront_p2p_listings,location_city,"text"
20260316220004_eb0443bb-9d3b-47a9-bbf3-09b9531800f9.sql,155,storefront_p2p_listings,location_country,"text"
20260316220004_eb0443bb-9d3b-47a9-bbf3-09b9531800f9.sql,156,storefront_p2p_listings,status,"text"
20260316220004_eb0443bb-9d3b-47a9-bbf3-09b9531800f9.sql,157,storefront_p2p_listings,views_count,"integer"
20260316220004_eb0443bb-9d3b-47a9-bbf3-09b9531800f9.sql,158,storefront_p2p_listings,verified_seller,"boolean"
20260316220004_eb0443bb-9d3b-47a9-bbf3-09b9531800f9.sql,159,storefront_p2p_listings,escrow_enabled,"boolean"
20260316220004_eb0443bb-9d3b-47a9-bbf3-09b9531800f9.sql,160,storefront_p2p_listings,created_at,"timestamptz"
20260316220004_eb0443bb-9d3b-47a9-bbf3-09b9531800f9.sql,161,storefront_p2p_listings,updated_at,"timestamptz"
20260316220004_eb0443bb-9d3b-47a9-bbf3-09b9531800f9.sql,165,storefront_p2p_transactions,id,"uuid"
20260316220004_eb0443bb-9d3b-47a9-bbf3-09b9531800f9.sql,166,storefront_p2p_transactions,listing_id,"uuid"
20260316220004_eb0443bb-9d3b-47a9-bbf3-09b9531800f9.sql,167,storefront_p2p_transactions,buyer_id,"uuid"
20260316220004_eb0443bb-9d3b-47a9-bbf3-09b9531800f9.sql,168,storefront_p2p_transactions,seller_id,"uuid"
20260316220004_eb0443bb-9d3b-47a9-bbf3-09b9531800f9.sql,169,storefront_p2p_transactions,amount,"numeric"
20260316220004_eb0443bb-9d3b-47a9-bbf3-09b9531800f9.sql,170,storefront_p2p_transactions,currency,"text"
20260316220004_eb0443bb-9d3b-47a9-bbf3-09b9531800f9.sql,171,storefront_p2p_transactions,escrow_status,"text"
20260316220004_eb0443bb-9d3b-47a9-bbf3-09b9531800f9.sql,172,storefront_p2p_transactions,status,"text"
20260316220004_eb0443bb-9d3b-47a9-bbf3-09b9531800f9.sql,173,storefront_p2p_transactions,buyer_confirmed,"boolean"
20260316220004_eb0443bb-9d3b-47a9-bbf3-09b9531800f9.sql,174,storefront_p2p_transactions,seller_shipped,"boolean"
20260316220004_eb0443bb-9d3b-47a9-bbf3-09b9531800f9.sql,175,storefront_p2p_transactions,tracking_number,"text"
20260316220004_eb0443bb-9d3b-47a9-bbf3-09b9531800f9.sql,176,storefront_p2p_transactions,dispute_reason,"text"
20260316220004_eb0443bb-9d3b-47a9-bbf3-09b9531800f9.sql,177,storefront_p2p_transactions,completed_at,"timestamptz"
20260316220004_eb0443bb-9d3b-47a9-bbf3-09b9531800f9.sql,178,storefront_p2p_transactions,created_at,"timestamptz"
20260316222003_9cfa1c76-1e0d-47d7-b3b7-30ab02048ace.sql,15,storefront_analytics_events,id,"uuid"
20260316222003_9cfa1c76-1e0d-47d7-b3b7-30ab02048ace.sql,16,storefront_analytics_events,shop_id,"uuid"
20260316222003_9cfa1c76-1e0d-47d7-b3b7-30ab02048ace.sql,17,storefront_analytics_events,event_type,"text"
20260316222003_9cfa1c76-1e0d-47d7-b3b7-30ab02048ace.sql,18,storefront_analytics_events,item_id,"uuid"
20260316222003_9cfa1c76-1e0d-47d7-b3b7-30ab02048ace.sql,19,storefront_analytics_events,user_id,"uuid"
20260316222003_9cfa1c76-1e0d-47d7-b3b7-30ab02048ace.sql,20,storefront_analytics_events,metadata_json,"jsonb"
20260316222003_9cfa1c76-1e0d-47d7-b3b7-30ab02048ace.sql,21,storefront_analytics_events,created_at,"timestamptz"
20260316222430_ff72570e-f04d-4617-a157-b4a3a9908e57.sql,4,storefront_support_tickets,id,"uuid"
20260316222430_ff72570e-f04d-4617-a157-b4a3a9908e57.sql,5,storefront_support_tickets,shop_id,"uuid"
20260316222430_ff72570e-f04d-4617-a157-b4a3a9908e57.sql,6,storefront_support_tickets,customer_id,"uuid"
20260316222430_ff72570e-f04d-4617-a157-b4a3a9908e57.sql,7,storefront_support_tickets,subject,"text"
20260316222430_ff72570e-f04d-4617-a157-b4a3a9908e57.sql,8,storefront_support_tickets,status,"text"
20260316222430_ff72570e-f04d-4617-a157-b4a3a9908e57.sql,9,storefront_support_tickets,priority,"text"
20260316222430_ff72570e-f04d-4617-a157-b4a3a9908e57.sql,10,storefront_support_tickets,order_id,"uuid"
20260316222430_ff72570e-f04d-4617-a157-b4a3a9908e57.sql,11,storefront_support_tickets,created_at,"timestamptz"
20260316222430_ff72570e-f04d-4617-a157-b4a3a9908e57.sql,12,storefront_support_tickets,updated_at,"timestamptz"
20260316222430_ff72570e-f04d-4617-a157-b4a3a9908e57.sql,26,storefront_support_messages,id,"uuid"
20260316222430_ff72570e-f04d-4617-a157-b4a3a9908e57.sql,27,storefront_support_messages,ticket_id,"uuid"
20260316222430_ff72570e-f04d-4617-a157-b4a3a9908e57.sql,28,storefront_support_messages,sender_id,"uuid"
20260316222430_ff72570e-f04d-4617-a157-b4a3a9908e57.sql,29,storefront_support_messages,message,"text"
20260316222430_ff72570e-f04d-4617-a157-b4a3a9908e57.sql,30,storefront_support_messages,is_bot,"boolean"
20260316222430_ff72570e-f04d-4617-a157-b4a3a9908e57.sql,31,storefront_support_messages,created_at,"timestamptz"
20260316222430_ff72570e-f04d-4617-a157-b4a3a9908e57.sql,41,storefront_referral_links,id,"uuid"
20260316222430_ff72570e-f04d-4617-a157-b4a3a9908e57.sql,42,storefront_referral_links,shop_id,"uuid"
20260316222430_ff72570e-f04d-4617-a157-b4a3a9908e57.sql,43,storefront_referral_links,referrer_id,"uuid"
20260316222430_ff72570e-f04d-4617-a157-b4a3a9908e57.sql,44,storefront_referral_links,code,"text"
20260316222430_ff72570e-f04d-4617-a157-b4a3a9908e57.sql,45,storefront_referral_links,commission_percent,"numeric"
20260316222430_ff72570e-f04d-4617-a157-b4a3a9908e57.sql,46,storefront_referral_links,tier,"int"
20260316222430_ff72570e-f04d-4617-a157-b4a3a9908e57.sql,47,storefront_referral_links,parent_referrer_id,"uuid"
20260316222430_ff72570e-f04d-4617-a157-b4a3a9908e57.sql,48,storefront_referral_links,clicks,"int"
20260316222430_ff72570e-f04d-4617-a157-b4a3a9908e57.sql,49,storefront_referral_links,conversions,"int"
20260316222430_ff72570e-f04d-4617-a157-b4a3a9908e57.sql,50,storefront_referral_links,total_earned,"numeric"
20260316222430_ff72570e-f04d-4617-a157-b4a3a9908e57.sql,51,storefront_referral_links,active,"boolean"
20260316222430_ff72570e-f04d-4617-a157-b4a3a9908e57.sql,52,storefront_referral_links,created_at,"timestamptz"
20260316222430_ff72570e-f04d-4617-a157-b4a3a9908e57.sql,66,storefront_referral_conversions,id,"uuid"
20260316222430_ff72570e-f04d-4617-a157-b4a3a9908e57.sql,67,storefront_referral_conversions,link_id,"uuid"
20260316222430_ff72570e-f04d-4617-a157-b4a3a9908e57.sql,68,storefront_referral_conversions,order_id,"uuid"
20260316222430_ff72570e-f04d-4617-a157-b4a3a9908e57.sql,69,storefront_referral_conversions,buyer_id,"uuid"
20260316222430_ff72570e-f04d-4617-a157-b4a3a9908e57.sql,70,storefront_referral_conversions,order_amount,"numeric"
20260316222430_ff72570e-f04d-4617-a157-b4a3a9908e57.sql,71,storefront_referral_conversions,commission_amount,"numeric"
20260316222430_ff72570e-f04d-4617-a157-b4a3a9908e57.sql,72,storefront_referral_conversions,status,"text"
20260316222430_ff72570e-f04d-4617-a157-b4a3a9908e57.sql,73,storefront_referral_conversions,created_at,"timestamptz"
20260316222430_ff72570e-f04d-4617-a157-b4a3a9908e57.sql,83,storefront_tax_rules,id,"uuid"
20260316222430_ff72570e-f04d-4617-a157-b4a3a9908e57.sql,84,storefront_tax_rules,shop_id,"uuid"
20260316222430_ff72570e-f04d-4617-a157-b4a3a9908e57.sql,85,storefront_tax_rules,country_code,"text"
20260316222430_ff72570e-f04d-4617-a157-b4a3a9908e57.sql,86,storefront_tax_rules,tax_name,"text"
20260316222430_ff72570e-f04d-4617-a157-b4a3a9908e57.sql,87,storefront_tax_rules,rate_percent,"numeric"
20260316222430_ff72570e-f04d-4617-a157-b4a3a9908e57.sql,88,storefront_tax_rules,applies_to,"text"
20260316222430_ff72570e-f04d-4617-a157-b4a3a9908e57.sql,89,storefront_tax_rules,active,"boolean"
20260316222430_ff72570e-f04d-4617-a157-b4a3a9908e57.sql,90,storefront_tax_rules,created_at,"timestamptz"
20260316222430_ff72570e-f04d-4617-a157-b4a3a9908e57.sql,104,storefront_import_jobs,id,"uuid"
20260316222430_ff72570e-f04d-4617-a157-b4a3a9908e57.sql,105,storefront_import_jobs,shop_id,"uuid"
20260316222430_ff72570e-f04d-4617-a157-b4a3a9908e57.sql,106,storefront_import_jobs,user_id,"uuid"
20260316222430_ff72570e-f04d-4617-a157-b4a3a9908e57.sql,107,storefront_import_jobs,source_type,"text"
20260316222430_ff72570e-f04d-4617-a157-b4a3a9908e57.sql,108,storefront_import_jobs,status,"text"
20260316222430_ff72570e-f04d-4617-a157-b4a3a9908e57.sql,109,storefront_import_jobs,total_rows,"int"
20260316222430_ff72570e-f04d-4617-a157-b4a3a9908e57.sql,110,storefront_import_jobs,processed_rows,"int"
20260316222430_ff72570e-f04d-4617-a157-b4a3a9908e57.sql,111,storefront_import_jobs,error_rows,"int"
20260316222430_ff72570e-f04d-4617-a157-b4a3a9908e57.sql,112,storefront_import_jobs,errors_json,"jsonb"
20260316222430_ff72570e-f04d-4617-a157-b4a3a9908e57.sql,113,storefront_import_jobs,file_url,"text"
20260316222430_ff72570e-f04d-4617-a157-b4a3a9908e57.sql,114,storefront_import_jobs,created_at,"timestamptz"
20260316222430_ff72570e-f04d-4617-a157-b4a3a9908e57.sql,115,storefront_import_jobs,completed_at,"timestamptz"
20260317043954_f38c8544-f483-4141-a204-88ad879e7a0f.sql,6,storefront_trust_scores,id,"uuid"
20260317043954_f38c8544-f483-4141-a204-88ad879e7a0f.sql,7,storefront_trust_scores,shop_id,"uuid"
20260317043954_f38c8544-f483-4141-a204-88ad879e7a0f.sql,8,storefront_trust_scores,user_id,"uuid"
20260317043954_f38c8544-f483-4141-a204-88ad879e7a0f.sql,9,storefront_trust_scores,trust_score,"integer"
20260317043954_f38c8544-f483-4141-a204-88ad879e7a0f.sql,10,storefront_trust_scores,total_orders,"integer"
20260317043954_f38c8544-f483-4141-a204-88ad879e7a0f.sql,11,storefront_trust_scores,completed_orders,"integer"
20260317043954_f38c8544-f483-4141-a204-88ad879e7a0f.sql,12,storefront_trust_scores,avg_rating,"numeric(3,2)"
20260317043954_f38c8544-f483-4141-a204-88ad879e7a0f.sql,13,storefront_trust_scores,total_reviews,"integer"
20260317043954_f38c8544-f483-4141-a204-88ad879e7a0f.sql,14,storefront_trust_scores,response_rate,"numeric(5,2)"
20260317043954_f38c8544-f483-4141-a204-88ad879e7a0f.sql,15,storefront_trust_scores,avg_response_minutes,"integer"
20260317043954_f38c8544-f483-4141-a204-88ad879e7a0f.sql,16,storefront_trust_scores,verified_identity,"boolean"
20260317043954_f38c8544-f483-4141-a204-88ad879e7a0f.sql,17,storefront_trust_scores,verified_email,"boolean"
20260317043954_f38c8544-f483-4141-a204-88ad879e7a0f.sql,18,storefront_trust_scores,account_age_days,"integer"
20260317043954_f38c8544-f483-4141-a204-88ad879e7a0f.sql,19,storefront_trust_scores,badges,"text[]"
20260317043954_f38c8544-f483-4141-a204-88ad879e7a0f.sql,20,storefront_trust_scores,last_computed_at,"timestamptz"
20260317043954_f38c8544-f483-4141-a204-88ad879e7a0f.sql,21,storefront_trust_scores,created_at,"timestamptz"
20260317043954_f38c8544-f483-4141-a204-88ad879e7a0f.sql,22,storefront_trust_scores,updated_at,"timestamptz"
20260317043954_f38c8544-f483-4141-a204-88ad879e7a0f.sql,202,storefront_risk_flags,id,"uuid"
20260317043954_f38c8544-f483-4141-a204-88ad879e7a0f.sql,203,storefront_risk_flags,shop_id,"uuid"
20260317043954_f38c8544-f483-4141-a204-88ad879e7a0f.sql,204,storefront_risk_flags,user_id,"uuid"
20260317043954_f38c8544-f483-4141-a204-88ad879e7a0f.sql,205,storefront_risk_flags,order_id,"uuid"
20260317043954_f38c8544-f483-4141-a204-88ad879e7a0f.sql,206,storefront_risk_flags,flag_type,"text"
20260317043954_f38c8544-f483-4141-a204-88ad879e7a0f.sql,207,storefront_risk_flags,severity,"text"
20260317043954_f38c8544-f483-4141-a204-88ad879e7a0f.sql,208,storefront_risk_flags,reason,"text"
20260317043954_f38c8544-f483-4141-a204-88ad879e7a0f.sql,209,storefront_risk_flags,metadata_json,"jsonb"
20260317043954_f38c8544-f483-4141-a204-88ad879e7a0f.sql,210,storefront_risk_flags,status,"text"
20260317043954_f38c8544-f483-4141-a204-88ad879e7a0f.sql,211,storefront_risk_flags,resolved_by,"uuid"
20260317043954_f38c8544-f483-4141-a204-88ad879e7a0f.sql,212,storefront_risk_flags,resolved_at,"timestamptz"
20260317043954_f38c8544-f483-4141-a204-88ad879e7a0f.sql,213,storefront_risk_flags,resolution_note,"text"
20260317043954_f38c8544-f483-4141-a204-88ad879e7a0f.sql,214,storefront_risk_flags,created_at,"timestamptz"
20260317043954_f38c8544-f483-4141-a204-88ad879e7a0f.sql,279,storefront_growth_metrics,id,"uuid"
20260317043954_f38c8544-f483-4141-a204-88ad879e7a0f.sql,280,storefront_growth_metrics,shop_id,"uuid"
20260317043954_f38c8544-f483-4141-a204-88ad879e7a0f.sql,281,storefront_growth_metrics,metric_date,"date"
20260317043954_f38c8544-f483-4141-a204-88ad879e7a0f.sql,282,storefront_growth_metrics,new_customers,"integer"
20260317043954_f38c8544-f483-4141-a204-88ad879e7a0f.sql,283,storefront_growth_metrics,returning_customers,"integer"
20260317043954_f38c8544-f483-4141-a204-88ad879e7a0f.sql,284,storefront_growth_metrics,referral_orders,"integer"
20260317043954_f38c8544-f483-4141-a204-88ad879e7a0f.sql,285,storefront_growth_metrics,organic_orders,"integer"
20260317043954_f38c8544-f483-4141-a204-88ad879e7a0f.sql,286,storefront_growth_metrics,total_revenue,"numeric(12,2)"
20260317043954_f38c8544-f483-4141-a204-88ad879e7a0f.sql,287,storefront_growth_metrics,avg_order_value,"numeric(10,2)"
20260317043954_f38c8544-f483-4141-a204-88ad879e7a0f.sql,288,storefront_growth_metrics,created_at,"timestamptz"
20260317052336_e11d2b31-3c1f-4c0b-878a-dbd42ba2dab6.sql,10,storefront_crm_customers,id,"uuid"
20260317052336_e11d2b31-3c1f-4c0b-878a-dbd42ba2dab6.sql,11,storefront_crm_customers,shop_id,"uuid"
20260317052336_e11d2b31-3c1f-4c0b-878a-dbd42ba2dab6.sql,12,storefront_crm_customers,buyer_id,"uuid"
20260317052336_e11d2b31-3c1f-4c0b-878a-dbd42ba2dab6.sql,13,storefront_crm_customers,buyer_email,"text"
20260317052336_e11d2b31-3c1f-4c0b-878a-dbd42ba2dab6.sql,14,storefront_crm_customers,buyer_name,"text"
20260317052336_e11d2b31-3c1f-4c0b-878a-dbd42ba2dab6.sql,15,storefront_crm_customers,buyer_phone,"text"
20260317052336_e11d2b31-3c1f-4c0b-878a-dbd42ba2dab6.sql,16,storefront_crm_customers,segment,"text"
20260317052336_e11d2b31-3c1f-4c0b-878a-dbd42ba2dab6.sql,17,storefront_crm_customers,total_orders,"int"
20260317052336_e11d2b31-3c1f-4c0b-878a-dbd42ba2dab6.sql,18,storefront_crm_customers,total_spent,"numeric"
20260317052336_e11d2b31-3c1f-4c0b-878a-dbd42ba2dab6.sql,19,storefront_crm_customers,last_order_at,"timestamptz"
20260317052336_e11d2b31-3c1f-4c0b-878a-dbd42ba2dab6.sql,20,storefront_crm_customers,first_order_at,"timestamptz"
20260317052336_e11d2b31-3c1f-4c0b-878a-dbd42ba2dab6.sql,21,storefront_crm_customers,avg_order_value,"numeric"
20260317052336_e11d2b31-3c1f-4c0b-878a-dbd42ba2dab6.sql,22,storefront_crm_customers,loyalty_points,"int"
20260317052336_e11d2b31-3c1f-4c0b-878a-dbd42ba2dab6.sql,23,storefront_crm_customers,tags,"text[]"
20260317052336_e11d2b31-3c1f-4c0b-878a-dbd42ba2dab6.sql,24,storefront_crm_customers,notes,"text"
20260317052336_e11d2b31-3c1f-4c0b-878a-dbd42ba2dab6.sql,25,storefront_crm_customers,created_at,"timestamptz"
20260317052336_e11d2b31-3c1f-4c0b-878a-dbd42ba2dab6.sql,26,storefront_crm_customers,updated_at,"timestamptz"
20260317052336_e11d2b31-3c1f-4c0b-878a-dbd42ba2dab6.sql,45,storefront_auto_notifications,id,"uuid"
20260317052336_e11d2b31-3c1f-4c0b-878a-dbd42ba2dab6.sql,46,storefront_auto_notifications,shop_id,"uuid"
20260317052336_e11d2b31-3c1f-4c0b-878a-dbd42ba2dab6.sql,47,storefront_auto_notifications,buyer_id,"uuid"
20260317052336_e11d2b31-3c1f-4c0b-878a-dbd42ba2dab6.sql,48,storefront_auto_notifications,buyer_email,"text"
20260317052336_e11d2b31-3c1f-4c0b-878a-dbd42ba2dab6.sql,49,storefront_auto_notifications,notification_type,"text"
20260317052336_e11d2b31-3c1f-4c0b-878a-dbd42ba2dab6.sql,50,storefront_auto_notifications,payload_json,"jsonb"
20260317052336_e11d2b31-3c1f-4c0b-878a-dbd42ba2dab6.sql,51,storefront_auto_notifications,sent_at,"timestamptz"
20260317052336_e11d2b31-3c1f-4c0b-878a-dbd42ba2dab6.sql,52,storefront_auto_notifications,opened,"boolean"
20260317052336_e11d2b31-3c1f-4c0b-878a-dbd42ba2dab6.sql,53,storefront_auto_notifications,actioned,"boolean"
20260317052336_e11d2b31-3c1f-4c0b-878a-dbd42ba2dab6.sql,54,storefront_auto_notifications,created_at,"timestamptz"
20260317060115_a81aea74-8d63-4605-9c69-ab1031fc088c.sql,4,ad_events,id,"uuid"
20260317060115_a81aea74-8d63-4605-9c69-ab1031fc088c.sql,5,ad_events,event_type,"text"
20260317060115_a81aea74-8d63-4605-9c69-ab1031fc088c.sql,6,ad_events,placement,"text"
20260317060115_a81aea74-8d63-4605-9c69-ab1031fc088c.sql,7,ad_events,target_type,"text"
20260317060115_a81aea74-8d63-4605-9c69-ab1031fc088c.sql,8,ad_events,target_id,"uuid"
20260317060115_a81aea74-8d63-4605-9c69-ab1031fc088c.sql,9,ad_events,shop_id,"uuid"
20260317060115_a81aea74-8d63-4605-9c69-ab1031fc088c.sql,10,ad_events,user_id,"uuid"
20260317060115_a81aea74-8d63-4605-9c69-ab1031fc088c.sql,11,ad_events,session_id,"text"
20260317060115_a81aea74-8d63-4605-9c69-ab1031fc088c.sql,12,ad_events,device_type,"text"
20260317060115_a81aea74-8d63-4605-9c69-ab1031fc088c.sql,13,ad_events,referrer,"text"
20260317060115_a81aea74-8d63-4605-9c69-ab1031fc088c.sql,14,ad_events,cost_locs,"numeric"
20260317060115_a81aea74-8d63-4605-9c69-ab1031fc088c.sql,15,ad_events,metadata_json,"jsonb"
20260317060115_a81aea74-8d63-4605-9c69-ab1031fc088c.sql,16,ad_events,created_at,"timestamptz"
20260317060115_a81aea74-8d63-4605-9c69-ab1031fc088c.sql,42,boost_purchases,id,"uuid"
20260317060115_a81aea74-8d63-4605-9c69-ab1031fc088c.sql,43,boost_purchases,user_id,"uuid"
20260317060115_a81aea74-8d63-4605-9c69-ab1031fc088c.sql,44,boost_purchases,target_type,"text"
20260317060115_a81aea74-8d63-4605-9c69-ab1031fc088c.sql,45,boost_purchases,target_id,"uuid"
20260317060115_a81aea74-8d63-4605-9c69-ab1031fc088c.sql,46,boost_purchases,shop_id,"uuid"
20260317060115_a81aea74-8d63-4605-9c69-ab1031fc088c.sql,47,boost_purchases,tier,"text"
20260317060115_a81aea74-8d63-4605-9c69-ab1031fc088c.sql,48,boost_purchases,locs_spent,"numeric"
20260317060115_a81aea74-8d63-4605-9c69-ab1031fc088c.sql,49,boost_purchases,starts_at,"timestamptz"
20260317060115_a81aea74-8d63-4605-9c69-ab1031fc088c.sql,50,boost_purchases,ends_at,"timestamptz"
20260317060115_a81aea74-8d63-4605-9c69-ab1031fc088c.sql,51,boost_purchases,impressions_budget,"int"
20260317060115_a81aea74-8d63-4605-9c69-ab1031fc088c.sql,52,boost_purchases,impressions_used,"int"
20260317060115_a81aea74-8d63-4605-9c69-ab1031fc088c.sql,53,boost_purchases,clicks,"int"
20260317060115_a81aea74-8d63-4605-9c69-ab1031fc088c.sql,54,boost_purchases,conversions,"int"
20260317060115_a81aea74-8d63-4605-9c69-ab1031fc088c.sql,55,boost_purchases,status,"text"
20260317060115_a81aea74-8d63-4605-9c69-ab1031fc088c.sql,56,boost_purchases,created_at,"timestamptz"
20260317192218_17d1d5f8-c35c-46b5-b7b4-5ee0ab316dc2.sql,4,unified_wallet_transactions,id,"uuid"
20260317192218_17d1d5f8-c35c-46b5-b7b4-5ee0ab316dc2.sql,5,unified_wallet_transactions,created_at,"timestamptz"
20260317192218_17d1d5f8-c35c-46b5-b7b4-5ee0ab316dc2.sql,6,unified_wallet_transactions,updated_at,"timestamptz"
20260317192218_17d1d5f8-c35c-46b5-b7b4-5ee0ab316dc2.sql,7,unified_wallet_transactions,sender_id,"uuid"
20260317192218_17d1d5f8-c35c-46b5-b7b4-5ee0ab316dc2.sql,8,unified_wallet_transactions,recipient_id,"uuid"
20260317192218_17d1d5f8-c35c-46b5-b7b4-5ee0ab316dc2.sql,9,unified_wallet_transactions,amount,"numeric(12,2)"
20260317192218_17d1d5f8-c35c-46b5-b7b4-5ee0ab316dc2.sql,10,unified_wallet_transactions,currency,"text"
20260317192218_17d1d5f8-c35c-46b5-b7b4-5ee0ab316dc2.sql,11,unified_wallet_transactions,context_type,"text"
20260317192218_17d1d5f8-c35c-46b5-b7b4-5ee0ab316dc2.sql,12,unified_wallet_transactions,context_id,"text"
20260317192218_17d1d5f8-c35c-46b5-b7b4-5ee0ab316dc2.sql,13,unified_wallet_transactions,title,"text"
20260317192218_17d1d5f8-c35c-46b5-b7b4-5ee0ab316dc2.sql,14,unified_wallet_transactions,subtitle,"text"
20260317192218_17d1d5f8-c35c-46b5-b7b4-5ee0ab316dc2.sql,15,unified_wallet_transactions,status,"text"
20260317192218_17d1d5f8-c35c-46b5-b7b4-5ee0ab316dc2.sql,16,unified_wallet_transactions,metadata,"jsonb"
20260317192437_b0074cb6-ea1c-4717-b47e-edb4031e933d.sql,4,wallet_balances_v2,user_id,"uuid"
20260317192437_b0074cb6-ea1c-4717-b47e-edb4031e933d.sql,5,wallet_balances_v2,balance,"numeric(12,2)"
20260317192437_b0074cb6-ea1c-4717-b47e-edb4031e933d.sql,6,wallet_balances_v2,currency,"text"
20260317192437_b0074cb6-ea1c-4717-b47e-edb4031e933d.sql,7,wallet_balances_v2,updated_at,"timestamptz"
20260317203916_dd8befac-4c9d-4981-a350-63d7e61b7e98.sql,4,shop_follows,id,"uuid"
20260317203916_dd8befac-4c9d-4981-a350-63d7e61b7e98.sql,5,shop_follows,user_id,"uuid"
20260317203916_dd8befac-4c9d-4981-a350-63d7e61b7e98.sql,6,shop_follows,shop_id,"uuid"
20260317203916_dd8befac-4c9d-4981-a350-63d7e61b7e98.sql,7,shop_follows,created_at,"timestamptz"
20260318073255_84169e2d-fee6-42da-8243-dba3dc6ebe53.sql,17,accounting_entries,id,"uuid"
20260318073255_84169e2d-fee6-42da-8243-dba3dc6ebe53.sql,18,accounting_entries,org_id,"uuid"
20260318073255_84169e2d-fee6-42da-8243-dba3dc6ebe53.sql,19,accounting_entries,property_id,"uuid"
20260318073255_84169e2d-fee6-42da-8243-dba3dc6ebe53.sql,20,accounting_entries,lease_id,"uuid"
20260318073255_84169e2d-fee6-42da-8243-dba3dc6ebe53.sql,21,accounting_entries,tenant_id,"uuid"
20260318073255_84169e2d-fee6-42da-8243-dba3dc6ebe53.sql,22,accounting_entries,rent_call_id,"uuid"
20260318073255_84169e2d-fee6-42da-8243-dba3dc6ebe53.sql,23,accounting_entries,country_code,"text"
20260318073255_84169e2d-fee6-42da-8243-dba3dc6ebe53.sql,24,accounting_entries,accounting_period,"text"
20260318073255_84169e2d-fee6-42da-8243-dba3dc6ebe53.sql,25,accounting_entries,entry_type,"text"
20260318073255_84169e2d-fee6-42da-8243-dba3dc6ebe53.sql,26,accounting_entries,amount,"numeric"
20260318073255_84169e2d-fee6-42da-8243-dba3dc6ebe53.sql,27,accounting_entries,currency,"text"
20260318073255_84169e2d-fee6-42da-8243-dba3dc6ebe53.sql,28,accounting_entries,payment_method,"text"
20260318073255_84169e2d-fee6-42da-8243-dba3dc6ebe53.sql,29,accounting_entries,wallet_transaction_id,"text"
20260318073255_84169e2d-fee6-42da-8243-dba3dc6ebe53.sql,30,accounting_entries,external_reference,"text"
20260318073255_84169e2d-fee6-42da-8243-dba3dc6ebe53.sql,31,accounting_entries,description,"text"
20260318073255_84169e2d-fee6-42da-8243-dba3dc6ebe53.sql,32,accounting_entries,created_at,"timestamptz"
20260318073255_84169e2d-fee6-42da-8243-dba3dc6ebe53.sql,33,accounting_entries,updated_at,"timestamptz"
20260318083736_fb624c4b-7fa1-4eb0-b370-99045dd6b1b7.sql,4,customer_relationships,id,"uuid"
20260318083736_fb624c4b-7fa1-4eb0-b370-99045dd6b1b7.sql,5,customer_relationships,merchant_id,"uuid"
20260318083736_fb624c4b-7fa1-4eb0-b370-99045dd6b1b7.sql,6,customer_relationships,customer_id,"uuid"
20260318083736_fb624c4b-7fa1-4eb0-b370-99045dd6b1b7.sql,7,customer_relationships,shop_id,"uuid"
20260318083736_fb624c4b-7fa1-4eb0-b370-99045dd6b1b7.sql,8,customer_relationships,total_orders,"int"
20260318083736_fb624c4b-7fa1-4eb0-b370-99045dd6b1b7.sql,9,customer_relationships,total_bookings,"int"
20260318083736_fb624c4b-7fa1-4eb0-b370-99045dd6b1b7.sql,10,customer_relationships,lifetime_value,"numeric(12,2)"
20260318083736_fb624c4b-7fa1-4eb0-b370-99045dd6b1b7.sql,11,customer_relationships,currency,"text"
20260318083736_fb624c4b-7fa1-4eb0-b370-99045dd6b1b7.sql,12,customer_relationships,last_order_at,"timestamptz"
20260318083736_fb624c4b-7fa1-4eb0-b370-99045dd6b1b7.sql,13,customer_relationships,last_booking_at,"timestamptz"
20260318083736_fb624c4b-7fa1-4eb0-b370-99045dd6b1b7.sql,14,customer_relationships,preferred_categories,"text[]"
20260318083736_fb624c4b-7fa1-4eb0-b370-99045dd6b1b7.sql,15,customer_relationships,preferred_payment_method,"text"
20260318083736_fb624c4b-7fa1-4eb0-b370-99045dd6b1b7.sql,16,customer_relationships,is_favorite,"boolean"
20260318083736_fb624c4b-7fa1-4eb0-b370-99045dd6b1b7.sql,17,customer_relationships,loyalty_points,"int"
20260318083736_fb624c4b-7fa1-4eb0-b370-99045dd6b1b7.sql,18,customer_relationships,loyalty_tier,"text"
20260318083736_fb624c4b-7fa1-4eb0-b370-99045dd6b1b7.sql,19,customer_relationships,reactivation_eligible,"boolean"
20260318083736_fb624c4b-7fa1-4eb0-b370-99045dd6b1b7.sql,20,customer_relationships,first_interaction_at,"timestamptz"
20260318083736_fb624c4b-7fa1-4eb0-b370-99045dd6b1b7.sql,21,customer_relationships,created_at,"timestamptz"
20260318083736_fb624c4b-7fa1-4eb0-b370-99045dd6b1b7.sql,22,customer_relationships,updated_at,"timestamptz"
20260318162512_994995de-73d6-4010-b4d7-0e293a1e5fc5.sql,4,ride_requests,id,"uuid"
20260318162512_994995de-73d6-4010-b4d7-0e293a1e5fc5.sql,5,ride_requests,rider_id,"uuid"
20260318162512_994995de-73d6-4010-b4d7-0e293a1e5fc5.sql,6,ride_requests,status,"text"
20260318162512_994995de-73d6-4010-b4d7-0e293a1e5fc5.sql,7,ride_requests,pickup_lat,"double"
20260318162512_994995de-73d6-4010-b4d7-0e293a1e5fc5.sql,8,ride_requests,pickup_lng,"double"
20260318162512_994995de-73d6-4010-b4d7-0e293a1e5fc5.sql,9,ride_requests,dropoff_lat,"double"
20260318162512_994995de-73d6-4010-b4d7-0e293a1e5fc5.sql,10,ride_requests,dropoff_lng,"double"
20260318162512_994995de-73d6-4010-b4d7-0e293a1e5fc5.sql,11,ride_requests,selected_driver_id,"uuid"
20260318162512_994995de-73d6-4010-b4d7-0e293a1e5fc5.sql,12,ride_requests,offered_driver_ids,"uuid[]"
20260318162512_994995de-73d6-4010-b4d7-0e293a1e5fc5.sql,13,ride_requests,assigned_at,"timestamptz"
20260318162512_994995de-73d6-4010-b4d7-0e293a1e5fc5.sql,14,ride_requests,expires_at,"timestamptz"
20260318162512_994995de-73d6-4010-b4d7-0e293a1e5fc5.sql,15,ride_requests,created_at,"timestamptz"
20260318162512_994995de-73d6-4010-b4d7-0e293a1e5fc5.sql,16,ride_requests,updated_at,"timestamptz"
20260318162512_994995de-73d6-4010-b4d7-0e293a1e5fc5.sql,21,ride_offers,id,"uuid"
20260318162512_994995de-73d6-4010-b4d7-0e293a1e5fc5.sql,22,ride_offers,ride_request_id,"uuid"
20260318162512_994995de-73d6-4010-b4d7-0e293a1e5fc5.sql,23,ride_offers,driver_id,"uuid"
20260318162512_994995de-73d6-4010-b4d7-0e293a1e5fc5.sql,24,ride_offers,offer_status,"text"
20260318162512_994995de-73d6-4010-b4d7-0e293a1e5fc5.sql,25,ride_offers,score,"numeric"
20260318162512_994995de-73d6-4010-b4d7-0e293a1e5fc5.sql,26,ride_offers,sent_at,"timestamptz"
20260318162512_994995de-73d6-4010-b4d7-0e293a1e5fc5.sql,27,ride_offers,responded_at,"timestamptz"
20260318181907_cc85e6ef-1e6c-46de-b56c-a2a749b5b0af.sql,4,user_push_tokens,id,"uuid"
20260318181907_cc85e6ef-1e6c-46de-b56c-a2a749b5b0af.sql,5,user_push_tokens,user_id,"uuid"
20260318181907_cc85e6ef-1e6c-46de-b56c-a2a749b5b0af.sql,6,user_push_tokens,platform,"text"
20260318181907_cc85e6ef-1e6c-46de-b56c-a2a749b5b0af.sql,7,user_push_tokens,push_token,"text"
20260318181907_cc85e6ef-1e6c-46de-b56c-a2a749b5b0af.sql,8,user_push_tokens,device_name,"text"
20260318181907_cc85e6ef-1e6c-46de-b56c-a2a749b5b0af.sql,9,user_push_tokens,created_at,"timestamptz"
20260318181907_cc85e6ef-1e6c-46de-b56c-a2a749b5b0af.sql,10,user_push_tokens,updated_at,"timestamptz"
20260318182309_e970b66f-6ca9-4dee-a2f7-41b72ef8cd79.sql,15,driver_earnings,id,"uuid"
20260318182309_e970b66f-6ca9-4dee-a2f7-41b72ef8cd79.sql,16,driver_earnings,driver_id,"uuid"
20260318182309_e970b66f-6ca9-4dee-a2f7-41b72ef8cd79.sql,17,driver_earnings,ride_request_id,"uuid"
20260318182309_e970b66f-6ca9-4dee-a2f7-41b72ef8cd79.sql,18,driver_earnings,gross_amount,"numeric"
20260318182309_e970b66f-6ca9-4dee-a2f7-41b72ef8cd79.sql,19,driver_earnings,platform_fee,"numeric"
20260318182309_e970b66f-6ca9-4dee-a2f7-41b72ef8cd79.sql,20,driver_earnings,tip_amount,"numeric"
20260318182309_e970b66f-6ca9-4dee-a2f7-41b72ef8cd79.sql,21,driver_earnings,net_amount,"numeric"
20260318182309_e970b66f-6ca9-4dee-a2f7-41b72ef8cd79.sql,22,driver_earnings,currency,"text"
20260318182309_e970b66f-6ca9-4dee-a2f7-41b72ef8cd79.sql,23,driver_earnings,earning_status,"text"
20260318182309_e970b66f-6ca9-4dee-a2f7-41b72ef8cd79.sql,24,driver_earnings,created_at,"timestamptz"
20260318182309_e970b66f-6ca9-4dee-a2f7-41b72ef8cd79.sql,25,driver_earnings,updated_at,"timestamptz"
20260318182309_e970b66f-6ca9-4dee-a2f7-41b72ef8cd79.sql,33,ride_disputes,id,"uuid"
20260318182309_e970b66f-6ca9-4dee-a2f7-41b72ef8cd79.sql,34,ride_disputes,ride_request_id,"uuid"
20260318182309_e970b66f-6ca9-4dee-a2f7-41b72ef8cd79.sql,35,ride_disputes,opened_by,"uuid"
20260318182309_e970b66f-6ca9-4dee-a2f7-41b72ef8cd79.sql,36,ride_disputes,against_user_id,"uuid"
20260318182309_e970b66f-6ca9-4dee-a2f7-41b72ef8cd79.sql,37,ride_disputes,dispute_type,"text"
20260318182309_e970b66f-6ca9-4dee-a2f7-41b72ef8cd79.sql,38,ride_disputes,status,"text"
20260318182309_e970b66f-6ca9-4dee-a2f7-41b72ef8cd79.sql,39,ride_disputes,reason,"text"
20260318182309_e970b66f-6ca9-4dee-a2f7-41b72ef8cd79.sql,40,ride_disputes,resolution,"text"
20260318182309_e970b66f-6ca9-4dee-a2f7-41b72ef8cd79.sql,41,ride_disputes,refund_amount,"numeric"
20260318182309_e970b66f-6ca9-4dee-a2f7-41b72ef8cd79.sql,42,ride_disputes,admin_note,"text"
20260318182309_e970b66f-6ca9-4dee-a2f7-41b72ef8cd79.sql,43,ride_disputes,created_at,"timestamptz"
20260318182309_e970b66f-6ca9-4dee-a2f7-41b72ef8cd79.sql,44,ride_disputes,updated_at,"timestamptz"
20260318182309_e970b66f-6ca9-4dee-a2f7-41b72ef8cd79.sql,51,driver_payouts,id,"uuid"
20260318182309_e970b66f-6ca9-4dee-a2f7-41b72ef8cd79.sql,52,driver_payouts,driver_id,"uuid"
20260318182309_e970b66f-6ca9-4dee-a2f7-41b72ef8cd79.sql,53,driver_payouts,amount,"numeric"
20260318182309_e970b66f-6ca9-4dee-a2f7-41b72ef8cd79.sql,54,driver_payouts,currency,"text"
20260318182309_e970b66f-6ca9-4dee-a2f7-41b72ef8cd79.sql,55,driver_payouts,payout_status,"text"
20260318182309_e970b66f-6ca9-4dee-a2f7-41b72ef8cd79.sql,56,driver_payouts,method,"text"
20260318182309_e970b66f-6ca9-4dee-a2f7-41b72ef8cd79.sql,57,driver_payouts,reference,"text"
20260318182309_e970b66f-6ca9-4dee-a2f7-41b72ef8cd79.sql,58,driver_payouts,created_at,"timestamptz"
20260318182309_e970b66f-6ca9-4dee-a2f7-41b72ef8cd79.sql,59,driver_payouts,processed_at,"timestamptz"
20260318182309_e970b66f-6ca9-4dee-a2f7-41b72ef8cd79.sql,66,user_loyalty,user_id,"uuid"
20260318182309_e970b66f-6ca9-4dee-a2f7-41b72ef8cd79.sql,67,user_loyalty,points,"numeric"
20260318182309_e970b66f-6ca9-4dee-a2f7-41b72ef8cd79.sql,68,user_loyalty,tier,"text"
20260318182309_e970b66f-6ca9-4dee-a2f7-41b72ef8cd79.sql,69,user_loyalty,updated_at,"timestamptz"
20260318182309_e970b66f-6ca9-4dee-a2f7-41b72ef8cd79.sql,73,loyalty_transactions,id,"uuid"
20260318182309_e970b66f-6ca9-4dee-a2f7-41b72ef8cd79.sql,74,loyalty_transactions,user_id,"uuid"
20260318182309_e970b66f-6ca9-4dee-a2f7-41b72ef8cd79.sql,75,loyalty_transactions,points,"numeric"
20260318182309_e970b66f-6ca9-4dee-a2f7-41b72ef8cd79.sql,76,loyalty_transactions,type,"text"
20260318182309_e970b66f-6ca9-4dee-a2f7-41b72ef8cd79.sql,77,loyalty_transactions,reference_id,"uuid"
20260318182309_e970b66f-6ca9-4dee-a2f7-41b72ef8cd79.sql,78,loyalty_transactions,created_at,"timestamptz"
20260318182853_7d39f066-bcc5-4733-8341-77eb78593406.sql,4,demand_zones,id,"uuid"
20260318182853_7d39f066-bcc5-4733-8341-77eb78593406.sql,5,demand_zones,city,"text"
20260318182853_7d39f066-bcc5-4733-8341-77eb78593406.sql,6,demand_zones,zone_key,"text"
20260318182853_7d39f066-bcc5-4733-8341-77eb78593406.sql,7,demand_zones,center_lat,"numeric"
20260318182853_7d39f066-bcc5-4733-8341-77eb78593406.sql,8,demand_zones,center_lng,"numeric"
20260318182853_7d39f066-bcc5-4733-8341-77eb78593406.sql,9,demand_zones,demand_score,"numeric"
20260318182853_7d39f066-bcc5-4733-8341-77eb78593406.sql,10,demand_zones,supply_score,"numeric"
20260318182853_7d39f066-bcc5-4733-8341-77eb78593406.sql,11,demand_zones,surge_multiplier,"numeric"
20260318182853_7d39f066-bcc5-4733-8341-77eb78593406.sql,12,demand_zones,active_requests,"integer"
20260318182853_7d39f066-bcc5-4733-8341-77eb78593406.sql,13,demand_zones,active_drivers,"integer"
20260318182853_7d39f066-bcc5-4733-8341-77eb78593406.sql,14,demand_zones,predicted_demand,"numeric"
20260318182853_7d39f066-bcc5-4733-8341-77eb78593406.sql,15,demand_zones,updated_at,"timestamptz"
20260318182853_7d39f066-bcc5-4733-8341-77eb78593406.sql,22,ride_dispatch_logs,id,"uuid"
20260318182853_7d39f066-bcc5-4733-8341-77eb78593406.sql,23,ride_dispatch_logs,ride_request_id,"uuid"
20260318182853_7d39f066-bcc5-4733-8341-77eb78593406.sql,24,ride_dispatch_logs,driver_id,"uuid"
20260318182853_7d39f066-bcc5-4733-8341-77eb78593406.sql,25,ride_dispatch_logs,wave_index,"integer"
20260318182853_7d39f066-bcc5-4733-8341-77eb78593406.sql,26,ride_dispatch_logs,score,"numeric"
20260318182853_7d39f066-bcc5-4733-8341-77eb78593406.sql,27,ride_dispatch_logs,dispatch_reason,"text"
20260318182853_7d39f066-bcc5-4733-8341-77eb78593406.sql,28,ride_dispatch_logs,response_status,"text"
20260318182853_7d39f066-bcc5-4733-8341-77eb78593406.sql,29,ride_dispatch_logs,created_at,"timestamptz"
20260318183949_3352d4d6-bf10-4ae8-93f6-744b4b7f4240.sql,4,user_risk_profiles,user_id,"uuid"
20260318183949_3352d4d6-bf10-4ae8-93f6-744b4b7f4240.sql,5,user_risk_profiles,risk_score,"numeric"
20260318183949_3352d4d6-bf10-4ae8-93f6-744b4b7f4240.sql,6,user_risk_profiles,fraud_flags,"jsonb"
20260318183949_3352d4d6-bf10-4ae8-93f6-744b4b7f4240.sql,7,user_risk_profiles,last_updated,"timestamptz"
20260318183949_3352d4d6-bf10-4ae8-93f6-744b4b7f4240.sql,12,fraud_events,id,"uuid"
20260318183949_3352d4d6-bf10-4ae8-93f6-744b4b7f4240.sql,13,fraud_events,user_id,"uuid"
20260318183949_3352d4d6-bf10-4ae8-93f6-744b4b7f4240.sql,14,fraud_events,ride_request_id,"uuid"
20260318183949_3352d4d6-bf10-4ae8-93f6-744b4b7f4240.sql,15,fraud_events,event_type,"text"
20260318183949_3352d4d6-bf10-4ae8-93f6-744b4b7f4240.sql,16,fraud_events,severity,"numeric"
20260318183949_3352d4d6-bf10-4ae8-93f6-744b4b7f4240.sql,17,fraud_events,metadata,"jsonb"
20260318183949_3352d4d6-bf10-4ae8-93f6-744b4b7f4240.sql,18,fraud_events,created_at,"timestamptz"
20260318183949_3352d4d6-bf10-4ae8-93f6-744b4b7f4240.sql,23,user_subscriptions,user_id,"uuid"
20260318183949_3352d4d6-bf10-4ae8-93f6-744b4b7f4240.sql,24,user_subscriptions,plan,"text"
20260318183949_3352d4d6-bf10-4ae8-93f6-744b4b7f4240.sql,25,user_subscriptions,status,"text"
20260318183949_3352d4d6-bf10-4ae8-93f6-744b4b7f4240.sql,26,user_subscriptions,started_at,"timestamptz"
20260318183949_3352d4d6-bf10-4ae8-93f6-744b4b7f4240.sql,27,user_subscriptions,expires_at,"timestamptz"
20260318183949_3352d4d6-bf10-4ae8-93f6-744b4b7f4240.sql,32,driver_positioning,id,"uuid"
20260318183949_3352d4d6-bf10-4ae8-93f6-744b4b7f4240.sql,33,driver_positioning,driver_id,"uuid"
20260318183949_3352d4d6-bf10-4ae8-93f6-744b4b7f4240.sql,34,driver_positioning,suggested_lat,"numeric"
20260318183949_3352d4d6-bf10-4ae8-93f6-744b4b7f4240.sql,35,driver_positioning,suggested_lng,"numeric"
20260318183949_3352d4d6-bf10-4ae8-93f6-744b4b7f4240.sql,36,driver_positioning,demand_score,"numeric"
20260318183949_3352d4d6-bf10-4ae8-93f6-744b4b7f4240.sql,37,driver_positioning,reason,"text"
20260318183949_3352d4d6-bf10-4ae8-93f6-744b4b7f4240.sql,38,driver_positioning,created_at,"timestamptz"
20260318183949_3352d4d6-bf10-4ae8-93f6-744b4b7f4240.sql,43,ride_eta_snapshots,id,"uuid"
20260318183949_3352d4d6-bf10-4ae8-93f6-744b4b7f4240.sql,44,ride_eta_snapshots,ride_request_id,"uuid"
20260318183949_3352d4d6-bf10-4ae8-93f6-744b4b7f4240.sql,45,ride_eta_snapshots,driver_id,"uuid"
20260318183949_3352d4d6-bf10-4ae8-93f6-744b4b7f4240.sql,46,ride_eta_snapshots,eta_minutes,"numeric"
20260318183949_3352d4d6-bf10-4ae8-93f6-744b4b7f4240.sql,47,ride_eta_snapshots,distance_km,"numeric"
20260318183949_3352d4d6-bf10-4ae8-93f6-744b4b7f4240.sql,48,ride_eta_snapshots,traffic_factor,"numeric"
20260318183949_3352d4d6-bf10-4ae8-93f6-744b4b7f4240.sql,49,ride_eta_snapshots,recorded_at,"timestamptz"
20260318183949_3352d4d6-bf10-4ae8-93f6-744b4b7f4240.sql,57,driver_clusters,id,"uuid"
20260318183949_3352d4d6-bf10-4ae8-93f6-744b4b7f4240.sql,58,driver_clusters,city,"text"
20260318183949_3352d4d6-bf10-4ae8-93f6-744b4b7f4240.sql,59,driver_clusters,zone_key,"text"
20260318183949_3352d4d6-bf10-4ae8-93f6-744b4b7f4240.sql,60,driver_clusters,center_lat,"numeric"
20260318183949_3352d4d6-bf10-4ae8-93f6-744b4b7f4240.sql,61,driver_clusters,center_lng,"numeric"
20260318183949_3352d4d6-bf10-4ae8-93f6-744b4b7f4240.sql,62,driver_clusters,driver_count,"integer"
20260318183949_3352d4d6-bf10-4ae8-93f6-744b4b7f4240.sql,63,driver_clusters,demand_score,"numeric"
20260318183949_3352d4d6-bf10-4ae8-93f6-744b4b7f4240.sql,64,driver_clusters,cluster_score,"numeric"
20260318183949_3352d4d6-bf10-4ae8-93f6-744b4b7f4240.sql,65,driver_clusters,updated_at,"timestamptz"
20260318183949_3352d4d6-bf10-4ae8-93f6-744b4b7f4240.sql,73,ops_live_metrics,id,"uuid"
20260318183949_3352d4d6-bf10-4ae8-93f6-744b4b7f4240.sql,74,ops_live_metrics,metric_key,"text"
20260318183949_3352d4d6-bf10-4ae8-93f6-744b4b7f4240.sql,75,ops_live_metrics,metric_value,"numeric"
20260318183949_3352d4d6-bf10-4ae8-93f6-744b4b7f4240.sql,76,ops_live_metrics,context,"jsonb"
20260318183949_3352d4d6-bf10-4ae8-93f6-744b4b7f4240.sql,77,ops_live_metrics,recorded_at,"timestamptz"
20260318184508_62a9294b-b8e2-4ee9-abb3-d6e71bb7fe33.sql,3,admin_alerts,id,"uuid"
20260318184508_62a9294b-b8e2-4ee9-abb3-d6e71bb7fe33.sql,4,admin_alerts,alert_type,"text"
20260318184508_62a9294b-b8e2-4ee9-abb3-d6e71bb7fe33.sql,5,admin_alerts,severity,"text"
20260318184508_62a9294b-b8e2-4ee9-abb3-d6e71bb7fe33.sql,6,admin_alerts,title,"text"
20260318184508_62a9294b-b8e2-4ee9-abb3-d6e71bb7fe33.sql,7,admin_alerts,body,"text"
20260318184508_62a9294b-b8e2-4ee9-abb3-d6e71bb7fe33.sql,8,admin_alerts,context_type,"text"
20260318184508_62a9294b-b8e2-4ee9-abb3-d6e71bb7fe33.sql,9,admin_alerts,context_id,"uuid"
20260318184508_62a9294b-b8e2-4ee9-abb3-d6e71bb7fe33.sql,10,admin_alerts,status,"text"
20260318184508_62a9294b-b8e2-4ee9-abb3-d6e71bb7fe33.sql,11,admin_alerts,metadata_json,"jsonb"
20260318184508_62a9294b-b8e2-4ee9-abb3-d6e71bb7fe33.sql,12,admin_alerts,created_at,"timestamptz"
20260318184508_62a9294b-b8e2-4ee9-abb3-d6e71bb7fe33.sql,13,admin_alerts,resolved_at,"timestamptz"
20260318184508_62a9294b-b8e2-4ee9-abb3-d6e71bb7fe33.sql,19,user_wallet_credits,user_id,"uuid"
20260318184508_62a9294b-b8e2-4ee9-abb3-d6e71bb7fe33.sql,20,user_wallet_credits,credits_amount,"numeric"
20260318184508_62a9294b-b8e2-4ee9-abb3-d6e71bb7fe33.sql,21,user_wallet_credits,currency,"text"
20260318184508_62a9294b-b8e2-4ee9-abb3-d6e71bb7fe33.sql,22,user_wallet_credits,updated_at,"timestamptz"
20260318184508_62a9294b-b8e2-4ee9-abb3-d6e71bb7fe33.sql,26,wallet_credit_transactions,id,"uuid"
20260318184508_62a9294b-b8e2-4ee9-abb3-d6e71bb7fe33.sql,27,wallet_credit_transactions,user_id,"uuid"
20260318184508_62a9294b-b8e2-4ee9-abb3-d6e71bb7fe33.sql,28,wallet_credit_transactions,amount,"numeric"
20260318184508_62a9294b-b8e2-4ee9-abb3-d6e71bb7fe33.sql,29,wallet_credit_transactions,direction,"text"
20260318184508_62a9294b-b8e2-4ee9-abb3-d6e71bb7fe33.sql,30,wallet_credit_transactions,reason,"text"
20260318184508_62a9294b-b8e2-4ee9-abb3-d6e71bb7fe33.sql,31,wallet_credit_transactions,context_type,"text"
20260318184508_62a9294b-b8e2-4ee9-abb3-d6e71bb7fe33.sql,32,wallet_credit_transactions,context_id,"uuid"
20260318184508_62a9294b-b8e2-4ee9-abb3-d6e71bb7fe33.sql,33,wallet_credit_transactions,created_at,"timestamptz"
20260318184508_62a9294b-b8e2-4ee9-abb3-d6e71bb7fe33.sql,39,city_supply_balancer_logs,id,"uuid"
20260318184508_62a9294b-b8e2-4ee9-abb3-d6e71bb7fe33.sql,40,city_supply_balancer_logs,city,"text"
20260318184508_62a9294b-b8e2-4ee9-abb3-d6e71bb7fe33.sql,41,city_supply_balancer_logs,zone_key,"text"
20260318184508_62a9294b-b8e2-4ee9-abb3-d6e71bb7fe33.sql,42,city_supply_balancer_logs,action_type,"text"
20260318184508_62a9294b-b8e2-4ee9-abb3-d6e71bb7fe33.sql,43,city_supply_balancer_logs,target_driver_count,"integer"
20260318184508_62a9294b-b8e2-4ee9-abb3-d6e71bb7fe33.sql,44,city_supply_balancer_logs,current_driver_count,"integer"
20260318184508_62a9294b-b8e2-4ee9-abb3-d6e71bb7fe33.sql,45,city_supply_balancer_logs,suggested_driver_ids,"uuid[]"
20260318184508_62a9294b-b8e2-4ee9-abb3-d6e71bb7fe33.sql,46,city_supply_balancer_logs,metadata_json,"jsonb"
20260318184508_62a9294b-b8e2-4ee9-abb3-d6e71bb7fe33.sql,47,city_supply_balancer_logs,created_at,"timestamptz"
20260318185410_0b2e50ab-1c20-47db-bb8b-998d958ada05.sql,4,call_sessions,id,"uuid"
20260318185410_0b2e50ab-1c20-47db-bb8b-998d958ada05.sql,5,call_sessions,thread_id,"uuid"
20260318185410_0b2e50ab-1c20-47db-bb8b-998d958ada05.sql,6,call_sessions,initiator_id,"uuid"
20260318185410_0b2e50ab-1c20-47db-bb8b-998d958ada05.sql,7,call_sessions,recipient_id,"uuid"
20260318185410_0b2e50ab-1c20-47db-bb8b-998d958ada05.sql,8,call_sessions,call_type,"text"
20260318185410_0b2e50ab-1c20-47db-bb8b-998d958ada05.sql,9,call_sessions,status,"text"
20260318185410_0b2e50ab-1c20-47db-bb8b-998d958ada05.sql,10,call_sessions,started_at,"timestamptz"
20260318185410_0b2e50ab-1c20-47db-bb8b-998d958ada05.sql,11,call_sessions,ended_at,"timestamptz"
20260318185410_0b2e50ab-1c20-47db-bb8b-998d958ada05.sql,12,call_sessions,duration_seconds,"integer"
20260318185410_0b2e50ab-1c20-47db-bb8b-998d958ada05.sql,13,call_sessions,metadata_json,"jsonb"
20260318185410_0b2e50ab-1c20-47db-bb8b-998d958ada05.sql,14,call_sessions,created_at,"timestamptz"
20260318185410_0b2e50ab-1c20-47db-bb8b-998d958ada05.sql,21,message_translations,id,"uuid"
20260318185410_0b2e50ab-1c20-47db-bb8b-998d958ada05.sql,22,message_translations,message_id,"uuid"
20260318185410_0b2e50ab-1c20-47db-bb8b-998d958ada05.sql,23,message_translations,source_locale,"text"
20260318185410_0b2e50ab-1c20-47db-bb8b-998d958ada05.sql,24,message_translations,target_locale,"text"
20260318185410_0b2e50ab-1c20-47db-bb8b-998d958ada05.sql,25,message_translations,translated_text,"text"
20260318185410_0b2e50ab-1c20-47db-bb8b-998d958ada05.sql,26,message_translations,provider,"text"
20260318185410_0b2e50ab-1c20-47db-bb8b-998d958ada05.sql,27,message_translations,created_at,"timestamptz"
20260318185410_0b2e50ab-1c20-47db-bb8b-998d958ada05.sql,34,refund_requests,id,"uuid"
20260318185410_0b2e50ab-1c20-47db-bb8b-998d958ada05.sql,35,refund_requests,user_id,"uuid"
20260318185410_0b2e50ab-1c20-47db-bb8b-998d958ada05.sql,36,refund_requests,context_type,"text"
20260318185410_0b2e50ab-1c20-47db-bb8b-998d958ada05.sql,37,refund_requests,context_id,"uuid"
20260318185410_0b2e50ab-1c20-47db-bb8b-998d958ada05.sql,38,refund_requests,amount,"numeric"
20260318185410_0b2e50ab-1c20-47db-bb8b-998d958ada05.sql,39,refund_requests,currency,"text"
20260318185410_0b2e50ab-1c20-47db-bb8b-998d958ada05.sql,40,refund_requests,reason,"text"
20260318185410_0b2e50ab-1c20-47db-bb8b-998d958ada05.sql,41,refund_requests,refund_status,"text"
20260318185410_0b2e50ab-1c20-47db-bb8b-998d958ada05.sql,42,refund_requests,auto_approved,"boolean"
20260318185410_0b2e50ab-1c20-47db-bb8b-998d958ada05.sql,43,refund_requests,created_at,"timestamptz"
20260318185410_0b2e50ab-1c20-47db-bb8b-998d958ada05.sql,44,refund_requests,processed_at,"timestamptz"
20260318185410_0b2e50ab-1c20-47db-bb8b-998d958ada05.sql,51,ops_sla_events,id,"uuid"
20260318185410_0b2e50ab-1c20-47db-bb8b-998d958ada05.sql,52,ops_sla_events,context_type,"text"
20260318185410_0b2e50ab-1c20-47db-bb8b-998d958ada05.sql,53,ops_sla_events,context_id,"uuid"
20260318185410_0b2e50ab-1c20-47db-bb8b-998d958ada05.sql,54,ops_sla_events,sla_type,"text"
20260318185410_0b2e50ab-1c20-47db-bb8b-998d958ada05.sql,55,ops_sla_events,target_seconds,"integer"
20260318185410_0b2e50ab-1c20-47db-bb8b-998d958ada05.sql,56,ops_sla_events,elapsed_seconds,"integer"
20260318185410_0b2e50ab-1c20-47db-bb8b-998d958ada05.sql,57,ops_sla_events,sla_status,"text"
20260318185410_0b2e50ab-1c20-47db-bb8b-998d958ada05.sql,58,ops_sla_events,created_at,"timestamptz"
20260318185410_0b2e50ab-1c20-47db-bb8b-998d958ada05.sql,59,ops_sla_events,updated_at,"timestamptz"
20260318185410_0b2e50ab-1c20-47db-bb8b-998d958ada05.sql,66,user_trust_graph,user_id,"uuid"
20260318185410_0b2e50ab-1c20-47db-bb8b-998d958ada05.sql,67,user_trust_graph,trust_score,"numeric"
20260318185410_0b2e50ab-1c20-47db-bb8b-998d958ada05.sql,68,user_trust_graph,safety_score,"numeric"
20260318185410_0b2e50ab-1c20-47db-bb8b-998d958ada05.sql,69,user_trust_graph,reliability_score,"numeric"
20260318185410_0b2e50ab-1c20-47db-bb8b-998d958ada05.sql,70,user_trust_graph,disputes_count,"integer"
20260318185410_0b2e50ab-1c20-47db-bb8b-998d958ada05.sql,71,user_trust_graph,cancellations_count,"integer"
20260318185410_0b2e50ab-1c20-47db-bb8b-998d958ada05.sql,72,user_trust_graph,completed_orders_count,"integer"
20260318185410_0b2e50ab-1c20-47db-bb8b-998d958ada05.sql,73,user_trust_graph,completed_rides_count,"integer"
20260318185410_0b2e50ab-1c20-47db-bb8b-998d958ada05.sql,74,user_trust_graph,successful_payments_count,"integer"
20260318185410_0b2e50ab-1c20-47db-bb8b-998d958ada05.sql,75,user_trust_graph,updated_at,"timestamptz"
20260318185410_0b2e50ab-1c20-47db-bb8b-998d958ada05.sql,80,moderation_events,id,"uuid"
20260318185410_0b2e50ab-1c20-47db-bb8b-998d958ada05.sql,81,moderation_events,user_id,"uuid"
20260318185410_0b2e50ab-1c20-47db-bb8b-998d958ada05.sql,82,moderation_events,thread_id,"uuid"
20260318185410_0b2e50ab-1c20-47db-bb8b-998d958ada05.sql,83,moderation_events,message_id,"uuid"
20260318185410_0b2e50ab-1c20-47db-bb8b-998d958ada05.sql,84,moderation_events,event_type,"text"
20260318185410_0b2e50ab-1c20-47db-bb8b-998d958ada05.sql,85,moderation_events,severity,"text"
20260318185410_0b2e50ab-1c20-47db-bb8b-998d958ada05.sql,86,moderation_events,action_taken,"text"
20260318185410_0b2e50ab-1c20-47db-bb8b-998d958ada05.sql,87,moderation_events,metadata_json,"jsonb"
20260318185410_0b2e50ab-1c20-47db-bb8b-998d958ada05.sql,88,moderation_events,created_at,"timestamptz"
20260318185410_0b2e50ab-1c20-47db-bb8b-998d958ada05.sql,95,team_workspaces,id,"uuid"
20260318185410_0b2e50ab-1c20-47db-bb8b-998d958ada05.sql,96,team_workspaces,org_id,"uuid"
20260318185410_0b2e50ab-1c20-47db-bb8b-998d958ada05.sql,97,team_workspaces,name,"text"
20260318185410_0b2e50ab-1c20-47db-bb8b-998d958ada05.sql,98,team_workspaces,workspace_type,"text"
20260318185410_0b2e50ab-1c20-47db-bb8b-998d958ada05.sql,99,team_workspaces,created_by,"uuid"
20260318185410_0b2e50ab-1c20-47db-bb8b-998d958ada05.sql,100,team_workspaces,created_at,"timestamptz"
20260318185410_0b2e50ab-1c20-47db-bb8b-998d958ada05.sql,105,team_workspace_members,id,"uuid"
20260318185410_0b2e50ab-1c20-47db-bb8b-998d958ada05.sql,106,team_workspace_members,workspace_id,"uuid"
20260318185410_0b2e50ab-1c20-47db-bb8b-998d958ada05.sql,107,team_workspace_members,user_id,"uuid"
20260318185410_0b2e50ab-1c20-47db-bb8b-998d958ada05.sql,108,team_workspace_members,role,"text"
20260318185410_0b2e50ab-1c20-47db-bb8b-998d958ada05.sql,109,team_workspace_members,permissions,"jsonb"
20260318185410_0b2e50ab-1c20-47db-bb8b-998d958ada05.sql,110,team_workspace_members,created_at,"timestamptz"
20260318185410_0b2e50ab-1c20-47db-bb8b-998d958ada05.sql,117,team_tasks,id,"uuid"
20260318185410_0b2e50ab-1c20-47db-bb8b-998d958ada05.sql,118,team_tasks,workspace_id,"uuid"
20260318185410_0b2e50ab-1c20-47db-bb8b-998d958ada05.sql,119,team_tasks,assigned_to,"uuid"
20260318185410_0b2e50ab-1c20-47db-bb8b-998d958ada05.sql,120,team_tasks,task_type,"text"
20260318185410_0b2e50ab-1c20-47db-bb8b-998d958ada05.sql,121,team_tasks,status,"text"
20260318185410_0b2e50ab-1c20-47db-bb8b-998d958ada05.sql,122,team_tasks,title,"text"
20260318185410_0b2e50ab-1c20-47db-bb8b-998d958ada05.sql,123,team_tasks,description,"text"
20260318185410_0b2e50ab-1c20-47db-bb8b-998d958ada05.sql,124,team_tasks,context_type,"text"
20260318185410_0b2e50ab-1c20-47db-bb8b-998d958ada05.sql,125,team_tasks,context_id,"uuid"
20260318185410_0b2e50ab-1c20-47db-bb8b-998d958ada05.sql,126,team_tasks,priority,"text"
20260318185410_0b2e50ab-1c20-47db-bb8b-998d958ada05.sql,127,team_tasks,created_by,"uuid"
20260318185410_0b2e50ab-1c20-47db-bb8b-998d958ada05.sql,128,team_tasks,created_at,"timestamptz"
20260318185410_0b2e50ab-1c20-47db-bb8b-998d958ada05.sql,129,team_tasks,updated_at,"timestamptz"
20260318185410_0b2e50ab-1c20-47db-bb8b-998d958ada05.sql,136,orbit_call_presence,id,"uuid"
20260318185410_0b2e50ab-1c20-47db-bb8b-998d958ada05.sql,137,orbit_call_presence,call_session_id,"uuid"
20260318185410_0b2e50ab-1c20-47db-bb8b-998d958ada05.sql,138,orbit_call_presence,user_id,"uuid"
20260318185410_0b2e50ab-1c20-47db-bb8b-998d958ada05.sql,139,orbit_call_presence,joined_at,"timestamptz"
20260318185410_0b2e50ab-1c20-47db-bb8b-998d958ada05.sql,140,orbit_call_presence,left_at,"timestamptz"
20260318185410_0b2e50ab-1c20-47db-bb8b-998d958ada05.sql,141,orbit_call_presence,connection_state,"text"
20260318185410_0b2e50ab-1c20-47db-bb8b-998d958ada05.sql,142,orbit_call_presence,device_type,"text"
20260318185410_0b2e50ab-1c20-47db-bb8b-998d958ada05.sql,143,orbit_call_presence,metadata_json,"jsonb"
20260318185936_760cba44-184e-4215-a416-99e6a0e44e81.sql,3,rtc_config,id,"uuid"
20260318185936_760cba44-184e-4215-a416-99e6a0e44e81.sql,4,rtc_config,provider,"text"
20260318185936_760cba44-184e-4215-a416-99e6a0e44e81.sql,5,rtc_config,stun_urls,"text[]"
20260318185936_760cba44-184e-4215-a416-99e6a0e44e81.sql,6,rtc_config,turn_urls,"text[]"
20260318185936_760cba44-184e-4215-a416-99e6a0e44e81.sql,7,rtc_config,turn_username,"text"
20260318185936_760cba44-184e-4215-a416-99e6a0e44e81.sql,8,rtc_config,turn_password,"text"
20260318185936_760cba44-184e-4215-a416-99e6a0e44e81.sql,9,rtc_config,enabled,"boolean"
20260318185936_760cba44-184e-4215-a416-99e6a0e44e81.sql,10,rtc_config,created_at,"timestamptz"
20260318185936_760cba44-184e-4215-a416-99e6a0e44e81.sql,11,rtc_config,updated_at,"timestamptz"
20260318185936_760cba44-184e-4215-a416-99e6a0e44e81.sql,20,call_transcripts,id,"uuid"
20260318185936_760cba44-184e-4215-a416-99e6a0e44e81.sql,21,call_transcripts,call_session_id,"uuid"
20260318185936_760cba44-184e-4215-a416-99e6a0e44e81.sql,22,call_transcripts,speaker_user_id,"uuid"
20260318185936_760cba44-184e-4215-a416-99e6a0e44e81.sql,23,call_transcripts,source_locale,"text"
20260318185936_760cba44-184e-4215-a416-99e6a0e44e81.sql,24,call_transcripts,transcript_text,"text"
20260318185936_760cba44-184e-4215-a416-99e6a0e44e81.sql,25,call_transcripts,translated_locale,"text"
20260318185936_760cba44-184e-4215-a416-99e6a0e44e81.sql,26,call_transcripts,translated_text,"text"
20260318185936_760cba44-184e-4215-a416-99e6a0e44e81.sql,27,call_transcripts,created_at,"timestamptz"
20260318185936_760cba44-184e-4215-a416-99e6a0e44e81.sql,42,permission_templates,id,"uuid"
20260318185936_760cba44-184e-4215-a416-99e6a0e44e81.sql,43,permission_templates,template_key,"text"
20260318185936_760cba44-184e-4215-a416-99e6a0e44e81.sql,44,permission_templates,label,"text"
20260318185936_760cba44-184e-4215-a416-99e6a0e44e81.sql,45,permission_templates,permissions,"jsonb"
20260318185936_760cba44-184e-4215-a416-99e6a0e44e81.sql,46,permission_templates,created_at,"timestamptz"
20260318185936_760cba44-184e-4215-a416-99e6a0e44e81.sql,55,ai_ops_suggestions,id,"uuid"
20260318185936_760cba44-184e-4215-a416-99e6a0e44e81.sql,56,ai_ops_suggestions,workspace_id,"uuid"
20260318185936_760cba44-184e-4215-a416-99e6a0e44e81.sql,57,ai_ops_suggestions,suggestion_type,"text"
20260318185936_760cba44-184e-4215-a416-99e6a0e44e81.sql,58,ai_ops_suggestions,context_type,"text"
20260318185936_760cba44-184e-4215-a416-99e6a0e44e81.sql,59,ai_ops_suggestions,context_id,"uuid"
20260318185936_760cba44-184e-4215-a416-99e6a0e44e81.sql,60,ai_ops_suggestions,title,"text"
20260318185936_760cba44-184e-4215-a416-99e6a0e44e81.sql,61,ai_ops_suggestions,suggestion_text,"text"
20260318185936_760cba44-184e-4215-a416-99e6a0e44e81.sql,62,ai_ops_suggestions,status,"text"
20260318185936_760cba44-184e-4215-a416-99e6a0e44e81.sql,63,ai_ops_suggestions,created_at,"timestamptz"
20260318185936_760cba44-184e-4215-a416-99e6a0e44e81.sql,75,executive_kpi_snapshots,id,"uuid"
20260318185936_760cba44-184e-4215-a416-99e6a0e44e81.sql,76,executive_kpi_snapshots,snapshot_date,"date"
20260318185936_760cba44-184e-4215-a416-99e6a0e44e81.sql,77,executive_kpi_snapshots,active_rides,"integer"
20260318185936_760cba44-184e-4215-a416-99e6a0e44e81.sql,78,executive_kpi_snapshots,active_orders,"integer"
20260318185936_760cba44-184e-4215-a416-99e6a0e44e81.sql,79,executive_kpi_snapshots,gross_volume,"numeric"
20260318185936_760cba44-184e-4215-a416-99e6a0e44e81.sql,80,executive_kpi_snapshots,refunds_volume,"numeric"
20260318185936_760cba44-184e-4215-a416-99e6a0e44e81.sql,81,executive_kpi_snapshots,disputes_open,"integer"
20260318185936_760cba44-184e-4215-a416-99e6a0e44e81.sql,82,executive_kpi_snapshots,payouts_pending,"integer"
20260318185936_760cba44-184e-4215-a416-99e6a0e44e81.sql,83,executive_kpi_snapshots,hot_zones,"integer"
20260318185936_760cba44-184e-4215-a416-99e6a0e44e81.sql,84,executive_kpi_snapshots,conversion_rate,"numeric"
20260318185936_760cba44-184e-4215-a416-99e6a0e44e81.sql,85,executive_kpi_snapshots,created_at,"timestamptz"
20260318192425_858b3ffe-072d-4581-a3b8-42bb61c0fba6.sql,5,rtc_signaling_messages,id,"uuid"
20260318192425_858b3ffe-072d-4581-a3b8-42bb61c0fba6.sql,6,rtc_signaling_messages,call_session_id,"uuid"
20260318192425_858b3ffe-072d-4581-a3b8-42bb61c0fba6.sql,7,rtc_signaling_messages,sender_id,"uuid"
20260318192425_858b3ffe-072d-4581-a3b8-42bb61c0fba6.sql,8,rtc_signaling_messages,workspace_id,"uuid"
20260318192425_858b3ffe-072d-4581-a3b8-42bb61c0fba6.sql,9,rtc_signaling_messages,message_type,"text"
20260318192425_858b3ffe-072d-4581-a3b8-42bb61c0fba6.sql,10,rtc_signaling_messages,payload,"jsonb"
20260318192425_858b3ffe-072d-4581-a3b8-42bb61c0fba6.sql,11,rtc_signaling_messages,expires_at,"timestamptz"
20260318192425_858b3ffe-072d-4581-a3b8-42bb61c0fba6.sql,12,rtc_signaling_messages,created_at,"timestamptz"
20260318192425_858b3ffe-072d-4581-a3b8-42bb61c0fba6.sql,19,live_translation_stream,id,"uuid"
20260318192425_858b3ffe-072d-4581-a3b8-42bb61c0fba6.sql,20,live_translation_stream,call_session_id,"uuid"
20260318192425_858b3ffe-072d-4581-a3b8-42bb61c0fba6.sql,21,live_translation_stream,workspace_id,"uuid"
20260318192425_858b3ffe-072d-4581-a3b8-42bb61c0fba6.sql,22,live_translation_stream,speaker_id,"uuid"
20260318192425_858b3ffe-072d-4581-a3b8-42bb61c0fba6.sql,23,live_translation_stream,source_text,"text"
20260318192425_858b3ffe-072d-4581-a3b8-42bb61c0fba6.sql,24,live_translation_stream,translated_text,"text"
20260318192425_858b3ffe-072d-4581-a3b8-42bb61c0fba6.sql,25,live_translation_stream,source_lang,"text"
20260318192425_858b3ffe-072d-4581-a3b8-42bb61c0fba6.sql,26,live_translation_stream,target_lang,"text"
20260318192425_858b3ffe-072d-4581-a3b8-42bb61c0fba6.sql,27,live_translation_stream,confidence,"numeric"
20260318192425_858b3ffe-072d-4581-a3b8-42bb61c0fba6.sql,28,live_translation_stream,segment_index,"integer"
20260318192425_858b3ffe-072d-4581-a3b8-42bb61c0fba6.sql,29,live_translation_stream,created_at,"timestamptz"
20260318192425_858b3ffe-072d-4581-a3b8-42bb61c0fba6.sql,36,ai_chat_threads,id,"uuid"
20260318192425_858b3ffe-072d-4581-a3b8-42bb61c0fba6.sql,37,ai_chat_threads,workspace_id,"uuid"
20260318192425_858b3ffe-072d-4581-a3b8-42bb61c0fba6.sql,38,ai_chat_threads,context_type,"text"
20260318192425_858b3ffe-072d-4581-a3b8-42bb61c0fba6.sql,39,ai_chat_threads,context_id,"uuid"
20260318192425_858b3ffe-072d-4581-a3b8-42bb61c0fba6.sql,40,ai_chat_threads,title,"text"
20260318192425_858b3ffe-072d-4581-a3b8-42bb61c0fba6.sql,41,ai_chat_threads,created_by,"uuid"
20260318192425_858b3ffe-072d-4581-a3b8-42bb61c0fba6.sql,42,ai_chat_threads,created_at,"timestamptz"
20260318192425_858b3ffe-072d-4581-a3b8-42bb61c0fba6.sql,46,ai_chat_messages,id,"uuid"
20260318192425_858b3ffe-072d-4581-a3b8-42bb61c0fba6.sql,47,ai_chat_messages,thread_id,"uuid"
20260318192425_858b3ffe-072d-4581-a3b8-42bb61c0fba6.sql,48,ai_chat_messages,workspace_id,"uuid"
20260318192425_858b3ffe-072d-4581-a3b8-42bb61c0fba6.sql,49,ai_chat_messages,role,"text"
20260318192425_858b3ffe-072d-4581-a3b8-42bb61c0fba6.sql,50,ai_chat_messages,content,"text"
20260318192425_858b3ffe-072d-4581-a3b8-42bb61c0fba6.sql,51,ai_chat_messages,metadata,"jsonb"
20260318192425_858b3ffe-072d-4581-a3b8-42bb61c0fba6.sql,52,ai_chat_messages,token_estimate,"integer"
20260318192425_858b3ffe-072d-4581-a3b8-42bb61c0fba6.sql,53,ai_chat_messages,created_at,"timestamptz"
20260318192425_858b3ffe-072d-4581-a3b8-42bb61c0fba6.sql,60,financial_reconciliation,id,"uuid"
20260318192425_858b3ffe-072d-4581-a3b8-42bb61c0fba6.sql,61,financial_reconciliation,workspace_id,"uuid"
20260318192425_858b3ffe-072d-4581-a3b8-42bb61c0fba6.sql,62,financial_reconciliation,entity_type,"text"
20260318192425_858b3ffe-072d-4581-a3b8-42bb61c0fba6.sql,63,financial_reconciliation,entity_id,"uuid"
20260318192425_858b3ffe-072d-4581-a3b8-42bb61c0fba6.sql,64,financial_reconciliation,expected_amount,"numeric"
20260318192425_858b3ffe-072d-4581-a3b8-42bb61c0fba6.sql,65,financial_reconciliation,actual_amount,"numeric"
20260318192425_858b3ffe-072d-4581-a3b8-42bb61c0fba6.sql,66,financial_reconciliation,delta,"numeric"
20260318192425_858b3ffe-072d-4581-a3b8-42bb61c0fba6.sql,67,financial_reconciliation,currency,"text"
20260318192425_858b3ffe-072d-4581-a3b8-42bb61c0fba6.sql,68,financial_reconciliation,notes,"text"
20260318192425_858b3ffe-072d-4581-a3b8-42bb61c0fba6.sql,69,financial_reconciliation,status,"text"
20260318192425_858b3ffe-072d-4581-a3b8-42bb61c0fba6.sql,70,financial_reconciliation,resolved_by,"uuid"
20260318192425_858b3ffe-072d-4581-a3b8-42bb61c0fba6.sql,71,financial_reconciliation,resolved_at,"timestamptz"
20260318192425_858b3ffe-072d-4581-a3b8-42bb61c0fba6.sql,72,financial_reconciliation,created_at,"timestamptz"
20260318192425_858b3ffe-072d-4581-a3b8-42bb61c0fba6.sql,73,financial_reconciliation,updated_at,"timestamptz"
20260318192425_858b3ffe-072d-4581-a3b8-42bb61c0fba6.sql,80,call_participants,id,"uuid"
20260318192425_858b3ffe-072d-4581-a3b8-42bb61c0fba6.sql,81,call_participants,call_session_id,"uuid"
20260318192425_858b3ffe-072d-4581-a3b8-42bb61c0fba6.sql,82,call_participants,user_id,"uuid"
20260318192425_858b3ffe-072d-4581-a3b8-42bb61c0fba6.sql,83,call_participants,role,"text"
20260318192425_858b3ffe-072d-4581-a3b8-42bb61c0fba6.sql,84,call_participants,joined_at,"timestamptz"
20260318192425_858b3ffe-072d-4581-a3b8-42bb61c0fba6.sql,85,call_participants,left_at,"timestamptz"
20260318192425_858b3ffe-072d-4581-a3b8-42bb61c0fba6.sql,86,call_participants,status,"text"
20260318192425_858b3ffe-072d-4581-a3b8-42bb61c0fba6.sql,93,recon_alerts,id,"uuid"
20260318192425_858b3ffe-072d-4581-a3b8-42bb61c0fba6.sql,94,recon_alerts,recon_id,"uuid"
20260318192425_858b3ffe-072d-4581-a3b8-42bb61c0fba6.sql,95,recon_alerts,severity,"text"
20260318192425_858b3ffe-072d-4581-a3b8-42bb61c0fba6.sql,96,recon_alerts,title,"text"
20260318192425_858b3ffe-072d-4581-a3b8-42bb61c0fba6.sql,97,recon_alerts,body,"text"
20260318192425_858b3ffe-072d-4581-a3b8-42bb61c0fba6.sql,98,recon_alerts,created_at,"timestamptz"
20260318192425_858b3ffe-072d-4581-a3b8-42bb61c0fba6.sql,99,recon_alerts,acknowledged_at,"timestamptz"
20260318192425_858b3ffe-072d-4581-a3b8-42bb61c0fba6.sql,100,recon_alerts,acknowledged_by,"uuid"
20260318192425_858b3ffe-072d-4581-a3b8-42bb61c0fba6.sql,107,ai_chat_usage,id,"uuid"
20260318192425_858b3ffe-072d-4581-a3b8-42bb61c0fba6.sql,108,ai_chat_usage,thread_id,"uuid"
20260318192425_858b3ffe-072d-4581-a3b8-42bb61c0fba6.sql,109,ai_chat_usage,workspace_id,"uuid"
20260318192425_858b3ffe-072d-4581-a3b8-42bb61c0fba6.sql,110,ai_chat_usage,user_id,"uuid"
20260318192425_858b3ffe-072d-4581-a3b8-42bb61c0fba6.sql,111,ai_chat_usage,prompt_tokens,"integer"
20260318192425_858b3ffe-072d-4581-a3b8-42bb61c0fba6.sql,112,ai_chat_usage,completion_tokens,"integer"
20260318192425_858b3ffe-072d-4581-a3b8-42bb61c0fba6.sql,113,ai_chat_usage,total_tokens,"integer"
20260318192425_858b3ffe-072d-4581-a3b8-42bb61c0fba6.sql,114,ai_chat_usage,model,"text"
20260318192425_858b3ffe-072d-4581-a3b8-42bb61c0fba6.sql,115,ai_chat_usage,created_at,"timestamptz"
20260318195544_18f108e0-4bd1-4b30-91cd-9f37bc41e1b5.sql,4,orbit_identity_profiles,id,"uuid"
20260318195544_18f108e0-4bd1-4b30-91cd-9f37bc41e1b5.sql,5,orbit_identity_profiles,user_id,"uuid"
20260318195544_18f108e0-4bd1-4b30-91cd-9f37bc41e1b5.sql,6,orbit_identity_profiles,workspace_id,"uuid"
20260318195544_18f108e0-4bd1-4b30-91cd-9f37bc41e1b5.sql,7,orbit_identity_profiles,public_handle,"text"
20260318195544_18f108e0-4bd1-4b30-91cd-9f37bc41e1b5.sql,8,orbit_identity_profiles,display_name,"text"
20260318195544_18f108e0-4bd1-4b30-91cd-9f37bc41e1b5.sql,9,orbit_identity_profiles,avatar_url,"text"
20260318195544_18f108e0-4bd1-4b30-91cd-9f37bc41e1b5.sql,10,orbit_identity_profiles,anonymity_mode,"boolean"
20260318195544_18f108e0-4bd1-4b30-91cd-9f37bc41e1b5.sql,11,orbit_identity_profiles,discoverable,"boolean"
20260318195544_18f108e0-4bd1-4b30-91cd-9f37bc41e1b5.sql,12,orbit_identity_profiles,verification_level,"text"
20260318195544_18f108e0-4bd1-4b30-91cd-9f37bc41e1b5.sql,13,orbit_identity_profiles,created_at,"timestamptz"
20260318195544_18f108e0-4bd1-4b30-91cd-9f37bc41e1b5.sql,14,orbit_identity_profiles,updated_at,"timestamptz"
20260318195544_18f108e0-4bd1-4b30-91cd-9f37bc41e1b5.sql,18,orbit_device_keys,id,"uuid"
20260318195544_18f108e0-4bd1-4b30-91cd-9f37bc41e1b5.sql,19,orbit_device_keys,identity_id,"uuid"
20260318195544_18f108e0-4bd1-4b30-91cd-9f37bc41e1b5.sql,20,orbit_device_keys,device_label,"text"
20260318195544_18f108e0-4bd1-4b30-91cd-9f37bc41e1b5.sql,21,orbit_device_keys,public_key,"text"
20260318195544_18f108e0-4bd1-4b30-91cd-9f37bc41e1b5.sql,22,orbit_device_keys,key_algo,"text"
20260318195544_18f108e0-4bd1-4b30-91cd-9f37bc41e1b5.sql,23,orbit_device_keys,is_active,"boolean"
20260318195544_18f108e0-4bd1-4b30-91cd-9f37bc41e1b5.sql,24,orbit_device_keys,created_at,"timestamptz"
20260318195544_18f108e0-4bd1-4b30-91cd-9f37bc41e1b5.sql,25,orbit_device_keys,revoked_at,"timestamptz"
20260318195544_18f108e0-4bd1-4b30-91cd-9f37bc41e1b5.sql,30,orbit_session_tokens,id,"uuid"
20260318195544_18f108e0-4bd1-4b30-91cd-9f37bc41e1b5.sql,31,orbit_session_tokens,identity_id,"uuid"
20260318195544_18f108e0-4bd1-4b30-91cd-9f37bc41e1b5.sql,32,orbit_session_tokens,token_hash,"text"
20260318195544_18f108e0-4bd1-4b30-91cd-9f37bc41e1b5.sql,33,orbit_session_tokens,expires_at,"timestamptz"
20260318195544_18f108e0-4bd1-4b30-91cd-9f37bc41e1b5.sql,34,orbit_session_tokens,created_at,"timestamptz"
20260318195544_18f108e0-4bd1-4b30-91cd-9f37bc41e1b5.sql,35,orbit_session_tokens,revoked_at,"timestamptz"
20260318195544_18f108e0-4bd1-4b30-91cd-9f37bc41e1b5.sql,41,wallet_accounts,id,"uuid"
20260318195544_18f108e0-4bd1-4b30-91cd-9f37bc41e1b5.sql,42,wallet_accounts,workspace_id,"uuid"
20260318195544_18f108e0-4bd1-4b30-91cd-9f37bc41e1b5.sql,43,wallet_accounts,owner_user_id,"uuid"
20260318195544_18f108e0-4bd1-4b30-91cd-9f37bc41e1b5.sql,44,wallet_accounts,owner_type,"text"
20260318195544_18f108e0-4bd1-4b30-91cd-9f37bc41e1b5.sql,45,wallet_accounts,currency,"text"
20260318195544_18f108e0-4bd1-4b30-91cd-9f37bc41e1b5.sql,46,wallet_accounts,account_type,"text"
20260318195544_18f108e0-4bd1-4b30-91cd-9f37bc41e1b5.sql,47,wallet_accounts,balance,"numeric"
20260318195544_18f108e0-4bd1-4b30-91cd-9f37bc41e1b5.sql,48,wallet_accounts,available_balance,"numeric"
20260318195544_18f108e0-4bd1-4b30-91cd-9f37bc41e1b5.sql,49,wallet_accounts,pending_balance,"numeric"
20260318195544_18f108e0-4bd1-4b30-91cd-9f37bc41e1b5.sql,50,wallet_accounts,external_ref,"text"
20260318195544_18f108e0-4bd1-4b30-91cd-9f37bc41e1b5.sql,51,wallet_accounts,status,"text"
20260318195544_18f108e0-4bd1-4b30-91cd-9f37bc41e1b5.sql,52,wallet_accounts,created_at,"timestamptz"
20260318195544_18f108e0-4bd1-4b30-91cd-9f37bc41e1b5.sql,53,wallet_accounts,updated_at,"timestamptz"
20260318195544_18f108e0-4bd1-4b30-91cd-9f37bc41e1b5.sql,58,wallet_ledger_entries,id,"uuid"
20260318195544_18f108e0-4bd1-4b30-91cd-9f37bc41e1b5.sql,59,wallet_ledger_entries,workspace_id,"uuid"
20260318195544_18f108e0-4bd1-4b30-91cd-9f37bc41e1b5.sql,60,wallet_ledger_entries,wallet_account_id,"uuid"
20260318195544_18f108e0-4bd1-4b30-91cd-9f37bc41e1b5.sql,61,wallet_ledger_entries,direction,"text"
20260318195544_18f108e0-4bd1-4b30-91cd-9f37bc41e1b5.sql,62,wallet_ledger_entries,amount,"numeric"
20260318195544_18f108e0-4bd1-4b30-91cd-9f37bc41e1b5.sql,63,wallet_ledger_entries,currency,"text"
20260318195544_18f108e0-4bd1-4b30-91cd-9f37bc41e1b5.sql,64,wallet_ledger_entries,entry_type,"text"
20260318195544_18f108e0-4bd1-4b30-91cd-9f37bc41e1b5.sql,65,wallet_ledger_entries,reference_type,"text"
20260318195544_18f108e0-4bd1-4b30-91cd-9f37bc41e1b5.sql,66,wallet_ledger_entries,reference_id,"uuid"
20260318195544_18f108e0-4bd1-4b30-91cd-9f37bc41e1b5.sql,67,wallet_ledger_entries,external_txn_id,"text"
20260318195544_18f108e0-4bd1-4b30-91cd-9f37bc41e1b5.sql,68,wallet_ledger_entries,status,"text"
20260318195544_18f108e0-4bd1-4b30-91cd-9f37bc41e1b5.sql,69,wallet_ledger_entries,metadata,"jsonb"
20260318195544_18f108e0-4bd1-4b30-91cd-9f37bc41e1b5.sql,70,wallet_ledger_entries,created_at,"timestamptz"
20260318195544_18f108e0-4bd1-4b30-91cd-9f37bc41e1b5.sql,75,wallet_transfers,id,"uuid"
20260318195544_18f108e0-4bd1-4b30-91cd-9f37bc41e1b5.sql,76,wallet_transfers,workspace_id,"uuid"
20260318195544_18f108e0-4bd1-4b30-91cd-9f37bc41e1b5.sql,77,wallet_transfers,from_wallet_id,"uuid"
20260318195544_18f108e0-4bd1-4b30-91cd-9f37bc41e1b5.sql,78,wallet_transfers,to_wallet_id,"uuid"
20260318195544_18f108e0-4bd1-4b30-91cd-9f37bc41e1b5.sql,79,wallet_transfers,amount,"numeric"
20260318195544_18f108e0-4bd1-4b30-91cd-9f37bc41e1b5.sql,80,wallet_transfers,currency,"text"
20260318195544_18f108e0-4bd1-4b30-91cd-9f37bc41e1b5.sql,81,wallet_transfers,transfer_type,"text"
20260318195544_18f108e0-4bd1-4b30-91cd-9f37bc41e1b5.sql,82,wallet_transfers,status,"text"
20260318195544_18f108e0-4bd1-4b30-91cd-9f37bc41e1b5.sql,83,wallet_transfers,reference_type,"text"
20260318195544_18f108e0-4bd1-4b30-91cd-9f37bc41e1b5.sql,84,wallet_transfers,reference_id,"uuid"
20260318195544_18f108e0-4bd1-4b30-91cd-9f37bc41e1b5.sql,85,wallet_transfers,metadata,"jsonb"
20260318195544_18f108e0-4bd1-4b30-91cd-9f37bc41e1b5.sql,86,wallet_transfers,created_at,"timestamptz"
20260318195544_18f108e0-4bd1-4b30-91cd-9f37bc41e1b5.sql,87,wallet_transfers,completed_at,"timestamptz"
20260318195544_18f108e0-4bd1-4b30-91cd-9f37bc41e1b5.sql,93,dispatch_prediction_jobs,id,"uuid"
20260318195544_18f108e0-4bd1-4b30-91cd-9f37bc41e1b5.sql,94,dispatch_prediction_jobs,workspace_id,"uuid"
20260318195544_18f108e0-4bd1-4b30-91cd-9f37bc41e1b5.sql,95,dispatch_prediction_jobs,context_type,"text"
20260318195544_18f108e0-4bd1-4b30-91cd-9f37bc41e1b5.sql,96,dispatch_prediction_jobs,context_id,"uuid"
20260318195544_18f108e0-4bd1-4b30-91cd-9f37bc41e1b5.sql,97,dispatch_prediction_jobs,buyer_id,"uuid"
20260318195544_18f108e0-4bd1-4b30-91cd-9f37bc41e1b5.sql,98,dispatch_prediction_jobs,seller_id,"uuid"
20260318195544_18f108e0-4bd1-4b30-91cd-9f37bc41e1b5.sql,99,dispatch_prediction_jobs,predicted_driver_count,"integer"
20260318195544_18f108e0-4bd1-4b30-91cd-9f37bc41e1b5.sql,100,dispatch_prediction_jobs,predicted_eta_minutes,"integer"
20260318195544_18f108e0-4bd1-4b30-91cd-9f37bc41e1b5.sql,101,dispatch_prediction_jobs,predicted_fee,"numeric"
20260318195544_18f108e0-4bd1-4b30-91cd-9f37bc41e1b5.sql,102,dispatch_prediction_jobs,confidence,"numeric"
20260318195544_18f108e0-4bd1-4b30-91cd-9f37bc41e1b5.sql,103,dispatch_prediction_jobs,status,"text"
20260318195544_18f108e0-4bd1-4b30-91cd-9f37bc41e1b5.sql,104,dispatch_prediction_jobs,metadata,"jsonb"
20260318195544_18f108e0-4bd1-4b30-91cd-9f37bc41e1b5.sql,105,dispatch_prediction_jobs,created_at,"timestamptz"
20260318195544_18f108e0-4bd1-4b30-91cd-9f37bc41e1b5.sql,106,dispatch_prediction_jobs,updated_at,"timestamptz"
20260318195544_18f108e0-4bd1-4b30-91cd-9f37bc41e1b5.sql,111,dispatch_candidate_drivers,id,"uuid"
20260318195544_18f108e0-4bd1-4b30-91cd-9f37bc41e1b5.sql,112,dispatch_candidate_drivers,prediction_job_id,"uuid"
20260318195544_18f108e0-4bd1-4b30-91cd-9f37bc41e1b5.sql,113,dispatch_candidate_drivers,driver_id,"uuid"
20260318195544_18f108e0-4bd1-4b30-91cd-9f37bc41e1b5.sql,114,dispatch_candidate_drivers,distance_km,"numeric"
20260318195544_18f108e0-4bd1-4b30-91cd-9f37bc41e1b5.sql,115,dispatch_candidate_drivers,eta_minutes,"integer"
20260318195544_18f108e0-4bd1-4b30-91cd-9f37bc41e1b5.sql,116,dispatch_candidate_drivers,score,"numeric"
20260318195544_18f108e0-4bd1-4b30-91cd-9f37bc41e1b5.sql,117,dispatch_candidate_drivers,status,"text"
20260318195544_18f108e0-4bd1-4b30-91cd-9f37bc41e1b5.sql,118,dispatch_candidate_drivers,created_at,"timestamptz"
20260318195544_18f108e0-4bd1-4b30-91cd-9f37bc41e1b5.sql,124,merchant_onboarding_sources,id,"uuid"
20260318195544_18f108e0-4bd1-4b30-91cd-9f37bc41e1b5.sql,125,merchant_onboarding_sources,workspace_id,"uuid"
20260318195544_18f108e0-4bd1-4b30-91cd-9f37bc41e1b5.sql,126,merchant_onboarding_sources,source_type,"text"
20260318195544_18f108e0-4bd1-4b30-91cd-9f37bc41e1b5.sql,127,merchant_onboarding_sources,source_name,"text"
20260318195544_18f108e0-4bd1-4b30-91cd-9f37bc41e1b5.sql,128,merchant_onboarding_sources,source_external_id,"text"
20260318195544_18f108e0-4bd1-4b30-91cd-9f37bc41e1b5.sql,129,merchant_onboarding_sources,payload,"jsonb"
20260318195544_18f108e0-4bd1-4b30-91cd-9f37bc41e1b5.sql,130,merchant_onboarding_sources,status,"text"
20260318195544_18f108e0-4bd1-4b30-91cd-9f37bc41e1b5.sql,131,merchant_onboarding_sources,created_at,"timestamptz"
20260318195544_18f108e0-4bd1-4b30-91cd-9f37bc41e1b5.sql,132,merchant_onboarding_sources,updated_at,"timestamptz"
20260318195544_18f108e0-4bd1-4b30-91cd-9f37bc41e1b5.sql,136,merchant_onboarding_profiles,id,"uuid"
20260318195544_18f108e0-4bd1-4b30-91cd-9f37bc41e1b5.sql,137,merchant_onboarding_profiles,workspace_id,"uuid"
20260318195544_18f108e0-4bd1-4b30-91cd-9f37bc41e1b5.sql,138,merchant_onboarding_profiles,source_id,"uuid"
20260318195544_18f108e0-4bd1-4b30-91cd-9f37bc41e1b5.sql,139,merchant_onboarding_profiles,merchant_name,"text"
20260318195544_18f108e0-4bd1-4b30-91cd-9f37bc41e1b5.sql,140,merchant_onboarding_profiles,legal_name,"text"
20260318195544_18f108e0-4bd1-4b30-91cd-9f37bc41e1b5.sql,141,merchant_onboarding_profiles,contact_name,"text"
20260318195544_18f108e0-4bd1-4b30-91cd-9f37bc41e1b5.sql,142,merchant_onboarding_profiles,phone,"text"
20260318195544_18f108e0-4bd1-4b30-91cd-9f37bc41e1b5.sql,143,merchant_onboarding_profiles,email,"text"
20260318195544_18f108e0-4bd1-4b30-91cd-9f37bc41e1b5.sql,144,merchant_onboarding_profiles,cuisine_type,"text"
20260318195544_18f108e0-4bd1-4b30-91cd-9f37bc41e1b5.sql,145,merchant_onboarding_profiles,city,"text"
20260318195544_18f108e0-4bd1-4b30-91cd-9f37bc41e1b5.sql,146,merchant_onboarding_profiles,area,"text"
20260318195544_18f108e0-4bd1-4b30-91cd-9f37bc41e1b5.sql,147,merchant_onboarding_profiles,delivery_radius_km,"numeric"
20260318195544_18f108e0-4bd1-4b30-91cd-9f37bc41e1b5.sql,148,merchant_onboarding_profiles,onboarding_status,"text"
20260318195544_18f108e0-4bd1-4b30-91cd-9f37bc41e1b5.sql,149,merchant_onboarding_profiles,activation_mode,"text"
20260318195544_18f108e0-4bd1-4b30-91cd-9f37bc41e1b5.sql,150,merchant_onboarding_profiles,metadata,"jsonb"
20260318195544_18f108e0-4bd1-4b30-91cd-9f37bc41e1b5.sql,151,merchant_onboarding_profiles,created_at,"timestamptz"
20260318195544_18f108e0-4bd1-4b30-91cd-9f37bc41e1b5.sql,152,merchant_onboarding_profiles,updated_at,"timestamptz"
20260318195544_18f108e0-4bd1-4b30-91cd-9f37bc41e1b5.sql,157,merchant_menu_import_items,id,"uuid"
20260318195544_18f108e0-4bd1-4b30-91cd-9f37bc41e1b5.sql,158,merchant_menu_import_items,profile_id,"uuid"
20260318195544_18f108e0-4bd1-4b30-91cd-9f37bc41e1b5.sql,159,merchant_menu_import_items,category_name,"text"
20260318195544_18f108e0-4bd1-4b30-91cd-9f37bc41e1b5.sql,160,merchant_menu_import_items,item_name,"text"
20260318195544_18f108e0-4bd1-4b30-91cd-9f37bc41e1b5.sql,161,merchant_menu_import_items,item_description,"text"
20260318195544_18f108e0-4bd1-4b30-91cd-9f37bc41e1b5.sql,162,merchant_menu_import_items,price,"numeric"
20260318195544_18f108e0-4bd1-4b30-91cd-9f37bc41e1b5.sql,163,merchant_menu_import_items,currency,"text"
20260318195544_18f108e0-4bd1-4b30-91cd-9f37bc41e1b5.sql,164,merchant_menu_import_items,image_url,"text"
20260318195544_18f108e0-4bd1-4b30-91cd-9f37bc41e1b5.sql,165,merchant_menu_import_items,normalized,"boolean"
20260318195544_18f108e0-4bd1-4b30-91cd-9f37bc41e1b5.sql,166,merchant_menu_import_items,published,"boolean"
20260318195544_18f108e0-4bd1-4b30-91cd-9f37bc41e1b5.sql,167,merchant_menu_import_items,created_at,"timestamptz"
20260318195544_18f108e0-4bd1-4b30-91cd-9f37bc41e1b5.sql,172,merchant_activation_events,id,"uuid"
20260318195544_18f108e0-4bd1-4b30-91cd-9f37bc41e1b5.sql,173,merchant_activation_events,profile_id,"uuid"
20260318195544_18f108e0-4bd1-4b30-91cd-9f37bc41e1b5.sql,174,merchant_activation_events,event_type,"text"
20260318195544_18f108e0-4bd1-4b30-91cd-9f37bc41e1b5.sql,175,merchant_activation_events,payload,"jsonb"
20260318195544_18f108e0-4bd1-4b30-91cd-9f37bc41e1b5.sql,176,merchant_activation_events,created_at,"timestamptz"
20260318201659_79795c38-1dd4-4bbe-a474-67fe6174806f.sql,3,fraud_entities,id,"uuid"
20260318201659_79795c38-1dd4-4bbe-a474-67fe6174806f.sql,4,fraud_entities,entity_type,"text"
20260318201659_79795c38-1dd4-4bbe-a474-67fe6174806f.sql,5,fraud_entities,entity_id,"text"
20260318201659_79795c38-1dd4-4bbe-a474-67fe6174806f.sql,6,fraud_entities,risk_score,"numeric"
20260318201659_79795c38-1dd4-4bbe-a474-67fe6174806f.sql,7,fraud_entities,risk_band,"text"
20260318201659_79795c38-1dd4-4bbe-a474-67fe6174806f.sql,8,fraud_entities,status,"text"
20260318201659_79795c38-1dd4-4bbe-a474-67fe6174806f.sql,9,fraud_entities,metadata,"jsonb"
20260318201659_79795c38-1dd4-4bbe-a474-67fe6174806f.sql,10,fraud_entities,created_at,"timestamptz"
20260318201659_79795c38-1dd4-4bbe-a474-67fe6174806f.sql,11,fraud_entities,updated_at,"timestamptz"
20260318201659_79795c38-1dd4-4bbe-a474-67fe6174806f.sql,17,fraud_edges,id,"uuid"
20260318201659_79795c38-1dd4-4bbe-a474-67fe6174806f.sql,18,fraud_edges,from_entity_id,"uuid"
20260318201659_79795c38-1dd4-4bbe-a474-67fe6174806f.sql,19,fraud_edges,to_entity_id,"uuid"
20260318201659_79795c38-1dd4-4bbe-a474-67fe6174806f.sql,20,fraud_edges,edge_type,"text"
20260318201659_79795c38-1dd4-4bbe-a474-67fe6174806f.sql,21,fraud_edges,weight,"numeric"
20260318201659_79795c38-1dd4-4bbe-a474-67fe6174806f.sql,22,fraud_edges,metadata,"jsonb"
20260318201659_79795c38-1dd4-4bbe-a474-67fe6174806f.sql,23,fraud_edges,created_at,"timestamptz"
20260318201659_79795c38-1dd4-4bbe-a474-67fe6174806f.sql,29,device_fingerprints,id,"uuid"
20260318201659_79795c38-1dd4-4bbe-a474-67fe6174806f.sql,30,device_fingerprints,fingerprint_hash,"text"
20260318201659_79795c38-1dd4-4bbe-a474-67fe6174806f.sql,31,device_fingerprints,user_id,"uuid"
20260318201659_79795c38-1dd4-4bbe-a474-67fe6174806f.sql,32,device_fingerprints,ip_address,"text"
20260318201659_79795c38-1dd4-4bbe-a474-67fe6174806f.sql,33,device_fingerprints,user_agent,"text"
20260318201659_79795c38-1dd4-4bbe-a474-67fe6174806f.sql,34,device_fingerprints,device_type,"text"
20260318201659_79795c38-1dd4-4bbe-a474-67fe6174806f.sql,35,device_fingerprints,risk_score,"numeric"
20260318201659_79795c38-1dd4-4bbe-a474-67fe6174806f.sql,36,device_fingerprints,created_at,"timestamptz"
20260318202630_223eb110-5214-4d3c-a41c-c3ed84cd9e8f.sql,5,workspaces,id,"uuid"
20260318202630_223eb110-5214-4d3c-a41c-c3ed84cd9e8f.sql,6,workspaces,name,"text"
20260318202630_223eb110-5214-4d3c-a41c-c3ed84cd9e8f.sql,7,workspaces,slug,"text"
20260318202630_223eb110-5214-4d3c-a41c-c3ed84cd9e8f.sql,8,workspaces,owner_user_id,"uuid"
20260318202630_223eb110-5214-4d3c-a41c-c3ed84cd9e8f.sql,9,workspaces,workspace_type,"text"
20260318202630_223eb110-5214-4d3c-a41c-c3ed84cd9e8f.sql,10,workspaces,status,"text"
20260318202630_223eb110-5214-4d3c-a41c-c3ed84cd9e8f.sql,11,workspaces,created_at,"timestamptz"
20260318202630_223eb110-5214-4d3c-a41c-c3ed84cd9e8f.sql,12,workspaces,updated_at,"timestamptz"
20260318202630_223eb110-5214-4d3c-a41c-c3ed84cd9e8f.sql,16,workspace_members,id,"uuid"
20260318202630_223eb110-5214-4d3c-a41c-c3ed84cd9e8f.sql,17,workspace_members,workspace_id,"uuid"
20260318202630_223eb110-5214-4d3c-a41c-c3ed84cd9e8f.sql,18,workspace_members,user_id,"uuid"
20260318202630_223eb110-5214-4d3c-a41c-c3ed84cd9e8f.sql,19,workspace_members,role,"text"
20260318202630_223eb110-5214-4d3c-a41c-c3ed84cd9e8f.sql,20,workspace_members,status,"text"
20260318202630_223eb110-5214-4d3c-a41c-c3ed84cd9e8f.sql,21,workspace_members,created_at,"timestamptz"
20260318202630_223eb110-5214-4d3c-a41c-c3ed84cd9e8f.sql,22,workspace_members,updated_at,"timestamptz"
20260318202630_223eb110-5214-4d3c-a41c-c3ed84cd9e8f.sql,30,user_profiles,id,"uuid"
20260318202630_223eb110-5214-4d3c-a41c-c3ed84cd9e8f.sql,31,user_profiles,full_name,"text"
20260318202630_223eb110-5214-4d3c-a41c-c3ed84cd9e8f.sql,32,user_profiles,phone,"text"
20260318202630_223eb110-5214-4d3c-a41c-c3ed84cd9e8f.sql,33,user_profiles,avatar_url,"text"
20260318202630_223eb110-5214-4d3c-a41c-c3ed84cd9e8f.sql,34,user_profiles,default_workspace_id,"uuid"
20260318202630_223eb110-5214-4d3c-a41c-c3ed84cd9e8f.sql,35,user_profiles,locale,"text"
20260318202630_223eb110-5214-4d3c-a41c-c3ed84cd9e8f.sql,36,user_profiles,timezone,"text"
20260318202630_223eb110-5214-4d3c-a41c-c3ed84cd9e8f.sql,37,user_profiles,created_at,"timestamptz"
20260318202630_223eb110-5214-4d3c-a41c-c3ed84cd9e8f.sql,38,user_profiles,updated_at,"timestamptz"
20260318202630_223eb110-5214-4d3c-a41c-c3ed84cd9e8f.sql,42,workspace_settings,id,"uuid"
20260318202630_223eb110-5214-4d3c-a41c-c3ed84cd9e8f.sql,43,workspace_settings,workspace_id,"uuid"
20260318202630_223eb110-5214-4d3c-a41c-c3ed84cd9e8f.sql,44,workspace_settings,currency,"text"
20260318202630_223eb110-5214-4d3c-a41c-c3ed84cd9e8f.sql,45,workspace_settings,country_code,"text"
20260318202630_223eb110-5214-4d3c-a41c-c3ed84cd9e8f.sql,46,workspace_settings,city,"text"
20260318202630_223eb110-5214-4d3c-a41c-c3ed84cd9e8f.sql,47,workspace_settings,support_email,"text"
20260318202630_223eb110-5214-4d3c-a41c-c3ed84cd9e8f.sql,48,workspace_settings,support_phone,"text"
20260318202630_223eb110-5214-4d3c-a41c-c3ed84cd9e8f.sql,49,workspace_settings,order_fee_pct,"numeric"
20260318202630_223eb110-5214-4d3c-a41c-c3ed84cd9e8f.sql,50,workspace_settings,payout_cycle,"text"
20260318202630_223eb110-5214-4d3c-a41c-c3ed84cd9e8f.sql,51,workspace_settings,created_at,"timestamptz"
20260318202630_223eb110-5214-4d3c-a41c-c3ed84cd9e8f.sql,52,workspace_settings,updated_at,"timestamptz"
20260318202630_223eb110-5214-4d3c-a41c-c3ed84cd9e8f.sql,56,support_tickets,id,"uuid"
20260318202630_223eb110-5214-4d3c-a41c-c3ed84cd9e8f.sql,57,support_tickets,workspace_id,"uuid"
20260318202630_223eb110-5214-4d3c-a41c-c3ed84cd9e8f.sql,58,support_tickets,requester_user_id,"uuid"
20260318202630_223eb110-5214-4d3c-a41c-c3ed84cd9e8f.sql,59,support_tickets,ticket_type,"text"
20260318202630_223eb110-5214-4d3c-a41c-c3ed84cd9e8f.sql,60,support_tickets,priority,"text"
20260318202630_223eb110-5214-4d3c-a41c-c3ed84cd9e8f.sql,61,support_tickets,subject,"text"
20260318202630_223eb110-5214-4d3c-a41c-c3ed84cd9e8f.sql,62,support_tickets,status,"text"
20260318202630_223eb110-5214-4d3c-a41c-c3ed84cd9e8f.sql,63,support_tickets,assigned_to,"uuid"
20260318202630_223eb110-5214-4d3c-a41c-c3ed84cd9e8f.sql,64,support_tickets,context_type,"text"
20260318202630_223eb110-5214-4d3c-a41c-c3ed84cd9e8f.sql,65,support_tickets,context_id,"uuid"
20260318202630_223eb110-5214-4d3c-a41c-c3ed84cd9e8f.sql,66,support_tickets,created_at,"timestamptz"
20260318202630_223eb110-5214-4d3c-a41c-c3ed84cd9e8f.sql,67,support_tickets,updated_at,"timestamptz"
20260318202630_223eb110-5214-4d3c-a41c-c3ed84cd9e8f.sql,68,support_tickets,resolved_at,"timestamptz"
20260318202630_223eb110-5214-4d3c-a41c-c3ed84cd9e8f.sql,72,support_ticket_messages,id,"uuid"
20260318202630_223eb110-5214-4d3c-a41c-c3ed84cd9e8f.sql,73,support_ticket_messages,ticket_id,"uuid"
20260318202630_223eb110-5214-4d3c-a41c-c3ed84cd9e8f.sql,74,support_ticket_messages,sender_user_id,"uuid"
20260318202630_223eb110-5214-4d3c-a41c-c3ed84cd9e8f.sql,75,support_ticket_messages,sender_role,"text"
20260318202630_223eb110-5214-4d3c-a41c-c3ed84cd9e8f.sql,76,support_ticket_messages,body,"text"
20260318202630_223eb110-5214-4d3c-a41c-c3ed84cd9e8f.sql,77,support_ticket_messages,metadata,"jsonb"
20260318202630_223eb110-5214-4d3c-a41c-c3ed84cd9e8f.sql,78,support_ticket_messages,created_at,"timestamptz"
20260318202630_223eb110-5214-4d3c-a41c-c3ed84cd9e8f.sql,84,storage_assets,id,"uuid"
20260318202630_223eb110-5214-4d3c-a41c-c3ed84cd9e8f.sql,85,storage_assets,workspace_id,"uuid"
20260318202630_223eb110-5214-4d3c-a41c-c3ed84cd9e8f.sql,86,storage_assets,owner_user_id,"uuid"
20260318202630_223eb110-5214-4d3c-a41c-c3ed84cd9e8f.sql,87,storage_assets,bucket,"text"
20260318202630_223eb110-5214-4d3c-a41c-c3ed84cd9e8f.sql,88,storage_assets,path,"text"
20260318202630_223eb110-5214-4d3c-a41c-c3ed84cd9e8f.sql,89,storage_assets,asset_type,"text"
20260318202630_223eb110-5214-4d3c-a41c-c3ed84cd9e8f.sql,90,storage_assets,mime_type,"text"
20260318202630_223eb110-5214-4d3c-a41c-c3ed84cd9e8f.sql,91,storage_assets,file_size,"bigint"
20260318202630_223eb110-5214-4d3c-a41c-c3ed84cd9e8f.sql,92,storage_assets,status,"text"
20260318202630_223eb110-5214-4d3c-a41c-c3ed84cd9e8f.sql,93,storage_assets,metadata,"jsonb"
20260318202630_223eb110-5214-4d3c-a41c-c3ed84cd9e8f.sql,94,storage_assets,created_at,"timestamptz"
20260318202630_223eb110-5214-4d3c-a41c-c3ed84cd9e8f.sql,100,dispatch_jobs,id,"uuid"
20260318202630_223eb110-5214-4d3c-a41c-c3ed84cd9e8f.sql,101,dispatch_jobs,workspace_id,"uuid"
20260318202630_223eb110-5214-4d3c-a41c-c3ed84cd9e8f.sql,102,dispatch_jobs,order_id,"uuid"
20260318202630_223eb110-5214-4d3c-a41c-c3ed84cd9e8f.sql,103,dispatch_jobs,seller_id,"uuid"
20260318202630_223eb110-5214-4d3c-a41c-c3ed84cd9e8f.sql,104,dispatch_jobs,buyer_id,"uuid"
20260318202630_223eb110-5214-4d3c-a41c-c3ed84cd9e8f.sql,105,dispatch_jobs,pickup_label,"text"
20260318202630_223eb110-5214-4d3c-a41c-c3ed84cd9e8f.sql,106,dispatch_jobs,dropoff_label,"text"
20260318202630_223eb110-5214-4d3c-a41c-c3ed84cd9e8f.sql,107,dispatch_jobs,status,"text"
20260318202630_223eb110-5214-4d3c-a41c-c3ed84cd9e8f.sql,108,dispatch_jobs,quoted_fee,"numeric"
20260318202630_223eb110-5214-4d3c-a41c-c3ed84cd9e8f.sql,109,dispatch_jobs,final_fee,"numeric"
20260318202630_223eb110-5214-4d3c-a41c-c3ed84cd9e8f.sql,110,dispatch_jobs,currency,"text"
20260318202630_223eb110-5214-4d3c-a41c-c3ed84cd9e8f.sql,111,dispatch_jobs,assigned_driver_id,"uuid"
20260318202630_223eb110-5214-4d3c-a41c-c3ed84cd9e8f.sql,112,dispatch_jobs,created_at,"timestamptz"
20260318202630_223eb110-5214-4d3c-a41c-c3ed84cd9e8f.sql,113,dispatch_jobs,updated_at,"timestamptz"
20260318202630_223eb110-5214-4d3c-a41c-c3ed84cd9e8f.sql,114,dispatch_jobs,completed_at,"timestamptz"
20260318202630_223eb110-5214-4d3c-a41c-c3ed84cd9e8f.sql,118,dispatch_bids,id,"uuid"
20260318202630_223eb110-5214-4d3c-a41c-c3ed84cd9e8f.sql,119,dispatch_bids,job_id,"uuid"
20260318202630_223eb110-5214-4d3c-a41c-c3ed84cd9e8f.sql,120,dispatch_bids,driver_id,"uuid"
20260318202630_223eb110-5214-4d3c-a41c-c3ed84cd9e8f.sql,121,dispatch_bids,bid_type,"text"
20260318202630_223eb110-5214-4d3c-a41c-c3ed84cd9e8f.sql,122,dispatch_bids,amount,"numeric"
20260318202630_223eb110-5214-4d3c-a41c-c3ed84cd9e8f.sql,123,dispatch_bids,eta_minutes,"integer"
20260318202630_223eb110-5214-4d3c-a41c-c3ed84cd9e8f.sql,124,dispatch_bids,status,"text"
20260318202630_223eb110-5214-4d3c-a41c-c3ed84cd9e8f.sql,125,dispatch_bids,created_at,"timestamptz"
20260318202630_223eb110-5214-4d3c-a41c-c3ed84cd9e8f.sql,131,menu_categories,id,"uuid"
20260318202630_223eb110-5214-4d3c-a41c-c3ed84cd9e8f.sql,132,menu_categories,workspace_id,"uuid"
20260318202630_223eb110-5214-4d3c-a41c-c3ed84cd9e8f.sql,133,menu_categories,merchant_profile_id,"uuid"
20260318202630_223eb110-5214-4d3c-a41c-c3ed84cd9e8f.sql,134,menu_categories,name,"text"
20260318202630_223eb110-5214-4d3c-a41c-c3ed84cd9e8f.sql,135,menu_categories,sort_order,"integer"
20260318202630_223eb110-5214-4d3c-a41c-c3ed84cd9e8f.sql,136,menu_categories,is_active,"boolean"
20260318202630_223eb110-5214-4d3c-a41c-c3ed84cd9e8f.sql,137,menu_categories,created_at,"timestamptz"
20260318202630_223eb110-5214-4d3c-a41c-c3ed84cd9e8f.sql,141,menu_items,id,"uuid"
20260318202630_223eb110-5214-4d3c-a41c-c3ed84cd9e8f.sql,142,menu_items,workspace_id,"uuid"
20260318202630_223eb110-5214-4d3c-a41c-c3ed84cd9e8f.sql,143,menu_items,merchant_profile_id,"uuid"
20260318202630_223eb110-5214-4d3c-a41c-c3ed84cd9e8f.sql,144,menu_items,category_id,"uuid"
20260318202630_223eb110-5214-4d3c-a41c-c3ed84cd9e8f.sql,145,menu_items,name,"text"
20260318202630_223eb110-5214-4d3c-a41c-c3ed84cd9e8f.sql,146,menu_items,description,"text"
20260318202630_223eb110-5214-4d3c-a41c-c3ed84cd9e8f.sql,147,menu_items,price,"numeric"
20260318202630_223eb110-5214-4d3c-a41c-c3ed84cd9e8f.sql,148,menu_items,currency,"text"
20260318202630_223eb110-5214-4d3c-a41c-c3ed84cd9e8f.sql,149,menu_items,image_url,"text"
20260318202630_223eb110-5214-4d3c-a41c-c3ed84cd9e8f.sql,150,menu_items,is_available,"boolean"
20260318202630_223eb110-5214-4d3c-a41c-c3ed84cd9e8f.sql,151,menu_items,sort_order,"integer"
20260318202630_223eb110-5214-4d3c-a41c-c3ed84cd9e8f.sql,152,menu_items,created_at,"timestamptz"
20260318202630_223eb110-5214-4d3c-a41c-c3ed84cd9e8f.sql,153,menu_items,updated_at,"timestamptz"
20260318204120_216e62d6-6960-4c6c-9c3c-3bca6e7bb252.sql,5,service_profiles,id,"uuid"
20260318204120_216e62d6-6960-4c6c-9c3c-3bca6e7bb252.sql,6,service_profiles,user_id,"uuid"
20260318204120_216e62d6-6960-4c6c-9c3c-3bca6e7bb252.sql,7,service_profiles,workspace_id,"uuid"
20260318204120_216e62d6-6960-4c6c-9c3c-3bca6e7bb252.sql,8,service_profiles,profile_type,"text"
20260318204120_216e62d6-6960-4c6c-9c3c-3bca6e7bb252.sql,9,service_profiles,display_name,"text"
20260318204120_216e62d6-6960-4c6c-9c3c-3bca6e7bb252.sql,10,service_profiles,phone,"text"
20260318204120_216e62d6-6960-4c6c-9c3c-3bca6e7bb252.sql,11,service_profiles,avatar_url,"text"
20260318204120_216e62d6-6960-4c6c-9c3c-3bca6e7bb252.sql,12,service_profiles,is_active,"boolean"
20260318204120_216e62d6-6960-4c6c-9c3c-3bca6e7bb252.sql,13,service_profiles,created_at,"timestamptz"
20260318204120_216e62d6-6960-4c6c-9c3c-3bca6e7bb252.sql,14,service_profiles,updated_at,"timestamptz"
20260318204120_216e62d6-6960-4c6c-9c3c-3bca6e7bb252.sql,20,driver_profiles,id,"uuid"
20260318204120_216e62d6-6960-4c6c-9c3c-3bca6e7bb252.sql,21,driver_profiles,user_id,"uuid"
20260318204120_216e62d6-6960-4c6c-9c3c-3bca6e7bb252.sql,22,driver_profiles,workspace_id,"uuid"
20260318204120_216e62d6-6960-4c6c-9c3c-3bca6e7bb252.sql,23,driver_profiles,service_mode,"text"
20260318204120_216e62d6-6960-4c6c-9c3c-3bca6e7bb252.sql,24,driver_profiles,vehicle_type,"text"
20260318204120_216e62d6-6960-4c6c-9c3c-3bca6e7bb252.sql,25,driver_profiles,plate_number,"text"
20260318204120_216e62d6-6960-4c6c-9c3c-3bca6e7bb252.sql,26,driver_profiles,is_verified,"boolean"
20260318204120_216e62d6-6960-4c6c-9c3c-3bca6e7bb252.sql,27,driver_profiles,is_online,"boolean"
20260318204120_216e62d6-6960-4c6c-9c3c-3bca6e7bb252.sql,28,driver_profiles,is_available,"boolean"
20260318204120_216e62d6-6960-4c6c-9c3c-3bca6e7bb252.sql,29,driver_profiles,current_status,"text"
20260318204120_216e62d6-6960-4c6c-9c3c-3bca6e7bb252.sql,30,driver_profiles,rating,"numeric"
20260318204120_216e62d6-6960-4c6c-9c3c-3bca6e7bb252.sql,31,driver_profiles,jobs_completed,"integer"
20260318204120_216e62d6-6960-4c6c-9c3c-3bca6e7bb252.sql,32,driver_profiles,last_seen_at,"timestamptz"
20260318204120_216e62d6-6960-4c6c-9c3c-3bca6e7bb252.sql,33,driver_profiles,created_at,"timestamptz"
20260318204120_216e62d6-6960-4c6c-9c3c-3bca6e7bb252.sql,34,driver_profiles,updated_at,"timestamptz"
20260318204120_216e62d6-6960-4c6c-9c3c-3bca6e7bb252.sql,41,driver_locations,id,"uuid"
20260318204120_216e62d6-6960-4c6c-9c3c-3bca6e7bb252.sql,42,driver_locations,driver_id,"uuid"
20260318204120_216e62d6-6960-4c6c-9c3c-3bca6e7bb252.sql,43,driver_locations,lat,"numeric"
20260318204120_216e62d6-6960-4c6c-9c3c-3bca6e7bb252.sql,44,driver_locations,lng,"numeric"
20260318204120_216e62d6-6960-4c6c-9c3c-3bca6e7bb252.sql,45,driver_locations,accuracy_m,"numeric"
20260318204120_216e62d6-6960-4c6c-9c3c-3bca6e7bb252.sql,46,driver_locations,heading,"numeric"
20260318204120_216e62d6-6960-4c6c-9c3c-3bca6e7bb252.sql,47,driver_locations,speed_kmh,"numeric"
20260318204120_216e62d6-6960-4c6c-9c3c-3bca6e7bb252.sql,48,driver_locations,service_mode,"text"
20260318204120_216e62d6-6960-4c6c-9c3c-3bca6e7bb252.sql,49,driver_locations,recorded_at,"timestamptz"
20260318204120_216e62d6-6960-4c6c-9c3c-3bca6e7bb252.sql,55,saved_addresses,id,"uuid"
20260318204120_216e62d6-6960-4c6c-9c3c-3bca6e7bb252.sql,56,saved_addresses,user_id,"uuid"
20260318204120_216e62d6-6960-4c6c-9c3c-3bca6e7bb252.sql,57,saved_addresses,label,"text"
20260318204120_216e62d6-6960-4c6c-9c3c-3bca6e7bb252.sql,58,saved_addresses,full_address,"text"
20260318204120_216e62d6-6960-4c6c-9c3c-3bca6e7bb252.sql,59,saved_addresses,building,"text"
20260318204120_216e62d6-6960-4c6c-9c3c-3bca6e7bb252.sql,60,saved_addresses,unit_number,"text"
20260318204120_216e62d6-6960-4c6c-9c3c-3bca6e7bb252.sql,61,saved_addresses,area,"text"
20260318204120_216e62d6-6960-4c6c-9c3c-3bca6e7bb252.sql,62,saved_addresses,city,"text"
20260318204120_216e62d6-6960-4c6c-9c3c-3bca6e7bb252.sql,63,saved_addresses,country_code,"text"
20260318204120_216e62d6-6960-4c6c-9c3c-3bca6e7bb252.sql,64,saved_addresses,lat,"numeric"
20260318204120_216e62d6-6960-4c6c-9c3c-3bca6e7bb252.sql,65,saved_addresses,lng,"numeric"
20260318204120_216e62d6-6960-4c6c-9c3c-3bca6e7bb252.sql,66,saved_addresses,delivery_notes,"text"
20260318204120_216e62d6-6960-4c6c-9c3c-3bca6e7bb252.sql,67,saved_addresses,is_default,"boolean"
20260318204120_216e62d6-6960-4c6c-9c3c-3bca6e7bb252.sql,68,saved_addresses,created_at,"timestamptz"
20260318204120_216e62d6-6960-4c6c-9c3c-3bca6e7bb252.sql,69,saved_addresses,updated_at,"timestamptz"
20260318204120_216e62d6-6960-4c6c-9c3c-3bca6e7bb252.sql,75,orders,id,"uuid"
20260318204120_216e62d6-6960-4c6c-9c3c-3bca6e7bb252.sql,76,orders,workspace_id,"uuid"
20260318204120_216e62d6-6960-4c6c-9c3c-3bca6e7bb252.sql,77,orders,customer_user_id,"uuid"
20260318204120_216e62d6-6960-4c6c-9c3c-3bca6e7bb252.sql,78,orders,merchant_profile_id,"uuid"
20260318204120_216e62d6-6960-4c6c-9c3c-3bca6e7bb252.sql,79,orders,order_type,"text"
20260318204120_216e62d6-6960-4c6c-9c3c-3bca6e7bb252.sql,80,orders,service_mode,"text"
20260318204120_216e62d6-6960-4c6c-9c3c-3bca6e7bb252.sql,81,orders,status,"text"
20260318204120_216e62d6-6960-4c6c-9c3c-3bca6e7bb252.sql,82,orders,currency,"text"
20260318204120_216e62d6-6960-4c6c-9c3c-3bca6e7bb252.sql,83,orders,subtotal,"numeric"
20260318204120_216e62d6-6960-4c6c-9c3c-3bca6e7bb252.sql,84,orders,delivery_fee,"numeric"
20260318204120_216e62d6-6960-4c6c-9c3c-3bca6e7bb252.sql,85,orders,service_fee,"numeric"
20260318204120_216e62d6-6960-4c6c-9c3c-3bca6e7bb252.sql,86,orders,total_amount,"numeric"
20260318204120_216e62d6-6960-4c6c-9c3c-3bca6e7bb252.sql,87,orders,pickup_address_id,"uuid"
20260318204120_216e62d6-6960-4c6c-9c3c-3bca6e7bb252.sql,88,orders,dropoff_address_id,"uuid"
20260318204120_216e62d6-6960-4c6c-9c3c-3bca6e7bb252.sql,89,orders,notes,"text"
20260318204120_216e62d6-6960-4c6c-9c3c-3bca6e7bb252.sql,90,orders,assigned_driver_user_id,"uuid"
20260318204120_216e62d6-6960-4c6c-9c3c-3bca6e7bb252.sql,91,orders,created_at,"timestamptz"
20260318204120_216e62d6-6960-4c6c-9c3c-3bca6e7bb252.sql,92,orders,updated_at,"timestamptz"
20260318204120_216e62d6-6960-4c6c-9c3c-3bca6e7bb252.sql,93,orders,completed_at,"timestamptz"
20260318204120_216e62d6-6960-4c6c-9c3c-3bca6e7bb252.sql,100,order_items,id,"uuid"
20260318204120_216e62d6-6960-4c6c-9c3c-3bca6e7bb252.sql,101,order_items,order_id,"uuid"
20260318204120_216e62d6-6960-4c6c-9c3c-3bca6e7bb252.sql,102,order_items,menu_item_id,"uuid"
20260318204120_216e62d6-6960-4c6c-9c3c-3bca6e7bb252.sql,103,order_items,item_name,"text"
20260318204120_216e62d6-6960-4c6c-9c3c-3bca6e7bb252.sql,104,order_items,unit_price,"numeric"
20260318204120_216e62d6-6960-4c6c-9c3c-3bca6e7bb252.sql,105,order_items,quantity,"integer"
20260318204120_216e62d6-6960-4c6c-9c3c-3bca6e7bb252.sql,106,order_items,total_price,"numeric"
20260318204120_216e62d6-6960-4c6c-9c3c-3bca6e7bb252.sql,107,order_items,notes,"text"
20260318204120_216e62d6-6960-4c6c-9c3c-3bca6e7bb252.sql,108,order_items,created_at,"timestamptz"
20260318204120_216e62d6-6960-4c6c-9c3c-3bca6e7bb252.sql,114,taxi_ride_requests,id,"uuid"
20260318204120_216e62d6-6960-4c6c-9c3c-3bca6e7bb252.sql,115,taxi_ride_requests,order_id,"uuid"
20260318204120_216e62d6-6960-4c6c-9c3c-3bca6e7bb252.sql,116,taxi_ride_requests,rider_user_id,"uuid"
20260318204120_216e62d6-6960-4c6c-9c3c-3bca6e7bb252.sql,117,taxi_ride_requests,pickup_label,"text"
20260318204120_216e62d6-6960-4c6c-9c3c-3bca6e7bb252.sql,118,taxi_ride_requests,dropoff_label,"text"
20260318204120_216e62d6-6960-4c6c-9c3c-3bca6e7bb252.sql,119,taxi_ride_requests,pickup_lat,"numeric"
20260318204120_216e62d6-6960-4c6c-9c3c-3bca6e7bb252.sql,120,taxi_ride_requests,pickup_lng,"numeric"
20260318204120_216e62d6-6960-4c6c-9c3c-3bca6e7bb252.sql,121,taxi_ride_requests,dropoff_lat,"numeric"
20260318204120_216e62d6-6960-4c6c-9c3c-3bca6e7bb252.sql,122,taxi_ride_requests,dropoff_lng,"numeric"
20260318204120_216e62d6-6960-4c6c-9c3c-3bca6e7bb252.sql,123,taxi_ride_requests,estimated_distance_km,"numeric"
20260318204120_216e62d6-6960-4c6c-9c3c-3bca6e7bb252.sql,124,taxi_ride_requests,estimated_duration_min,"integer"
20260318204120_216e62d6-6960-4c6c-9c3c-3bca6e7bb252.sql,125,taxi_ride_requests,vehicle_preference,"text"
20260318204120_216e62d6-6960-4c6c-9c3c-3bca6e7bb252.sql,126,taxi_ride_requests,status,"text"
20260318204120_216e62d6-6960-4c6c-9c3c-3bca6e7bb252.sql,127,taxi_ride_requests,created_at,"timestamptz"
20260318204120_216e62d6-6960-4c6c-9c3c-3bca6e7bb252.sql,128,taxi_ride_requests,updated_at,"timestamptz"
20260318204120_216e62d6-6960-4c6c-9c3c-3bca6e7bb252.sql,132,live_tracking_sessions,id,"uuid"
20260318204120_216e62d6-6960-4c6c-9c3c-3bca6e7bb252.sql,133,live_tracking_sessions,workspace_id,"uuid"
20260318204120_216e62d6-6960-4c6c-9c3c-3bca6e7bb252.sql,134,live_tracking_sessions,context_type,"text"
20260318204120_216e62d6-6960-4c6c-9c3c-3bca6e7bb252.sql,135,live_tracking_sessions,context_id,"uuid"
20260318204120_216e62d6-6960-4c6c-9c3c-3bca6e7bb252.sql,136,live_tracking_sessions,driver_id,"uuid"
20260318204120_216e62d6-6960-4c6c-9c3c-3bca6e7bb252.sql,137,live_tracking_sessions,customer_user_id,"uuid"
20260318204120_216e62d6-6960-4c6c-9c3c-3bca6e7bb252.sql,138,live_tracking_sessions,merchant_profile_id,"uuid"
20260318204120_216e62d6-6960-4c6c-9c3c-3bca6e7bb252.sql,139,live_tracking_sessions,status,"text"
20260318204120_216e62d6-6960-4c6c-9c3c-3bca6e7bb252.sql,140,live_tracking_sessions,started_at,"timestamptz"
20260318204120_216e62d6-6960-4c6c-9c3c-3bca6e7bb252.sql,141,live_tracking_sessions,ended_at,"timestamptz"
20260318204120_216e62d6-6960-4c6c-9c3c-3bca6e7bb252.sql,147,live_tracking_points,id,"uuid"
20260318204120_216e62d6-6960-4c6c-9c3c-3bca6e7bb252.sql,148,live_tracking_points,session_id,"uuid"
20260318204120_216e62d6-6960-4c6c-9c3c-3bca6e7bb252.sql,149,live_tracking_points,lat,"numeric"
20260318204120_216e62d6-6960-4c6c-9c3c-3bca6e7bb252.sql,150,live_tracking_points,lng,"numeric"
20260318204120_216e62d6-6960-4c6c-9c3c-3bca6e7bb252.sql,151,live_tracking_points,accuracy_m,"numeric"
20260318204120_216e62d6-6960-4c6c-9c3c-3bca6e7bb252.sql,152,live_tracking_points,heading,"numeric"
20260318204120_216e62d6-6960-4c6c-9c3c-3bca6e7bb252.sql,153,live_tracking_points,speed_kmh,"numeric"
20260318204120_216e62d6-6960-4c6c-9c3c-3bca6e7bb252.sql,154,live_tracking_points,source,"text"
20260318204120_216e62d6-6960-4c6c-9c3c-3bca6e7bb252.sql,155,live_tracking_points,recorded_at,"timestamptz"
20260318210654_df5231c7-d53a-4e27-8ded-521c3532b0fe.sql,7,delivery_proofs,id,"uuid"
20260318210654_df5231c7-d53a-4e27-8ded-521c3532b0fe.sql,8,delivery_proofs,order_id,"uuid"
20260318210654_df5231c7-d53a-4e27-8ded-521c3532b0fe.sql,9,delivery_proofs,dispatch_job_id,"uuid"
20260318210654_df5231c7-d53a-4e27-8ded-521c3532b0fe.sql,10,delivery_proofs,driver_user_id,"uuid"
20260318210654_df5231c7-d53a-4e27-8ded-521c3532b0fe.sql,11,delivery_proofs,proof_type,"text"
20260318210654_df5231c7-d53a-4e27-8ded-521c3532b0fe.sql,12,delivery_proofs,photo_url,"text"
20260318210654_df5231c7-d53a-4e27-8ded-521c3532b0fe.sql,13,delivery_proofs,signature_data,"text"
20260318210654_df5231c7-d53a-4e27-8ded-521c3532b0fe.sql,14,delivery_proofs,geo_lat,"numeric"
20260318210654_df5231c7-d53a-4e27-8ded-521c3532b0fe.sql,15,delivery_proofs,geo_lng,"numeric"
20260318210654_df5231c7-d53a-4e27-8ded-521c3532b0fe.sql,16,delivery_proofs,notes,"text"
20260318210654_df5231c7-d53a-4e27-8ded-521c3532b0fe.sql,17,delivery_proofs,created_at,"timestamptz"
20260318211226_1cf88bff-4235-49ab-a15f-c09374fa74bd.sql,4,public_storefront_settings,id,"uuid"
20260318211226_1cf88bff-4235-49ab-a15f-c09374fa74bd.sql,5,public_storefront_settings,merchant_profile_id,"uuid"
20260318211226_1cf88bff-4235-49ab-a15f-c09374fa74bd.sql,6,public_storefront_settings,is_public,"boolean"
20260318211226_1cf88bff-4235-49ab-a15f-c09374fa74bd.sql,7,public_storefront_settings,public_slug,"text"
20260318211226_1cf88bff-4235-49ab-a15f-c09374fa74bd.sql,8,public_storefront_settings,seo_title,"text"
20260318211226_1cf88bff-4235-49ab-a15f-c09374fa74bd.sql,9,public_storefront_settings,seo_description,"text"
20260318211226_1cf88bff-4235-49ab-a15f-c09374fa74bd.sql,10,public_storefront_settings,cover_image_url,"text"
20260318211226_1cf88bff-4235-49ab-a15f-c09374fa74bd.sql,11,public_storefront_settings,logo_url,"text"
20260318211226_1cf88bff-4235-49ab-a15f-c09374fa74bd.sql,12,public_storefront_settings,created_at,"timestamptz"
20260318211226_1cf88bff-4235-49ab-a15f-c09374fa74bd.sql,13,public_storefront_settings,updated_at,"timestamptz"
20260318211226_1cf88bff-4235-49ab-a15f-c09374fa74bd.sql,18,guest_checkout_sessions,id,"uuid"
20260318211226_1cf88bff-4235-49ab-a15f-c09374fa74bd.sql,19,guest_checkout_sessions,workspace_id,"uuid"
20260318211226_1cf88bff-4235-49ab-a15f-c09374fa74bd.sql,20,guest_checkout_sessions,guest_id,"text"
20260318211226_1cf88bff-4235-49ab-a15f-c09374fa74bd.sql,21,guest_checkout_sessions,cart_id,"uuid"
20260318211226_1cf88bff-4235-49ab-a15f-c09374fa74bd.sql,22,guest_checkout_sessions,phone,"text"
20260318211226_1cf88bff-4235-49ab-a15f-c09374fa74bd.sql,23,guest_checkout_sessions,status,"text"
20260318211226_1cf88bff-4235-49ab-a15f-c09374fa74bd.sql,24,guest_checkout_sessions,expires_at,"timestamptz"
20260318211226_1cf88bff-4235-49ab-a15f-c09374fa74bd.sql,25,guest_checkout_sessions,created_at,"timestamptz"
20260318211226_1cf88bff-4235-49ab-a15f-c09374fa74bd.sql,26,guest_checkout_sessions,updated_at,"timestamptz"
20260318211226_1cf88bff-4235-49ab-a15f-c09374fa74bd.sql,32,phone_otp_sessions,id,"uuid"
20260318211226_1cf88bff-4235-49ab-a15f-c09374fa74bd.sql,33,phone_otp_sessions,phone,"text"
20260318211226_1cf88bff-4235-49ab-a15f-c09374fa74bd.sql,34,phone_otp_sessions,otp_code,"text"
20260318211226_1cf88bff-4235-49ab-a15f-c09374fa74bd.sql,35,phone_otp_sessions,status,"text"
20260318211226_1cf88bff-4235-49ab-a15f-c09374fa74bd.sql,36,phone_otp_sessions,attempts,"integer"
20260318211226_1cf88bff-4235-49ab-a15f-c09374fa74bd.sql,37,phone_otp_sessions,expires_at,"timestamptz"
20260318211226_1cf88bff-4235-49ab-a15f-c09374fa74bd.sql,38,phone_otp_sessions,guest_id,"text"
20260318211226_1cf88bff-4235-49ab-a15f-c09374fa74bd.sql,39,phone_otp_sessions,user_id,"uuid"
20260318211226_1cf88bff-4235-49ab-a15f-c09374fa74bd.sql,40,phone_otp_sessions,created_at,"timestamptz"
20260318211226_1cf88bff-4235-49ab-a15f-c09374fa74bd.sql,41,phone_otp_sessions,verified_at,"timestamptz"
20260318211226_1cf88bff-4235-49ab-a15f-c09374fa74bd.sql,47,payment_intents,id,"uuid"
20260318211226_1cf88bff-4235-49ab-a15f-c09374fa74bd.sql,48,payment_intents,workspace_id,"uuid"
20260318211226_1cf88bff-4235-49ab-a15f-c09374fa74bd.sql,49,payment_intents,order_id,"uuid"
20260318211226_1cf88bff-4235-49ab-a15f-c09374fa74bd.sql,50,payment_intents,cart_id,"uuid"
20260318211226_1cf88bff-4235-49ab-a15f-c09374fa74bd.sql,51,payment_intents,user_id,"uuid"
20260318211226_1cf88bff-4235-49ab-a15f-c09374fa74bd.sql,52,payment_intents,guest_id,"text"
20260318211226_1cf88bff-4235-49ab-a15f-c09374fa74bd.sql,53,payment_intents,provider,"text"
20260318211226_1cf88bff-4235-49ab-a15f-c09374fa74bd.sql,54,payment_intents,currency,"text"
20260318211226_1cf88bff-4235-49ab-a15f-c09374fa74bd.sql,55,payment_intents,amount,"numeric"
20260318211226_1cf88bff-4235-49ab-a15f-c09374fa74bd.sql,56,payment_intents,status,"text"
20260318211226_1cf88bff-4235-49ab-a15f-c09374fa74bd.sql,57,payment_intents,external_intent_id,"text"
20260318211226_1cf88bff-4235-49ab-a15f-c09374fa74bd.sql,58,payment_intents,payment_method_type,"text"
20260318211226_1cf88bff-4235-49ab-a15f-c09374fa74bd.sql,59,payment_intents,metadata,"jsonb"
20260318211226_1cf88bff-4235-49ab-a15f-c09374fa74bd.sql,60,payment_intents,created_at,"timestamptz"
20260318211226_1cf88bff-4235-49ab-a15f-c09374fa74bd.sql,61,payment_intents,updated_at,"timestamptz"
20260318211226_1cf88bff-4235-49ab-a15f-c09374fa74bd.sql,62,payment_intents,paid_at,"timestamptz"
20260318211226_1cf88bff-4235-49ab-a15f-c09374fa74bd.sql,68,merchant_coverage_areas,id,"uuid"
20260318211226_1cf88bff-4235-49ab-a15f-c09374fa74bd.sql,69,merchant_coverage_areas,workspace_id,"uuid"
20260318211226_1cf88bff-4235-49ab-a15f-c09374fa74bd.sql,70,merchant_coverage_areas,merchant_profile_id,"uuid"
20260318211226_1cf88bff-4235-49ab-a15f-c09374fa74bd.sql,71,merchant_coverage_areas,kitchen_id,"uuid"
20260318211226_1cf88bff-4235-49ab-a15f-c09374fa74bd.sql,72,merchant_coverage_areas,area_name,"text"
20260318211226_1cf88bff-4235-49ab-a15f-c09374fa74bd.sql,73,merchant_coverage_areas,city,"text"
20260318211226_1cf88bff-4235-49ab-a15f-c09374fa74bd.sql,74,merchant_coverage_areas,min_order_amount,"numeric"
20260318211226_1cf88bff-4235-49ab-a15f-c09374fa74bd.sql,75,merchant_coverage_areas,delivery_fee,"numeric"
20260318211226_1cf88bff-4235-49ab-a15f-c09374fa74bd.sql,76,merchant_coverage_areas,estimated_eta_min,"integer"
20260318211226_1cf88bff-4235-49ab-a15f-c09374fa74bd.sql,77,merchant_coverage_areas,is_active,"boolean"
20260318211226_1cf88bff-4235-49ab-a15f-c09374fa74bd.sql,78,merchant_coverage_areas,polygon,"jsonb"
20260318211226_1cf88bff-4235-49ab-a15f-c09374fa74bd.sql,79,merchant_coverage_areas,created_at,"timestamptz"
20260318211226_1cf88bff-4235-49ab-a15f-c09374fa74bd.sql,80,merchant_coverage_areas,updated_at,"timestamptz"
20260318211226_1cf88bff-4235-49ab-a15f-c09374fa74bd.sql,86,delivery_eta_predictions,id,"uuid"
20260318211226_1cf88bff-4235-49ab-a15f-c09374fa74bd.sql,87,delivery_eta_predictions,workspace_id,"uuid"
20260318211226_1cf88bff-4235-49ab-a15f-c09374fa74bd.sql,88,delivery_eta_predictions,order_id,"uuid"
20260318211226_1cf88bff-4235-49ab-a15f-c09374fa74bd.sql,89,delivery_eta_predictions,dispatch_job_id,"uuid"
20260318211226_1cf88bff-4235-49ab-a15f-c09374fa74bd.sql,90,delivery_eta_predictions,merchant_profile_id,"uuid"
20260318211226_1cf88bff-4235-49ab-a15f-c09374fa74bd.sql,91,delivery_eta_predictions,driver_user_id,"uuid"
20260318211226_1cf88bff-4235-49ab-a15f-c09374fa74bd.sql,92,delivery_eta_predictions,area,"text"
20260318211226_1cf88bff-4235-49ab-a15f-c09374fa74bd.sql,93,delivery_eta_predictions,prep_time_min,"integer"
20260318211226_1cf88bff-4235-49ab-a15f-c09374fa74bd.sql,94,delivery_eta_predictions,travel_time_min,"integer"
20260318211226_1cf88bff-4235-49ab-a15f-c09374fa74bd.sql,95,delivery_eta_predictions,queue_time_min,"integer"
20260318211226_1cf88bff-4235-49ab-a15f-c09374fa74bd.sql,96,delivery_eta_predictions,total_eta_min,"integer"
20260318211226_1cf88bff-4235-49ab-a15f-c09374fa74bd.sql,97,delivery_eta_predictions,confidence,"numeric"
20260318211226_1cf88bff-4235-49ab-a15f-c09374fa74bd.sql,98,delivery_eta_predictions,created_at,"timestamptz"
20260318211226_1cf88bff-4235-49ab-a15f-c09374fa74bd.sql,104,abandoned_cart_events,id,"uuid"
20260318211226_1cf88bff-4235-49ab-a15f-c09374fa74bd.sql,105,abandoned_cart_events,workspace_id,"uuid"
20260318211226_1cf88bff-4235-49ab-a15f-c09374fa74bd.sql,106,abandoned_cart_events,cart_id,"uuid"
20260318211226_1cf88bff-4235-49ab-a15f-c09374fa74bd.sql,107,abandoned_cart_events,customer_user_id,"uuid"
20260318211226_1cf88bff-4235-49ab-a15f-c09374fa74bd.sql,108,abandoned_cart_events,guest_id,"text"
20260318211226_1cf88bff-4235-49ab-a15f-c09374fa74bd.sql,109,abandoned_cart_events,subtotal,"numeric"
20260318211226_1cf88bff-4235-49ab-a15f-c09374fa74bd.sql,110,abandoned_cart_events,item_count,"integer"
20260318211226_1cf88bff-4235-49ab-a15f-c09374fa74bd.sql,111,abandoned_cart_events,status,"text"
20260318211226_1cf88bff-4235-49ab-a15f-c09374fa74bd.sql,112,abandoned_cart_events,created_at,"timestamptz"
20260318211226_1cf88bff-4235-49ab-a15f-c09374fa74bd.sql,113,abandoned_cart_events,converted_at,"timestamptz"
20260318211226_1cf88bff-4235-49ab-a15f-c09374fa74bd.sql,119,loyalty_accounts,id,"uuid"
20260318211226_1cf88bff-4235-49ab-a15f-c09374fa74bd.sql,120,loyalty_accounts,workspace_id,"uuid"
20260318211226_1cf88bff-4235-49ab-a15f-c09374fa74bd.sql,121,loyalty_accounts,user_id,"uuid"
20260318211226_1cf88bff-4235-49ab-a15f-c09374fa74bd.sql,122,loyalty_accounts,guest_id,"text"
20260318211226_1cf88bff-4235-49ab-a15f-c09374fa74bd.sql,123,loyalty_accounts,points_balance,"integer"
20260318211226_1cf88bff-4235-49ab-a15f-c09374fa74bd.sql,124,loyalty_accounts,tier,"text"
20260318211226_1cf88bff-4235-49ab-a15f-c09374fa74bd.sql,125,loyalty_accounts,lifetime_points,"integer"
20260318211226_1cf88bff-4235-49ab-a15f-c09374fa74bd.sql,126,loyalty_accounts,total_cashback,"numeric"
20260318211226_1cf88bff-4235-49ab-a15f-c09374fa74bd.sql,127,loyalty_accounts,created_at,"timestamptz"
20260318211226_1cf88bff-4235-49ab-a15f-c09374fa74bd.sql,128,loyalty_accounts,updated_at,"timestamptz"
20260318211226_1cf88bff-4235-49ab-a15f-c09374fa74bd.sql,135,loyalty_ledger,id,"uuid"
20260318211226_1cf88bff-4235-49ab-a15f-c09374fa74bd.sql,136,loyalty_ledger,loyalty_account_id,"uuid"
20260318211226_1cf88bff-4235-49ab-a15f-c09374fa74bd.sql,137,loyalty_ledger,entry_type,"text"
20260318211226_1cf88bff-4235-49ab-a15f-c09374fa74bd.sql,138,loyalty_ledger,points,"integer"
20260318211226_1cf88bff-4235-49ab-a15f-c09374fa74bd.sql,139,loyalty_ledger,cashback_amount,"numeric"
20260318211226_1cf88bff-4235-49ab-a15f-c09374fa74bd.sql,140,loyalty_ledger,reference_type,"text"
20260318211226_1cf88bff-4235-49ab-a15f-c09374fa74bd.sql,141,loyalty_ledger,reference_id,"uuid"
20260318211226_1cf88bff-4235-49ab-a15f-c09374fa74bd.sql,142,loyalty_ledger,metadata,"jsonb"
20260318211226_1cf88bff-4235-49ab-a15f-c09374fa74bd.sql,143,loyalty_ledger,created_at,"timestamptz"
20260318212025_8acd20b1-17a1-44e1-b5ec-a8bb60f9ea15.sql,3,push_device_tokens,id,"uuid"
20260318212025_8acd20b1-17a1-44e1-b5ec-a8bb60f9ea15.sql,4,push_device_tokens,user_id,"uuid"
20260318212025_8acd20b1-17a1-44e1-b5ec-a8bb60f9ea15.sql,5,push_device_tokens,guest_id,"text"
20260318212025_8acd20b1-17a1-44e1-b5ec-a8bb60f9ea15.sql,6,push_device_tokens,platform,"text"
20260318212025_8acd20b1-17a1-44e1-b5ec-a8bb60f9ea15.sql,7,push_device_tokens,provider,"text"
20260318212025_8acd20b1-17a1-44e1-b5ec-a8bb60f9ea15.sql,8,push_device_tokens,device_token,"text"
20260318212025_8acd20b1-17a1-44e1-b5ec-a8bb60f9ea15.sql,9,push_device_tokens,is_active,"boolean"
20260318212025_8acd20b1-17a1-44e1-b5ec-a8bb60f9ea15.sql,10,push_device_tokens,last_seen_at,"timestamptz"
20260318212025_8acd20b1-17a1-44e1-b5ec-a8bb60f9ea15.sql,11,push_device_tokens,created_at,"timestamptz"
20260318212025_8acd20b1-17a1-44e1-b5ec-a8bb60f9ea15.sql,18,customer_recommendations,id,"uuid"
20260318212025_8acd20b1-17a1-44e1-b5ec-a8bb60f9ea15.sql,19,customer_recommendations,workspace_id,"uuid"
20260318212025_8acd20b1-17a1-44e1-b5ec-a8bb60f9ea15.sql,20,customer_recommendations,user_id,"uuid"
20260318212025_8acd20b1-17a1-44e1-b5ec-a8bb60f9ea15.sql,21,customer_recommendations,guest_id,"text"
20260318212025_8acd20b1-17a1-44e1-b5ec-a8bb60f9ea15.sql,22,customer_recommendations,merchant_profile_id,"uuid"
20260318212025_8acd20b1-17a1-44e1-b5ec-a8bb60f9ea15.sql,23,customer_recommendations,menu_item_id,"uuid"
20260318212025_8acd20b1-17a1-44e1-b5ec-a8bb60f9ea15.sql,24,customer_recommendations,score,"numeric"
20260318212025_8acd20b1-17a1-44e1-b5ec-a8bb60f9ea15.sql,25,customer_recommendations,reason,"text"
20260318212025_8acd20b1-17a1-44e1-b5ec-a8bb60f9ea15.sql,26,customer_recommendations,created_at,"timestamptz"
20260318212025_8acd20b1-17a1-44e1-b5ec-a8bb60f9ea15.sql,33,competitor_price_snapshots,id,"uuid"
20260318212025_8acd20b1-17a1-44e1-b5ec-a8bb60f9ea15.sql,34,competitor_price_snapshots,workspace_id,"uuid"
20260318212025_8acd20b1-17a1-44e1-b5ec-a8bb60f9ea15.sql,35,competitor_price_snapshots,merchant_profile_id,"uuid"
20260318212025_8acd20b1-17a1-44e1-b5ec-a8bb60f9ea15.sql,36,competitor_price_snapshots,competitor_name,"text"
20260318212025_8acd20b1-17a1-44e1-b5ec-a8bb60f9ea15.sql,37,competitor_price_snapshots,item_name,"text"
20260318212025_8acd20b1-17a1-44e1-b5ec-a8bb60f9ea15.sql,38,competitor_price_snapshots,area,"text"
20260318212025_8acd20b1-17a1-44e1-b5ec-a8bb60f9ea15.sql,39,competitor_price_snapshots,observed_price,"numeric"
20260318212025_8acd20b1-17a1-44e1-b5ec-a8bb60f9ea15.sql,40,competitor_price_snapshots,currency,"text"
20260318212025_8acd20b1-17a1-44e1-b5ec-a8bb60f9ea15.sql,41,competitor_price_snapshots,observed_at,"timestamptz"
20260318212025_8acd20b1-17a1-44e1-b5ec-a8bb60f9ea15.sql,42,competitor_price_snapshots,metadata,"jsonb"
20260318212025_8acd20b1-17a1-44e1-b5ec-a8bb60f9ea15.sql,49,system_feature_flags,id,"uuid"
20260318212025_8acd20b1-17a1-44e1-b5ec-a8bb60f9ea15.sql,50,system_feature_flags,workspace_id,"uuid"
20260318212025_8acd20b1-17a1-44e1-b5ec-a8bb60f9ea15.sql,51,system_feature_flags,flag_key,"text"
20260318212025_8acd20b1-17a1-44e1-b5ec-a8bb60f9ea15.sql,52,system_feature_flags,flag_value,"jsonb"
20260318212025_8acd20b1-17a1-44e1-b5ec-a8bb60f9ea15.sql,53,system_feature_flags,description,"text"
20260318212025_8acd20b1-17a1-44e1-b5ec-a8bb60f9ea15.sql,54,system_feature_flags,created_at,"timestamptz"
20260318212025_8acd20b1-17a1-44e1-b5ec-a8bb60f9ea15.sql,55,system_feature_flags,updated_at,"timestamptz"
20260318212611_76409cc9-ece4-48d3-a5a3-2492c754dc48.sql,3,admin_alerts,id,"uuid"
20260318212611_76409cc9-ece4-48d3-a5a3-2492c754dc48.sql,4,admin_alerts,alert_type,"text"
20260318212611_76409cc9-ece4-48d3-a5a3-2492c754dc48.sql,5,admin_alerts,severity,"text"
20260318212611_76409cc9-ece4-48d3-a5a3-2492c754dc48.sql,6,admin_alerts,title,"text"
20260318212611_76409cc9-ece4-48d3-a5a3-2492c754dc48.sql,7,admin_alerts,body,"text"
20260318212611_76409cc9-ece4-48d3-a5a3-2492c754dc48.sql,8,admin_alerts,status,"text"
20260318212611_76409cc9-ece4-48d3-a5a3-2492c754dc48.sql,9,admin_alerts,context_type,"text"
20260318212611_76409cc9-ece4-48d3-a5a3-2492c754dc48.sql,10,admin_alerts,context_id,"text"
20260318212611_76409cc9-ece4-48d3-a5a3-2492c754dc48.sql,11,admin_alerts,metadata_json,"jsonb"
20260318212611_76409cc9-ece4-48d3-a5a3-2492c754dc48.sql,12,admin_alerts,created_at,"timestamptz"
20260318212611_76409cc9-ece4-48d3-a5a3-2492c754dc48.sql,13,admin_alerts,resolved_at,"timestamptz"
20260318212611_76409cc9-ece4-48d3-a5a3-2492c754dc48.sql,17,incident_cases,id,"uuid"
20260318212611_76409cc9-ece4-48d3-a5a3-2492c754dc48.sql,18,incident_cases,incident_type,"text"
20260318212611_76409cc9-ece4-48d3-a5a3-2492c754dc48.sql,19,incident_cases,severity,"text"
20260318212611_76409cc9-ece4-48d3-a5a3-2492c754dc48.sql,20,incident_cases,title,"text"
20260318212611_76409cc9-ece4-48d3-a5a3-2492c754dc48.sql,21,incident_cases,summary,"text"
20260318212611_76409cc9-ece4-48d3-a5a3-2492c754dc48.sql,22,incident_cases,status,"text"
20260318212611_76409cc9-ece4-48d3-a5a3-2492c754dc48.sql,23,incident_cases,owner_user_id,"uuid"
20260318212611_76409cc9-ece4-48d3-a5a3-2492c754dc48.sql,24,incident_cases,created_at,"timestamptz"
20260318212611_76409cc9-ece4-48d3-a5a3-2492c754dc48.sql,25,incident_cases,updated_at,"timestamptz"
20260318212611_76409cc9-ece4-48d3-a5a3-2492c754dc48.sql,26,incident_cases,resolved_at,"timestamptz"
20260318212611_76409cc9-ece4-48d3-a5a3-2492c754dc48.sql,30,incident_case_events,id,"uuid"
20260318212611_76409cc9-ece4-48d3-a5a3-2492c754dc48.sql,31,incident_case_events,incident_id,"uuid"
20260318212611_76409cc9-ece4-48d3-a5a3-2492c754dc48.sql,32,incident_case_events,actor_user_id,"uuid"
20260318212611_76409cc9-ece4-48d3-a5a3-2492c754dc48.sql,33,incident_case_events,event_type,"text"
20260318212611_76409cc9-ece4-48d3-a5a3-2492c754dc48.sql,34,incident_case_events,body,"text"
20260318212611_76409cc9-ece4-48d3-a5a3-2492c754dc48.sql,35,incident_case_events,metadata_json,"jsonb"
20260318212611_76409cc9-ece4-48d3-a5a3-2492c754dc48.sql,36,incident_case_events,created_at,"timestamptz"
20260318212611_76409cc9-ece4-48d3-a5a3-2492c754dc48.sql,43,order_payout_locks,id,"uuid"
20260318212611_76409cc9-ece4-48d3-a5a3-2492c754dc48.sql,44,order_payout_locks,order_id,"uuid"
20260318212611_76409cc9-ece4-48d3-a5a3-2492c754dc48.sql,45,order_payout_locks,beneficiary_type,"text"
20260318212611_76409cc9-ece4-48d3-a5a3-2492c754dc48.sql,46,order_payout_locks,locked_at,"timestamptz"
20260318212611_76409cc9-ece4-48d3-a5a3-2492c754dc48.sql,47,order_payout_locks,notes,"text"
20260318212611_76409cc9-ece4-48d3-a5a3-2492c754dc48.sql,51,log_export_jobs,id,"uuid"
20260318212611_76409cc9-ece4-48d3-a5a3-2492c754dc48.sql,52,log_export_jobs,export_type,"text"
20260318212611_76409cc9-ece4-48d3-a5a3-2492c754dc48.sql,53,log_export_jobs,status,"text"
20260318212611_76409cc9-ece4-48d3-a5a3-2492c754dc48.sql,54,log_export_jobs,filters,"jsonb"
20260318212611_76409cc9-ece4-48d3-a5a3-2492c754dc48.sql,55,log_export_jobs,output_url,"text"
20260318212611_76409cc9-ece4-48d3-a5a3-2492c754dc48.sql,56,log_export_jobs,error_message,"text"
20260318212611_76409cc9-ece4-48d3-a5a3-2492c754dc48.sql,57,log_export_jobs,created_by,"uuid"
20260318212611_76409cc9-ece4-48d3-a5a3-2492c754dc48.sql,58,log_export_jobs,created_at,"timestamptz"
20260318212611_76409cc9-ece4-48d3-a5a3-2492c754dc48.sql,59,log_export_jobs,completed_at,"timestamptz"
20260318213705_c746ca0b-f27c-457a-a552-c94d807c03e0.sql,13,audit_findings,id,"uuid"
20260318213705_c746ca0b-f27c-457a-a552-c94d807c03e0.sql,14,audit_findings,report_id,"uuid"
20260318213705_c746ca0b-f27c-457a-a552-c94d807c03e0.sql,15,audit_findings,finding_key,"text"
20260318213705_c746ca0b-f27c-457a-a552-c94d807c03e0.sql,16,audit_findings,finding_group,"text"
20260318213705_c746ca0b-f27c-457a-a552-c94d807c03e0.sql,17,audit_findings,severity,"text"
20260318213705_c746ca0b-f27c-457a-a552-c94d807c03e0.sql,18,audit_findings,score_impact,"numeric"
20260318213705_c746ca0b-f27c-457a-a552-c94d807c03e0.sql,19,audit_findings,title,"text"
20260318213705_c746ca0b-f27c-457a-a552-c94d807c03e0.sql,20,audit_findings,details,"text"
20260318213705_c746ca0b-f27c-457a-a552-c94d807c03e0.sql,21,audit_findings,expected_state,"text"
20260318213705_c746ca0b-f27c-457a-a552-c94d807c03e0.sql,22,audit_findings,actual_state,"text"
20260318213705_c746ca0b-f27c-457a-a552-c94d807c03e0.sql,23,audit_findings,action_hint,"text"
20260318213705_c746ca0b-f27c-457a-a552-c94d807c03e0.sql,24,audit_findings,created_at,"timestamptz"
20260318213705_c746ca0b-f27c-457a-a552-c94d807c03e0.sql,31,launch_gate_results,id,"uuid"
20260318213705_c746ca0b-f27c-457a-a552-c94d807c03e0.sql,32,launch_gate_results,workspace_id,"uuid"
20260318213705_c746ca0b-f27c-457a-a552-c94d807c03e0.sql,33,launch_gate_results,report_id,"uuid"
20260318213705_c746ca0b-f27c-457a-a552-c94d807c03e0.sql,34,launch_gate_results,gate_key,"text"
20260318213705_c746ca0b-f27c-457a-a552-c94d807c03e0.sql,35,launch_gate_results,status,"text"
20260318213705_c746ca0b-f27c-457a-a552-c94d807c03e0.sql,36,launch_gate_results,details,"jsonb"
20260318213705_c746ca0b-f27c-457a-a552-c94d807c03e0.sql,37,launch_gate_results,created_at,"timestamptz"
20260319001837_537ba448-6f98-4f84-aac6-ed94d5022c07.sql,4,merchant_outreach_campaigns,id,"uuid"
20260319001837_537ba448-6f98-4f84-aac6-ed94d5022c07.sql,5,merchant_outreach_campaigns,merchant_profile_id,"uuid"
20260319001837_537ba448-6f98-4f84-aac6-ed94d5022c07.sql,6,merchant_outreach_campaigns,channel,"text"
20260319001837_537ba448-6f98-4f84-aac6-ed94d5022c07.sql,7,merchant_outreach_campaigns,activation_token,"text"
20260319001837_537ba448-6f98-4f84-aac6-ed94d5022c07.sql,8,merchant_outreach_campaigns,activation_link,"text"
20260319001837_537ba448-6f98-4f84-aac6-ed94d5022c07.sql,9,merchant_outreach_campaigns,sent_at,"timestamptz"
20260319001837_537ba448-6f98-4f84-aac6-ed94d5022c07.sql,10,merchant_outreach_campaigns,delivered_at,"timestamptz"
20260319001837_537ba448-6f98-4f84-aac6-ed94d5022c07.sql,11,merchant_outreach_campaigns,opened_at,"timestamptz"
20260319001837_537ba448-6f98-4f84-aac6-ed94d5022c07.sql,12,merchant_outreach_campaigns,clicked_at,"timestamptz"
20260319001837_537ba448-6f98-4f84-aac6-ed94d5022c07.sql,13,merchant_outreach_campaigns,claimed_at,"timestamptz"
20260319001837_537ba448-6f98-4f84-aac6-ed94d5022c07.sql,14,merchant_outreach_campaigns,activated_at,"timestamptz"
20260319001837_537ba448-6f98-4f84-aac6-ed94d5022c07.sql,15,merchant_outreach_campaigns,status,"text"
20260319001837_537ba448-6f98-4f84-aac6-ed94d5022c07.sql,16,merchant_outreach_campaigns,metadata,"jsonb"
20260319001837_537ba448-6f98-4f84-aac6-ed94d5022c07.sql,17,merchant_outreach_campaigns,created_at,"timestamptz"
20260319001837_537ba448-6f98-4f84-aac6-ed94d5022c07.sql,18,merchant_outreach_campaigns,updated_at,"timestamptz"
20260319005058_580a6d07-50ab-48b2-8f5d-0243989150fa.sql,24,claim_attempts,id,"uuid"
20260319005058_580a6d07-50ab-48b2-8f5d-0243989150fa.sql,25,claim_attempts,merchant_profile_id,"uuid"
20260319005058_580a6d07-50ab-48b2-8f5d-0243989150fa.sql,26,claim_attempts,user_id,"uuid"
20260319005058_580a6d07-50ab-48b2-8f5d-0243989150fa.sql,27,claim_attempts,ip_address,"text"
20260319005058_580a6d07-50ab-48b2-8f5d-0243989150fa.sql,28,claim_attempts,verification_method,"text"
20260319005058_580a6d07-50ab-48b2-8f5d-0243989150fa.sql,29,claim_attempts,verification_value,"text"
20260319005058_580a6d07-50ab-48b2-8f5d-0243989150fa.sql,30,claim_attempts,status,"text"
20260319005058_580a6d07-50ab-48b2-8f5d-0243989150fa.sql,31,claim_attempts,flagged,"boolean"
20260319005058_580a6d07-50ab-48b2-8f5d-0243989150fa.sql,32,claim_attempts,created_at,"timestamptz"
20260319014648_a49a7121-5975-4e00-bf86-5a738e85636f.sql,15,wallet_pins,id,"uuid"
20260319014648_a49a7121-5975-4e00-bf86-5a738e85636f.sql,16,wallet_pins,wallet_account_id,"uuid"
20260319014648_a49a7121-5975-4e00-bf86-5a738e85636f.sql,17,wallet_pins,pin_hash,"text"
20260319014648_a49a7121-5975-4e00-bf86-5a738e85636f.sql,18,wallet_pins,failed_attempts,"int"
20260319014648_a49a7121-5975-4e00-bf86-5a738e85636f.sql,19,wallet_pins,locked_until,"timestamptz"
20260319014648_a49a7121-5975-4e00-bf86-5a738e85636f.sql,20,wallet_pins,last_verified_at,"timestamptz"
20260319014648_a49a7121-5975-4e00-bf86-5a738e85636f.sql,21,wallet_pins,created_at,"timestamptz"
20260319014648_a49a7121-5975-4e00-bf86-5a738e85636f.sql,22,wallet_pins,updated_at,"timestamptz"
20260319014648_a49a7121-5975-4e00-bf86-5a738e85636f.sql,34,wallet_order_splits,id,"uuid"
20260319014648_a49a7121-5975-4e00-bf86-5a738e85636f.sql,35,wallet_order_splits,order_id,"uuid"
20260319014648_a49a7121-5975-4e00-bf86-5a738e85636f.sql,36,wallet_order_splits,split_party_type,"text"
20260319014648_a49a7121-5975-4e00-bf86-5a738e85636f.sql,37,wallet_order_splits,wallet_account_id,"uuid"
20260319014648_a49a7121-5975-4e00-bf86-5a738e85636f.sql,38,wallet_order_splits,gross_amount,"numeric(18,2)"
20260319014648_a49a7121-5975-4e00-bf86-5a738e85636f.sql,39,wallet_order_splits,net_amount,"numeric(18,2)"
20260319014648_a49a7121-5975-4e00-bf86-5a738e85636f.sql,40,wallet_order_splits,split_status,"text"
20260319014648_a49a7121-5975-4e00-bf86-5a738e85636f.sql,41,wallet_order_splits,metadata,"jsonb"
20260319014648_a49a7121-5975-4e00-bf86-5a738e85636f.sql,42,wallet_order_splits,created_at,"timestamptz"
20260319014648_a49a7121-5975-4e00-bf86-5a738e85636f.sql,43,wallet_order_splits,updated_at,"timestamptz"
20260319014648_a49a7121-5975-4e00-bf86-5a738e85636f.sql,54,commission_rules,id,"uuid"
20260319014648_a49a7121-5975-4e00-bf86-5a738e85636f.sql,55,commission_rules,vertical,"text"
20260319014648_a49a7121-5975-4e00-bf86-5a738e85636f.sql,56,commission_rules,country_code,"text"
20260319014648_a49a7121-5975-4e00-bf86-5a738e85636f.sql,57,commission_rules,city,"text"
20260319014648_a49a7121-5975-4e00-bf86-5a738e85636f.sql,58,commission_rules,commission_mode,"text"
20260319014648_a49a7121-5975-4e00-bf86-5a738e85636f.sql,59,commission_rules,commission_rate,"numeric(8,4)"
20260319014648_a49a7121-5975-4e00-bf86-5a738e85636f.sql,60,commission_rules,commission_discount,"numeric(8,4)"
20260319014648_a49a7121-5975-4e00-bf86-5a738e85636f.sql,61,commission_rules,active,"boolean"
20260319014648_a49a7121-5975-4e00-bf86-5a738e85636f.sql,62,commission_rules,created_at,"timestamptz"
20260319014648_a49a7121-5975-4e00-bf86-5a738e85636f.sql,63,commission_rules,updated_at,"timestamptz"
20260319014648_a49a7121-5975-4e00-bf86-5a738e85636f.sql,73,delivery_pricing_rules,id,"uuid"
20260319014648_a49a7121-5975-4e00-bf86-5a738e85636f.sql,74,delivery_pricing_rules,country_code,"text"
20260319014648_a49a7121-5975-4e00-bf86-5a738e85636f.sql,75,delivery_pricing_rules,city,"text"
20260319014648_a49a7121-5975-4e00-bf86-5a738e85636f.sql,76,delivery_pricing_rules,base_fee,"numeric(18,2)"
20260319014648_a49a7121-5975-4e00-bf86-5a738e85636f.sql,77,delivery_pricing_rules,min_fee,"numeric(18,2)"
20260319014648_a49a7121-5975-4e00-bf86-5a738e85636f.sql,78,delivery_pricing_rules,max_fee,"numeric(18,2)"
20260319014648_a49a7121-5975-4e00-bf86-5a738e85636f.sql,79,delivery_pricing_rules,per_km_rate,"numeric(18,2)"
20260319014648_a49a7121-5975-4e00-bf86-5a738e85636f.sql,80,delivery_pricing_rules,peak_multiplier,"numeric(8,4)"
20260319014648_a49a7121-5975-4e00-bf86-5a738e85636f.sql,81,delivery_pricing_rules,night_multiplier,"numeric(8,4)"
20260319014648_a49a7121-5975-4e00-bf86-5a738e85636f.sql,82,delivery_pricing_rules,premium_zone_multiplier,"numeric(8,4)"
20260319014648_a49a7121-5975-4e00-bf86-5a738e85636f.sql,83,delivery_pricing_rules,active,"boolean"
20260319014648_a49a7121-5975-4e00-bf86-5a738e85636f.sql,84,delivery_pricing_rules,created_at,"timestamptz"
20260319014648_a49a7121-5975-4e00-bf86-5a738e85636f.sql,85,delivery_pricing_rules,updated_at,"timestamptz"
20260319014648_a49a7121-5975-4e00-bf86-5a738e85636f.sql,95,qr_order_targets,id,"uuid"
20260319014648_a49a7121-5975-4e00-bf86-5a738e85636f.sql,96,qr_order_targets,merchant_profile_id,"uuid"
20260319014648_a49a7121-5975-4e00-bf86-5a738e85636f.sql,97,qr_order_targets,storefront_page_id,"uuid"
20260319014648_a49a7121-5975-4e00-bf86-5a738e85636f.sql,98,qr_order_targets,target_type,"text"
20260319014648_a49a7121-5975-4e00-bf86-5a738e85636f.sql,99,qr_order_targets,target_label,"text"
20260319014648_a49a7121-5975-4e00-bf86-5a738e85636f.sql,100,qr_order_targets,target_code,"text"
20260319014648_a49a7121-5975-4e00-bf86-5a738e85636f.sql,101,qr_order_targets,table_number,"text"
20260319014648_a49a7121-5975-4e00-bf86-5a738e85636f.sql,102,qr_order_targets,active,"boolean"
20260319014648_a49a7121-5975-4e00-bf86-5a738e85636f.sql,103,qr_order_targets,created_at,"timestamptz"
20260319014648_a49a7121-5975-4e00-bf86-5a738e85636f.sql,104,qr_order_targets,updated_at,"timestamptz"
20260319014648_a49a7121-5975-4e00-bf86-5a738e85636f.sql,117,pos_orders,id,"uuid"
20260319014648_a49a7121-5975-4e00-bf86-5a738e85636f.sql,118,pos_orders,order_id,"uuid"
20260319014648_a49a7121-5975-4e00-bf86-5a738e85636f.sql,119,pos_orders,source_type,"text"
20260319014648_a49a7121-5975-4e00-bf86-5a738e85636f.sql,120,pos_orders,order_type,"text"
20260319014648_a49a7121-5975-4e00-bf86-5a738e85636f.sql,121,pos_orders,table_number,"text"
20260319014648_a49a7121-5975-4e00-bf86-5a738e85636f.sql,122,pos_orders,notes,"text"
20260319014648_a49a7121-5975-4e00-bf86-5a738e85636f.sql,123,pos_orders,kitchen_status,"text"
20260319014648_a49a7121-5975-4e00-bf86-5a738e85636f.sql,124,pos_orders,created_at,"timestamptz"
20260319014648_a49a7121-5975-4e00-bf86-5a738e85636f.sql,125,pos_orders,updated_at,"timestamptz"
20260319014648_a49a7121-5975-4e00-bf86-5a738e85636f.sql,148,payout_profiles,id,"uuid"
20260319014648_a49a7121-5975-4e00-bf86-5a738e85636f.sql,149,payout_profiles,owner_type,"text"
20260319014648_a49a7121-5975-4e00-bf86-5a738e85636f.sql,150,payout_profiles,owner_profile_id,"uuid"
20260319014648_a49a7121-5975-4e00-bf86-5a738e85636f.sql,151,payout_profiles,payout_mode,"text"
20260319014648_a49a7121-5975-4e00-bf86-5a738e85636f.sql,152,payout_profiles,status,"text"
20260319014648_a49a7121-5975-4e00-bf86-5a738e85636f.sql,153,payout_profiles,created_at,"timestamptz"
20260319014648_a49a7121-5975-4e00-bf86-5a738e85636f.sql,154,payout_profiles,updated_at,"timestamptz"
20260319024112_36be7ba5-3867-474d-9dcf-58dd9221b113.sql,26,dispatch_offers,id,"uuid"
20260319024112_36be7ba5-3867-474d-9dcf-58dd9221b113.sql,27,dispatch_offers,job_id,"uuid"
20260319024112_36be7ba5-3867-474d-9dcf-58dd9221b113.sql,28,dispatch_offers,driver_profile_id,"text"
20260319024112_36be7ba5-3867-474d-9dcf-58dd9221b113.sql,29,dispatch_offers,driver_user_id,"text"
20260319024112_36be7ba5-3867-474d-9dcf-58dd9221b113.sql,30,dispatch_offers,offer_status,"text"
20260319024112_36be7ba5-3867-474d-9dcf-58dd9221b113.sql,31,dispatch_offers,score,"numeric"
20260319024112_36be7ba5-3867-474d-9dcf-58dd9221b113.sql,32,dispatch_offers,eta_minutes,"int"
20260319024112_36be7ba5-3867-474d-9dcf-58dd9221b113.sql,33,dispatch_offers,distance_km,"numeric"
20260319024112_36be7ba5-3867-474d-9dcf-58dd9221b113.sql,34,dispatch_offers,expires_at,"timestamptz"
20260319024112_36be7ba5-3867-474d-9dcf-58dd9221b113.sql,35,dispatch_offers,created_at,"timestamptz"
20260319024112_36be7ba5-3867-474d-9dcf-58dd9221b113.sql,43,automation_workflows,id,"uuid"
20260319024112_36be7ba5-3867-474d-9dcf-58dd9221b113.sql,44,automation_workflows,workflow_type,"text"
20260319024112_36be7ba5-3867-474d-9dcf-58dd9221b113.sql,45,automation_workflows,entity_type,"text"
20260319024112_36be7ba5-3867-474d-9dcf-58dd9221b113.sql,46,automation_workflows,entity_id,"text"
20260319024112_36be7ba5-3867-474d-9dcf-58dd9221b113.sql,47,automation_workflows,trigger_source,"text"
20260319024112_36be7ba5-3867-474d-9dcf-58dd9221b113.sql,48,automation_workflows,status,"text"
20260319024112_36be7ba5-3867-474d-9dcf-58dd9221b113.sql,49,automation_workflows,current_step,"int"
20260319024112_36be7ba5-3867-474d-9dcf-58dd9221b113.sql,50,automation_workflows,steps_json,"jsonb"
20260319024112_36be7ba5-3867-474d-9dcf-58dd9221b113.sql,51,automation_workflows,scheduled_at,"timestamptz"
20260319024112_36be7ba5-3867-474d-9dcf-58dd9221b113.sql,52,automation_workflows,executed_at,"timestamptz"
20260319024112_36be7ba5-3867-474d-9dcf-58dd9221b113.sql,53,automation_workflows,completed_at,"timestamptz"
20260319024112_36be7ba5-3867-474d-9dcf-58dd9221b113.sql,54,automation_workflows,failed_at,"timestamptz"
20260319024112_36be7ba5-3867-474d-9dcf-58dd9221b113.sql,55,automation_workflows,retry_count,"int"
20260319024112_36be7ba5-3867-474d-9dcf-58dd9221b113.sql,56,automation_workflows,stop_reason,"text"
20260319024112_36be7ba5-3867-474d-9dcf-58dd9221b113.sql,57,automation_workflows,country_code,"text"
20260319024112_36be7ba5-3867-474d-9dcf-58dd9221b113.sql,58,automation_workflows,city,"text"
20260319024112_36be7ba5-3867-474d-9dcf-58dd9221b113.sql,59,automation_workflows,vertical,"text"
20260319024112_36be7ba5-3867-474d-9dcf-58dd9221b113.sql,60,automation_workflows,priority,"int"
20260319024112_36be7ba5-3867-474d-9dcf-58dd9221b113.sql,61,automation_workflows,metadata_json,"jsonb"
20260319024112_36be7ba5-3867-474d-9dcf-58dd9221b113.sql,62,automation_workflows,created_at,"timestamptz"
20260319024112_36be7ba5-3867-474d-9dcf-58dd9221b113.sql,63,automation_workflows,updated_at,"timestamptz"
20260319024333_d24c4768-a898-4700-a18b-d00ac57371ec.sql,8,dispatch_jobs_v2,id,"uuid"
20260319024333_d24c4768-a898-4700-a18b-d00ac57371ec.sql,9,dispatch_jobs_v2,order_id,"uuid"
20260319024333_d24c4768-a898-4700-a18b-d00ac57371ec.sql,10,dispatch_jobs_v2,merchant_profile_id,"uuid"
20260319024333_d24c4768-a898-4700-a18b-d00ac57371ec.sql,11,dispatch_jobs_v2,customer_user_id,"uuid"
20260319024333_d24c4768-a898-4700-a18b-d00ac57371ec.sql,12,dispatch_jobs_v2,country_code,"text"
20260319024333_d24c4768-a898-4700-a18b-d00ac57371ec.sql,13,dispatch_jobs_v2,city,"text"
20260319024333_d24c4768-a898-4700-a18b-d00ac57371ec.sql,14,dispatch_jobs_v2,pickup_lat,"numeric"
20260319024333_d24c4768-a898-4700-a18b-d00ac57371ec.sql,15,dispatch_jobs_v2,pickup_lng,"numeric"
20260319024333_d24c4768-a898-4700-a18b-d00ac57371ec.sql,16,dispatch_jobs_v2,dropoff_lat,"numeric"
20260319024333_d24c4768-a898-4700-a18b-d00ac57371ec.sql,17,dispatch_jobs_v2,dropoff_lng,"numeric"
20260319024333_d24c4768-a898-4700-a18b-d00ac57371ec.sql,18,dispatch_jobs_v2,distance_km,"numeric(10,2)"
20260319024333_d24c4768-a898-4700-a18b-d00ac57371ec.sql,19,dispatch_jobs_v2,estimated_duration_min,"int"
20260319024333_d24c4768-a898-4700-a18b-d00ac57371ec.sql,20,dispatch_jobs_v2,delivery_fee,"numeric(18,2)"
20260319024333_d24c4768-a898-4700-a18b-d00ac57371ec.sql,21,dispatch_jobs_v2,currency,"text"
20260319024333_d24c4768-a898-4700-a18b-d00ac57371ec.sql,22,dispatch_jobs_v2,dispatch_status,"text"
20260319024333_d24c4768-a898-4700-a18b-d00ac57371ec.sql,23,dispatch_jobs_v2,assigned_driver_id,"uuid"
20260319024333_d24c4768-a898-4700-a18b-d00ac57371ec.sql,24,dispatch_jobs_v2,assigned_driver_wallet_id,"uuid"
20260319024333_d24c4768-a898-4700-a18b-d00ac57371ec.sql,25,dispatch_jobs_v2,pricing_snapshot,"jsonb"
20260319024333_d24c4768-a898-4700-a18b-d00ac57371ec.sql,26,dispatch_jobs_v2,ranking_snapshot,"jsonb"
20260319024333_d24c4768-a898-4700-a18b-d00ac57371ec.sql,27,dispatch_jobs_v2,ai_dispatch_metadata,"jsonb"
20260319024333_d24c4768-a898-4700-a18b-d00ac57371ec.sql,28,dispatch_jobs_v2,retry_count,"int"
20260319024333_d24c4768-a898-4700-a18b-d00ac57371ec.sql,29,dispatch_jobs_v2,expires_at,"timestamptz"
20260319024333_d24c4768-a898-4700-a18b-d00ac57371ec.sql,30,dispatch_jobs_v2,assigned_at,"timestamptz"
20260319024333_d24c4768-a898-4700-a18b-d00ac57371ec.sql,31,dispatch_jobs_v2,picked_up_at,"timestamptz"
20260319024333_d24c4768-a898-4700-a18b-d00ac57371ec.sql,32,dispatch_jobs_v2,delivered_at,"timestamptz"
20260319024333_d24c4768-a898-4700-a18b-d00ac57371ec.sql,33,dispatch_jobs_v2,validated_at,"timestamptz"
20260319024333_d24c4768-a898-4700-a18b-d00ac57371ec.sql,34,dispatch_jobs_v2,created_at,"timestamptz"
20260319024333_d24c4768-a898-4700-a18b-d00ac57371ec.sql,35,dispatch_jobs_v2,updated_at,"timestamptz"
20260319024333_d24c4768-a898-4700-a18b-d00ac57371ec.sql,57,driver_mission_offers,id,"uuid"
20260319024333_d24c4768-a898-4700-a18b-d00ac57371ec.sql,58,driver_mission_offers,dispatch_job_id,"uuid"
20260319024333_d24c4768-a898-4700-a18b-d00ac57371ec.sql,59,driver_mission_offers,driver_profile_id,"uuid"
20260319024333_d24c4768-a898-4700-a18b-d00ac57371ec.sql,60,driver_mission_offers,offer_status,"text"
20260319024333_d24c4768-a898-4700-a18b-d00ac57371ec.sql,61,driver_mission_offers,ranking_score,"numeric(10,4)"
20260319024333_d24c4768-a898-4700-a18b-d00ac57371ec.sql,62,driver_mission_offers,ranking_reason,"jsonb"
20260319024333_d24c4768-a898-4700-a18b-d00ac57371ec.sql,63,driver_mission_offers,expires_at,"timestamptz"
20260319024333_d24c4768-a898-4700-a18b-d00ac57371ec.sql,64,driver_mission_offers,responded_at,"timestamptz"
20260319024333_d24c4768-a898-4700-a18b-d00ac57371ec.sql,65,driver_mission_offers,created_at,"timestamptz"
20260319024333_d24c4768-a898-4700-a18b-d00ac57371ec.sql,85,driver_live_locations,id,"uuid"
20260319024333_d24c4768-a898-4700-a18b-d00ac57371ec.sql,86,driver_live_locations,driver_profile_id,"uuid"
20260319024333_d24c4768-a898-4700-a18b-d00ac57371ec.sql,87,driver_live_locations,dispatch_job_id,"uuid"
20260319024333_d24c4768-a898-4700-a18b-d00ac57371ec.sql,88,driver_live_locations,order_id,"uuid"
20260319024333_d24c4768-a898-4700-a18b-d00ac57371ec.sql,89,driver_live_locations,lat,"numeric"
20260319024333_d24c4768-a898-4700-a18b-d00ac57371ec.sql,90,driver_live_locations,lng,"numeric"
20260319024333_d24c4768-a898-4700-a18b-d00ac57371ec.sql,91,driver_live_locations,heading,"numeric"
20260319024333_d24c4768-a898-4700-a18b-d00ac57371ec.sql,92,driver_live_locations,speed_kmh,"numeric"
20260319024333_d24c4768-a898-4700-a18b-d00ac57371ec.sql,93,driver_live_locations,accuracy_m,"numeric"
20260319024333_d24c4768-a898-4700-a18b-d00ac57371ec.sql,94,driver_live_locations,recorded_at,"timestamptz"
20260319024333_d24c4768-a898-4700-a18b-d00ac57371ec.sql,95,driver_live_locations,created_at,"timestamptz"
20260319024333_d24c4768-a898-4700-a18b-d00ac57371ec.sql,115,driver_metrics,id,"uuid"
20260319024333_d24c4768-a898-4700-a18b-d00ac57371ec.sql,116,driver_metrics,driver_profile_id,"uuid"
20260319024333_d24c4768-a898-4700-a18b-d00ac57371ec.sql,117,driver_metrics,acceptance_rate,"numeric(8,4)"
20260319024333_d24c4768-a898-4700-a18b-d00ac57371ec.sql,118,driver_metrics,reliability_score,"numeric(8,4)"
20260319024333_d24c4768-a898-4700-a18b-d00ac57371ec.sql,119,driver_metrics,avg_eta_score,"numeric(8,4)"
20260319024333_d24c4768-a898-4700-a18b-d00ac57371ec.sql,120,driver_metrics,rating,"numeric(8,4)"
20260319024333_d24c4768-a898-4700-a18b-d00ac57371ec.sql,121,driver_metrics,active_jobs_count,"int"
20260319024333_d24c4768-a898-4700-a18b-d00ac57371ec.sql,122,driver_metrics,completed_jobs_count,"int"
20260319024333_d24c4768-a898-4700-a18b-d00ac57371ec.sql,123,driver_metrics,cancelled_jobs_count,"int"
20260319024333_d24c4768-a898-4700-a18b-d00ac57371ec.sql,124,driver_metrics,updated_at,"timestamptz"
20260319031601_b1965c4c-d306-467a-8dd6-b9df9c8a5781.sql,3,growth_city_pages,id,"uuid"
20260319031601_b1965c4c-d306-467a-8dd6-b9df9c8a5781.sql,4,growth_city_pages,page_type,"text"
20260319031601_b1965c4c-d306-467a-8dd6-b9df9c8a5781.sql,5,growth_city_pages,slug,"text"
20260319031601_b1965c4c-d306-467a-8dd6-b9df9c8a5781.sql,6,growth_city_pages,locale,"text"
20260319031601_b1965c4c-d306-467a-8dd6-b9df9c8a5781.sql,7,growth_city_pages,country_code,"text"
20260319031601_b1965c4c-d306-467a-8dd6-b9df9c8a5781.sql,8,growth_city_pages,city,"text"
20260319031601_b1965c4c-d306-467a-8dd6-b9df9c8a5781.sql,9,growth_city_pages,vertical,"text"
20260319031601_b1965c4c-d306-467a-8dd6-b9df9c8a5781.sql,10,growth_city_pages,title,"text"
20260319031601_b1965c4c-d306-467a-8dd6-b9df9c8a5781.sql,11,growth_city_pages,h1,"text"
20260319031601_b1965c4c-d306-467a-8dd6-b9df9c8a5781.sql,12,growth_city_pages,description,"text"
20260319031601_b1965c4c-d306-467a-8dd6-b9df9c8a5781.sql,13,growth_city_pages,intro_text,"text"
20260319031601_b1965c4c-d306-467a-8dd6-b9df9c8a5781.sql,14,growth_city_pages,is_published,"boolean"
20260319031601_b1965c4c-d306-467a-8dd6-b9df9c8a5781.sql,15,growth_city_pages,created_at,"timestamptz"
20260319031601_b1965c4c-d306-467a-8dd6-b9df9c8a5781.sql,16,growth_city_pages,updated_at,"timestamptz"
20260319031601_b1965c4c-d306-467a-8dd6-b9df9c8a5781.sql,20,growth_demand_events,id,"uuid"
20260319031601_b1965c4c-d306-467a-8dd6-b9df9c8a5781.sql,21,growth_demand_events,storefront_page_id,"uuid"
20260319031601_b1965c4c-d306-467a-8dd6-b9df9c8a5781.sql,22,growth_demand_events,merchant_profile_id,"uuid"
20260319031601_b1965c4c-d306-467a-8dd6-b9df9c8a5781.sql,23,growth_demand_events,city,"text"
20260319031601_b1965c4c-d306-467a-8dd6-b9df9c8a5781.sql,24,growth_demand_events,country_code,"text"
20260319031601_b1965c4c-d306-467a-8dd6-b9df9c8a5781.sql,25,growth_demand_events,vertical,"text"
20260319031601_b1965c4c-d306-467a-8dd6-b9df9c8a5781.sql,26,growth_demand_events,event_type,"text"
20260319031601_b1965c4c-d306-467a-8dd6-b9df9c8a5781.sql,27,growth_demand_events,session_id,"text"
20260319031601_b1965c4c-d306-467a-8dd6-b9df9c8a5781.sql,28,growth_demand_events,user_id,"uuid"
20260319031601_b1965c4c-d306-467a-8dd6-b9df9c8a5781.sql,29,growth_demand_events,metadata_json,"jsonb"
20260319031601_b1965c4c-d306-467a-8dd6-b9df9c8a5781.sql,30,growth_demand_events,created_at,"timestamptz"
20260319035525_39f3c335-1030-4cbc-85fb-784990fdd86a.sql,4,import_test_batches,id,"uuid"
20260319035525_39f3c335-1030-4cbc-85fb-784990fdd86a.sql,5,import_test_batches,batch_name,"text"
20260319035525_39f3c335-1030-4cbc-85fb-784990fdd86a.sql,6,import_test_batches,batch_type,"text"
20260319035525_39f3c335-1030-4cbc-85fb-784990fdd86a.sql,7,import_test_batches,status,"text"
20260319035525_39f3c335-1030-4cbc-85fb-784990fdd86a.sql,8,import_test_batches,total_records,"integer"
20260319035525_39f3c335-1030-4cbc-85fb-784990fdd86a.sql,9,import_test_batches,imported_records,"integer"
20260319035525_39f3c335-1030-4cbc-85fb-784990fdd86a.sql,10,import_test_batches,failed_records,"integer"
20260319035525_39f3c335-1030-4cbc-85fb-784990fdd86a.sql,11,import_test_batches,created_by,"uuid"
20260319035525_39f3c335-1030-4cbc-85fb-784990fdd86a.sql,12,import_test_batches,created_at,"timestamptz"
20260319035525_39f3c335-1030-4cbc-85fb-784990fdd86a.sql,13,import_test_batches,completed_at,"timestamptz"
20260319035525_39f3c335-1030-4cbc-85fb-784990fdd86a.sql,14,import_test_batches,metadata_json,"jsonb"
20260319041459_0909cb67-ee9d-4993-8512-eb4ed2469d29.sql,4,orbit_call_sessions,id,"uuid"
20260319041459_0909cb67-ee9d-4993-8512-eb4ed2469d29.sql,5,orbit_call_sessions,room_id,"text"
20260319041459_0909cb67-ee9d-4993-8512-eb4ed2469d29.sql,6,orbit_call_sessions,call_type,"text"
20260319041459_0909cb67-ee9d-4993-8512-eb4ed2469d29.sql,7,orbit_call_sessions,call_scope,"text"
20260319041459_0909cb67-ee9d-4993-8512-eb4ed2469d29.sql,8,orbit_call_sessions,caller_user_id,"uuid"
20260319041459_0909cb67-ee9d-4993-8512-eb4ed2469d29.sql,9,orbit_call_sessions,callee_user_id,"uuid"
20260319041459_0909cb67-ee9d-4993-8512-eb4ed2469d29.sql,10,orbit_call_sessions,status,"text"
20260319041459_0909cb67-ee9d-4993-8512-eb4ed2469d29.sql,11,orbit_call_sessions,status,"in ('ringing','accepted','rejected','missed','ended','failed')"
20260319041459_0909cb67-ee9d-4993-8512-eb4ed2469d29.sql,13,orbit_call_sessions,e2ee_key_hint,"text"
20260319041459_0909cb67-ee9d-4993-8512-eb4ed2469d29.sql,14,orbit_call_sessions,started_at,"timestamptz"
20260319041459_0909cb67-ee9d-4993-8512-eb4ed2469d29.sql,15,orbit_call_sessions,answered_at,"timestamptz"
20260319041459_0909cb67-ee9d-4993-8512-eb4ed2469d29.sql,16,orbit_call_sessions,ended_at,"timestamptz"
20260319041459_0909cb67-ee9d-4993-8512-eb4ed2469d29.sql,17,orbit_call_sessions,timeout_at,"timestamptz"
20260319041459_0909cb67-ee9d-4993-8512-eb4ed2469d29.sql,18,orbit_call_sessions,metadata_json,"jsonb"
20260319041459_0909cb67-ee9d-4993-8512-eb4ed2469d29.sql,19,orbit_call_sessions,created_at,"timestamptz"
20260319041459_0909cb67-ee9d-4993-8512-eb4ed2469d29.sql,20,orbit_call_sessions,updated_at,"timestamptz"
20260319041459_0909cb67-ee9d-4993-8512-eb4ed2469d29.sql,25,orbit_call_signals,id,"uuid"
20260319041459_0909cb67-ee9d-4993-8512-eb4ed2469d29.sql,26,orbit_call_signals,session_id,"uuid"
20260319041459_0909cb67-ee9d-4993-8512-eb4ed2469d29.sql,27,orbit_call_signals,sender_user_id,"uuid"
20260319041459_0909cb67-ee9d-4993-8512-eb4ed2469d29.sql,28,orbit_call_signals,receiver_user_id,"uuid"
20260319041459_0909cb67-ee9d-4993-8512-eb4ed2469d29.sql,29,orbit_call_signals,signal_type,"text"
20260319041459_0909cb67-ee9d-4993-8512-eb4ed2469d29.sql,30,orbit_call_signals,signal_type,"in ('offer','answer','ice','hangup','reject','accept')"
20260319041459_0909cb67-ee9d-4993-8512-eb4ed2469d29.sql,32,orbit_call_signals,payload,"jsonb"
20260319041459_0909cb67-ee9d-4993-8512-eb4ed2469d29.sql,33,orbit_call_signals,consumed,"boolean"
20260319041459_0909cb67-ee9d-4993-8512-eb4ed2469d29.sql,34,orbit_call_signals,created_at,"timestamptz"
20260319061448_beda74ad-cb3a-423c-a292-f3bf6f94a9cb.sql,4,security_reviews,id,"uuid"
20260319061448_beda74ad-cb3a-423c-a292-f3bf6f94a9cb.sql,5,security_reviews,scope,"text"
20260319061448_beda74ad-cb3a-423c-a292-f3bf6f94a9cb.sql,6,security_reviews,audit_level,"text"
20260319061448_beda74ad-cb3a-423c-a292-f3bf6f94a9cb.sql,7,security_reviews,created_by,"text"
20260319061448_beda74ad-cb3a-423c-a292-f3bf6f94a9cb.sql,8,security_reviews,findings,"jsonb"
20260319061448_beda74ad-cb3a-423c-a292-f3bf6f94a9cb.sql,9,security_reviews,status,"text"
20260319061448_beda74ad-cb3a-423c-a292-f3bf6f94a9cb.sql,10,security_reviews,created_at,"timestamptz"
20260319061448_beda74ad-cb3a-423c-a292-f3bf6f94a9cb.sql,25,device_attestations,device_id,"text"
20260319061448_beda74ad-cb3a-423c-a292-f3bf6f94a9cb.sql,26,device_attestations,device_fingerprint,"text"
20260319061448_beda74ad-cb3a-423c-a292-f3bf6f94a9cb.sql,27,device_attestations,public_key_fingerprint,"text"
20260319061448_beda74ad-cb3a-423c-a292-f3bf6f94a9cb.sql,28,device_attestations,first_seen_at,"timestamptz"
20260319061448_beda74ad-cb3a-423c-a292-f3bf6f94a9cb.sql,29,device_attestations,last_seen_at,"timestamptz"
20260319061448_beda74ad-cb3a-423c-a292-f3bf6f94a9cb.sql,30,device_attestations,revoked_at,"timestamptz"
20260319061448_beda74ad-cb3a-423c-a292-f3bf6f94a9cb.sql,31,device_attestations,trust_state,"text"
20260319061448_beda74ad-cb3a-423c-a292-f3bf6f94a9cb.sql,42,security_nonces,id,"uuid"
20260319061448_beda74ad-cb3a-423c-a292-f3bf6f94a9cb.sql,43,security_nonces,nonce,"text"
20260319061448_beda74ad-cb3a-423c-a292-f3bf6f94a9cb.sql,44,security_nonces,domain,"text"
20260319061448_beda74ad-cb3a-423c-a292-f3bf6f94a9cb.sql,45,security_nonces,expires_at,"timestamptz"
20260319061448_beda74ad-cb3a-423c-a292-f3bf6f94a9cb.sql,46,security_nonces,created_at,"timestamptz"
20260319061448_beda74ad-cb3a-423c-a292-f3bf6f94a9cb.sql,58,rtc_config,id,"uuid"
20260319061448_beda74ad-cb3a-423c-a292-f3bf6f94a9cb.sql,59,rtc_config,active,"boolean"
20260319061448_beda74ad-cb3a-423c-a292-f3bf6f94a9cb.sql,60,rtc_config,ice_servers,"jsonb"
20260319061448_beda74ad-cb3a-423c-a292-f3bf6f94a9cb.sql,61,rtc_config,ice_transport_policy,"text"
20260319061448_beda74ad-cb3a-423c-a292-f3bf6f94a9cb.sql,62,rtc_config,created_at,"timestamptz"
20260319092104_75fd416f-2427-4f78-9b11-a870990c764e.sql,6,ghost_profiles,id,"uuid"
20260319092104_75fd416f-2427-4f78-9b11-a870990c764e.sql,7,ghost_profiles,user_id,"uuid"
20260319092104_75fd416f-2427-4f78-9b11-a870990c764e.sql,8,ghost_profiles,ghost_id,"text"
20260319092104_75fd416f-2427-4f78-9b11-a870990c764e.sql,9,ghost_profiles,current_alias,"text"
20260319092104_75fd416f-2427-4f78-9b11-a870990c764e.sql,10,ghost_profiles,alias_version,"int"
20260319092104_75fd416f-2427-4f78-9b11-a870990c764e.sql,11,ghost_profiles,tier,"text"
20260319092104_75fd416f-2427-4f78-9b11-a870990c764e.sql,12,ghost_profiles,is_enabled,"boolean"
20260319092104_75fd416f-2427-4f78-9b11-a870990c764e.sql,13,ghost_profiles,created_at,"timestamptz"
20260319092104_75fd416f-2427-4f78-9b11-a870990c764e.sql,14,ghost_profiles,updated_at,"timestamptz"
20260319092104_75fd416f-2427-4f78-9b11-a870990c764e.sql,21,ghost_device_identities,id,"uuid"
20260319092104_75fd416f-2427-4f78-9b11-a870990c764e.sql,22,ghost_device_identities,ghost_profile_id,"uuid"
20260319092104_75fd416f-2427-4f78-9b11-a870990c764e.sql,23,ghost_device_identities,device_id,"text"
20260319092104_75fd416f-2427-4f78-9b11-a870990c764e.sql,24,ghost_device_identities,public_key_jwk,"jsonb"
20260319092104_75fd416f-2427-4f78-9b11-a870990c764e.sql,25,ghost_device_identities,key_version,"int"
20260319092104_75fd416f-2427-4f78-9b11-a870990c764e.sql,26,ghost_device_identities,trusted,"boolean"
20260319092104_75fd416f-2427-4f78-9b11-a870990c764e.sql,27,ghost_device_identities,last_seen_at,"timestamptz"
20260319092104_75fd416f-2427-4f78-9b11-a870990c764e.sql,28,ghost_device_identities,created_at,"timestamptz"
20260319092104_75fd416f-2427-4f78-9b11-a870990c764e.sql,38,ghost_sessions,id,"uuid"
20260319092104_75fd416f-2427-4f78-9b11-a870990c764e.sql,39,ghost_sessions,ghost_profile_id,"uuid"
20260319092104_75fd416f-2427-4f78-9b11-a870990c764e.sql,40,ghost_sessions,session_token_hash,"text"
20260319092104_75fd416f-2427-4f78-9b11-a870990c764e.sql,41,ghost_sessions,tier,"text"
20260319092104_75fd416f-2427-4f78-9b11-a870990c764e.sql,42,ghost_sessions,status,"text"
20260319092104_75fd416f-2427-4f78-9b11-a870990c764e.sql,43,ghost_sessions,expires_at,"timestamptz"
20260319092104_75fd416f-2427-4f78-9b11-a870990c764e.sql,44,ghost_sessions,created_at,"timestamptz"
20260319092104_75fd416f-2427-4f78-9b11-a870990c764e.sql,45,ghost_sessions,updated_at,"timestamptz"
20260319092104_75fd416f-2427-4f78-9b11-a870990c764e.sql,54,ghost_threads,id,"uuid"
20260319092104_75fd416f-2427-4f78-9b11-a870990c764e.sql,55,ghost_threads,thread_code,"text"
20260319092104_75fd416f-2427-4f78-9b11-a870990c764e.sql,56,ghost_threads,tier,"text"
20260319092104_75fd416f-2427-4f78-9b11-a870990c764e.sql,57,ghost_threads,is_ephemeral,"boolean"
20260319092104_75fd416f-2427-4f78-9b11-a870990c764e.sql,58,ghost_threads,message_ttl_seconds,"int"
20260319092104_75fd416f-2427-4f78-9b11-a870990c764e.sql,59,ghost_threads,burn_after_read,"boolean"
20260319092104_75fd416f-2427-4f78-9b11-a870990c764e.sql,60,ghost_threads,created_at,"timestamptz"
20260319092104_75fd416f-2427-4f78-9b11-a870990c764e.sql,61,ghost_threads,updated_at,"timestamptz"
20260319092104_75fd416f-2427-4f78-9b11-a870990c764e.sql,67,ghost_thread_members,id,"uuid"
20260319092104_75fd416f-2427-4f78-9b11-a870990c764e.sql,68,ghost_thread_members,thread_id,"uuid"
20260319092104_75fd416f-2427-4f78-9b11-a870990c764e.sql,69,ghost_thread_members,ghost_profile_id,"uuid"
20260319092104_75fd416f-2427-4f78-9b11-a870990c764e.sql,70,ghost_thread_members,alias_at_join,"text"
20260319092104_75fd416f-2427-4f78-9b11-a870990c764e.sql,71,ghost_thread_members,joined_at,"timestamptz"
20260319092104_75fd416f-2427-4f78-9b11-a870990c764e.sql,87,ghost_messages,id,"uuid"
20260319092104_75fd416f-2427-4f78-9b11-a870990c764e.sql,88,ghost_messages,thread_id,"uuid"
20260319092104_75fd416f-2427-4f78-9b11-a870990c764e.sql,89,ghost_messages,sender_ghost_profile_id,"uuid"
20260319092104_75fd416f-2427-4f78-9b11-a870990c764e.sql,90,ghost_messages,sender_alias,"text"
20260319092104_75fd416f-2427-4f78-9b11-a870990c764e.sql,91,ghost_messages,encrypted_payload,"text"
20260319092104_75fd416f-2427-4f78-9b11-a870990c764e.sql,92,ghost_messages,nonce,"text"
20260319092104_75fd416f-2427-4f78-9b11-a870990c764e.sql,93,ghost_messages,aad,"text"
20260319092104_75fd416f-2427-4f78-9b11-a870990c764e.sql,94,ghost_messages,key_version,"int"
20260319092104_75fd416f-2427-4f78-9b11-a870990c764e.sql,95,ghost_messages,expires_at,"timestamptz"
20260319092104_75fd416f-2427-4f78-9b11-a870990c764e.sql,96,ghost_messages,burned_at,"timestamptz"
20260319092104_75fd416f-2427-4f78-9b11-a870990c764e.sql,97,ghost_messages,created_at,"timestamptz"
20260319092104_75fd416f-2427-4f78-9b11-a870990c764e.sql,110,ghost_call_sessions_v2,id,"uuid"
20260319092104_75fd416f-2427-4f78-9b11-a870990c764e.sql,111,ghost_call_sessions_v2,room_id,"uuid"
20260319092104_75fd416f-2427-4f78-9b11-a870990c764e.sql,112,ghost_call_sessions_v2,thread_id,"uuid"
20260319092104_75fd416f-2427-4f78-9b11-a870990c764e.sql,113,ghost_call_sessions_v2,caller_ghost_profile_id,"uuid"
20260319092104_75fd416f-2427-4f78-9b11-a870990c764e.sql,114,ghost_call_sessions_v2,callee_ghost_profile_id,"uuid"
20260319092104_75fd416f-2427-4f78-9b11-a870990c764e.sql,115,ghost_call_sessions_v2,caller_alias,"text"
20260319092104_75fd416f-2427-4f78-9b11-a870990c764e.sql,116,ghost_call_sessions_v2,callee_alias,"text"
20260319092104_75fd416f-2427-4f78-9b11-a870990c764e.sql,117,ghost_call_sessions_v2,tier,"text"
20260319092104_75fd416f-2427-4f78-9b11-a870990c764e.sql,118,ghost_call_sessions_v2,status,"text"
20260319092104_75fd416f-2427-4f78-9b11-a870990c764e.sql,119,ghost_call_sessions_v2,started_at,"timestamptz"
20260319092104_75fd416f-2427-4f78-9b11-a870990c764e.sql,120,ghost_call_sessions_v2,answered_at,"timestamptz"
20260319092104_75fd416f-2427-4f78-9b11-a870990c764e.sql,121,ghost_call_sessions_v2,ended_at,"timestamptz"
20260319092104_75fd416f-2427-4f78-9b11-a870990c764e.sql,122,ghost_call_sessions_v2,expires_at,"timestamptz"
20260319092104_75fd416f-2427-4f78-9b11-a870990c764e.sql,123,ghost_call_sessions_v2,created_at,"timestamptz"
20260319092104_75fd416f-2427-4f78-9b11-a870990c764e.sql,124,ghost_call_sessions_v2,updated_at,"timestamptz"
20260319092104_75fd416f-2427-4f78-9b11-a870990c764e.sql,140,ghost_call_signals_v2,id,"uuid"
20260319092104_75fd416f-2427-4f78-9b11-a870990c764e.sql,141,ghost_call_signals_v2,call_session_id,"uuid"
20260319092104_75fd416f-2427-4f78-9b11-a870990c764e.sql,142,ghost_call_signals_v2,sender_ghost_profile_id,"uuid"
20260319092104_75fd416f-2427-4f78-9b11-a870990c764e.sql,143,ghost_call_signals_v2,receiver_ghost_profile_id,"uuid"
20260319092104_75fd416f-2427-4f78-9b11-a870990c764e.sql,144,ghost_call_signals_v2,signal_type,"text"
20260319092104_75fd416f-2427-4f78-9b11-a870990c764e.sql,145,ghost_call_signals_v2,encrypted_payload,"text"
20260319092104_75fd416f-2427-4f78-9b11-a870990c764e.sql,146,ghost_call_signals_v2,consumed,"boolean"
20260319092104_75fd416f-2427-4f78-9b11-a870990c764e.sql,147,ghost_call_signals_v2,expires_at,"timestamptz"
20260319092104_75fd416f-2427-4f78-9b11-a870990c764e.sql,148,ghost_call_signals_v2,created_at,"timestamptz"
20260319092104_75fd416f-2427-4f78-9b11-a870990c764e.sql,164,ghost_qr_targets,id,"uuid"
20260319092104_75fd416f-2427-4f78-9b11-a870990c764e.sql,165,ghost_qr_targets,ghost_profile_id,"uuid"
20260319092104_75fd416f-2427-4f78-9b11-a870990c764e.sql,166,ghost_qr_targets,target_code,"text"
20260319092104_75fd416f-2427-4f78-9b11-a870990c764e.sql,167,ghost_qr_targets,target_type,"text"
20260319092104_75fd416f-2427-4f78-9b11-a870990c764e.sql,168,ghost_qr_targets,encrypted_payload,"text"
20260319092104_75fd416f-2427-4f78-9b11-a870990c764e.sql,169,ghost_qr_targets,max_uses,"int"
20260319092104_75fd416f-2427-4f78-9b11-a870990c764e.sql,170,ghost_qr_targets,use_count,"int"
20260319092104_75fd416f-2427-4f78-9b11-a870990c764e.sql,171,ghost_qr_targets,expires_at,"timestamptz"
20260319092104_75fd416f-2427-4f78-9b11-a870990c764e.sql,172,ghost_qr_targets,active,"boolean"
20260319092104_75fd416f-2427-4f78-9b11-a870990c764e.sql,173,ghost_qr_targets,created_at,"timestamptz"
20260319092104_75fd416f-2427-4f78-9b11-a870990c764e.sql,184,ghost_audit_minimal,id,"uuid"
20260319092104_75fd416f-2427-4f78-9b11-a870990c764e.sql,185,ghost_audit_minimal,ghost_profile_id,"uuid"
20260319092104_75fd416f-2427-4f78-9b11-a870990c764e.sql,186,ghost_audit_minimal,event_type,"text"
20260319092104_75fd416f-2427-4f78-9b11-a870990c764e.sql,187,ghost_audit_minimal,severity,"text"
20260319092104_75fd416f-2427-4f78-9b11-a870990c764e.sql,188,ghost_audit_minimal,minimal_detail,"text"
20260319092104_75fd416f-2427-4f78-9b11-a870990c764e.sql,189,ghost_audit_minimal,created_at,"timestamptz"
20260319093056_62aa5133-768c-4c7a-bf05-df98afb40a0c.sql,6,call_device_identities,id,"uuid"
20260319093056_62aa5133-768c-4c7a-bf05-df98afb40a0c.sql,7,call_device_identities,user_id,"uuid"
20260319093056_62aa5133-768c-4c7a-bf05-df98afb40a0c.sql,8,call_device_identities,device_id,"text"
20260319093056_62aa5133-768c-4c7a-bf05-df98afb40a0c.sql,9,call_device_identities,public_key_jwk,"jsonb"
20260319093056_62aa5133-768c-4c7a-bf05-df98afb40a0c.sql,10,call_device_identities,key_version,"int"
20260319093056_62aa5133-768c-4c7a-bf05-df98afb40a0c.sql,11,call_device_identities,trusted,"boolean"
20260319093056_62aa5133-768c-4c7a-bf05-df98afb40a0c.sql,12,call_device_identities,created_at,"timestamptz"
20260319093056_62aa5133-768c-4c7a-bf05-df98afb40a0c.sql,13,call_device_identities,last_seen_at,"timestamptz"
20260319093056_62aa5133-768c-4c7a-bf05-df98afb40a0c.sql,24,call_auth_tokens,id,"uuid"
20260319093056_62aa5133-768c-4c7a-bf05-df98afb40a0c.sql,25,call_auth_tokens,user_id,"uuid"
20260319093056_62aa5133-768c-4c7a-bf05-df98afb40a0c.sql,26,call_auth_tokens,room_id,"uuid"
20260319093056_62aa5133-768c-4c7a-bf05-df98afb40a0c.sql,27,call_auth_tokens,token_hash,"text"
20260319093056_62aa5133-768c-4c7a-bf05-df98afb40a0c.sql,28,call_auth_tokens,scope,"text"
20260319093056_62aa5133-768c-4c7a-bf05-df98afb40a0c.sql,29,call_auth_tokens,expires_at,"timestamptz"
20260319093056_62aa5133-768c-4c7a-bf05-df98afb40a0c.sql,30,call_auth_tokens,used_at,"timestamptz"
20260319093056_62aa5133-768c-4c7a-bf05-df98afb40a0c.sql,31,call_auth_tokens,created_at,"timestamptz"
20260319093056_62aa5133-768c-4c7a-bf05-df98afb40a0c.sql,41,call_security_events,id,"uuid"
20260319093056_62aa5133-768c-4c7a-bf05-df98afb40a0c.sql,42,call_security_events,room_id,"uuid"
20260319093056_62aa5133-768c-4c7a-bf05-df98afb40a0c.sql,43,call_security_events,user_id,"uuid"
20260319093056_62aa5133-768c-4c7a-bf05-df98afb40a0c.sql,44,call_security_events,event_type,"text"
20260319093056_62aa5133-768c-4c7a-bf05-df98afb40a0c.sql,45,call_security_events,severity,"text"
20260319093056_62aa5133-768c-4c7a-bf05-df98afb40a0c.sql,46,call_security_events,detail_minimal,"text"
20260319093056_62aa5133-768c-4c7a-bf05-df98afb40a0c.sql,47,call_security_events,created_at,"timestamptz"
20260319094136_ad05ea6d-c05f-4d8d-a40f-0953f219da10.sql,4,wallet_payment_intents,id,"uuid"
20260319094136_ad05ea6d-c05f-4d8d-a40f-0953f219da10.sql,5,wallet_payment_intents,user_id,"uuid"
20260319094136_ad05ea6d-c05f-4d8d-a40f-0953f219da10.sql,6,wallet_payment_intents,merchant_id,"uuid"
20260319094136_ad05ea6d-c05f-4d8d-a40f-0953f219da10.sql,7,wallet_payment_intents,recipient_user_id,"uuid"
20260319094136_ad05ea6d-c05f-4d8d-a40f-0953f219da10.sql,8,wallet_payment_intents,amount,"numeric"
20260319094136_ad05ea6d-c05f-4d8d-a40f-0953f219da10.sql,9,wallet_payment_intents,currency,"text"
20260319094136_ad05ea6d-c05f-4d8d-a40f-0953f219da10.sql,10,wallet_payment_intents,country_code,"text"
20260319094136_ad05ea6d-c05f-4d8d-a40f-0953f219da10.sql,11,wallet_payment_intents,nonce,"text"
20260319094136_ad05ea6d-c05f-4d8d-a40f-0953f219da10.sql,12,wallet_payment_intents,status,"text"
20260319094136_ad05ea6d-c05f-4d8d-a40f-0953f219da10.sql,13,wallet_payment_intents,risk_level,"text"
20260319094136_ad05ea6d-c05f-4d8d-a40f-0953f219da10.sql,14,wallet_payment_intents,expires_at,"timestamptz"
20260319094136_ad05ea6d-c05f-4d8d-a40f-0953f219da10.sql,15,wallet_payment_intents,metadata_json,"jsonb"
20260319094136_ad05ea6d-c05f-4d8d-a40f-0953f219da10.sql,16,wallet_payment_intents,created_at,"timestamptz"
20260319094136_ad05ea6d-c05f-4d8d-a40f-0953f219da10.sql,17,wallet_payment_intents,updated_at,"timestamptz"
20260319094422_fc5d2c3e-a5f4-401d-a91c-512c8eaf1151.sql,4,property_units,id,"uuid"
20260319094422_fc5d2c3e-a5f4-401d-a91c-512c8eaf1151.sql,5,property_units,property_id,"uuid"
20260319094422_fc5d2c3e-a5f4-401d-a91c-512c8eaf1151.sql,6,property_units,unit_number,"text"
20260319094422_fc5d2c3e-a5f4-401d-a91c-512c8eaf1151.sql,7,property_units,floor,"integer"
20260319094422_fc5d2c3e-a5f4-401d-a91c-512c8eaf1151.sql,8,property_units,bedrooms,"integer"
20260319094422_fc5d2c3e-a5f4-401d-a91c-512c8eaf1151.sql,9,property_units,bathrooms,"integer"
20260319094422_fc5d2c3e-a5f4-401d-a91c-512c8eaf1151.sql,10,property_units,size_sqm,"numeric"
20260319094422_fc5d2c3e-a5f4-401d-a91c-512c8eaf1151.sql,11,property_units,rent_amount,"numeric"
20260319094422_fc5d2c3e-a5f4-401d-a91c-512c8eaf1151.sql,12,property_units,currency,"text"
20260319094422_fc5d2c3e-a5f4-401d-a91c-512c8eaf1151.sql,13,property_units,status,"text"
20260319094422_fc5d2c3e-a5f4-401d-a91c-512c8eaf1151.sql,14,property_units,notes,"text"
20260319094422_fc5d2c3e-a5f4-401d-a91c-512c8eaf1151.sql,15,property_units,created_at,"timestamptz"
20260319094422_fc5d2c3e-a5f4-401d-a91c-512c8eaf1151.sql,16,property_units,updated_at,"timestamptz"
20260319094422_fc5d2c3e-a5f4-401d-a91c-512c8eaf1151.sql,21,rent_payments,id,"uuid"
20260319094422_fc5d2c3e-a5f4-401d-a91c-512c8eaf1151.sql,22,rent_payments,lease_id,"uuid"
20260319094422_fc5d2c3e-a5f4-401d-a91c-512c8eaf1151.sql,23,rent_payments,tenant_id,"uuid"
20260319094422_fc5d2c3e-a5f4-401d-a91c-512c8eaf1151.sql,24,rent_payments,property_id,"uuid"
20260319094422_fc5d2c3e-a5f4-401d-a91c-512c8eaf1151.sql,25,rent_payments,due_date,"date"
20260319094422_fc5d2c3e-a5f4-401d-a91c-512c8eaf1151.sql,26,rent_payments,paid_at,"timestamptz"
20260319094422_fc5d2c3e-a5f4-401d-a91c-512c8eaf1151.sql,27,rent_payments,amount,"numeric"
20260319094422_fc5d2c3e-a5f4-401d-a91c-512c8eaf1151.sql,28,rent_payments,currency,"text"
20260319094422_fc5d2c3e-a5f4-401d-a91c-512c8eaf1151.sql,29,rent_payments,status,"text"
20260319094422_fc5d2c3e-a5f4-401d-a91c-512c8eaf1151.sql,30,rent_payments,payment_method,"text"
20260319094422_fc5d2c3e-a5f4-401d-a91c-512c8eaf1151.sql,31,rent_payments,reference,"text"
20260319094422_fc5d2c3e-a5f4-401d-a91c-512c8eaf1151.sql,32,rent_payments,notes,"text"
20260319094422_fc5d2c3e-a5f4-401d-a91c-512c8eaf1151.sql,33,rent_payments,created_at,"timestamptz"
20260319094422_fc5d2c3e-a5f4-401d-a91c-512c8eaf1151.sql,34,rent_payments,updated_at,"timestamptz"
20260319094422_fc5d2c3e-a5f4-401d-a91c-512c8eaf1151.sql,39,property_documents,id,"uuid"
20260319094422_fc5d2c3e-a5f4-401d-a91c-512c8eaf1151.sql,40,property_documents,property_id,"uuid"
20260319094422_fc5d2c3e-a5f4-401d-a91c-512c8eaf1151.sql,41,property_documents,unit_id,"uuid"
20260319094422_fc5d2c3e-a5f4-401d-a91c-512c8eaf1151.sql,42,property_documents,lease_id,"uuid"
20260319094422_fc5d2c3e-a5f4-401d-a91c-512c8eaf1151.sql,43,property_documents,tenant_id,"uuid"
20260319094422_fc5d2c3e-a5f4-401d-a91c-512c8eaf1151.sql,44,property_documents,org_id,"uuid"
20260319094422_fc5d2c3e-a5f4-401d-a91c-512c8eaf1151.sql,45,property_documents,user_id,"uuid"
20260319094422_fc5d2c3e-a5f4-401d-a91c-512c8eaf1151.sql,46,property_documents,doc_type,"text"
20260319094422_fc5d2c3e-a5f4-401d-a91c-512c8eaf1151.sql,47,property_documents,title,"text"
20260319094422_fc5d2c3e-a5f4-401d-a91c-512c8eaf1151.sql,48,property_documents,file_url,"text"
20260319094422_fc5d2c3e-a5f4-401d-a91c-512c8eaf1151.sql,49,property_documents,created_at,"timestamptz"
20260319193353_2dd8bcce-d806-4660-9995-6b532f5525b7.sql,5,dino_runs,id,"uuid"
20260319193353_2dd8bcce-d806-4660-9995-6b532f5525b7.sql,6,dino_runs,run_type,"text"
20260319193353_2dd8bcce-d806-4660-9995-6b532f5525b7.sql,7,dino_runs,started_at,"timestamptz"
20260319193353_2dd8bcce-d806-4660-9995-6b532f5525b7.sql,8,dino_runs,ended_at,"timestamptz"
20260319193353_2dd8bcce-d806-4660-9995-6b532f5525b7.sql,9,dino_runs,scanned_pages,"int"
20260319193353_2dd8bcce-d806-4660-9995-6b532f5525b7.sql,10,dino_runs,issues_found,"int"
20260319193353_2dd8bcce-d806-4660-9995-6b532f5525b7.sql,11,dino_runs,issues_fixed,"int"
20260319193353_2dd8bcce-d806-4660-9995-6b532f5525b7.sql,12,dino_runs,status,"text"
20260319193353_2dd8bcce-d806-4660-9995-6b532f5525b7.sql,13,dino_runs,summary_json,"jsonb"
20260319193353_2dd8bcce-d806-4660-9995-6b532f5525b7.sql,14,dino_runs,created_by,"uuid"
20260319193353_2dd8bcce-d806-4660-9995-6b532f5525b7.sql,18,dino_issues,id,"uuid"
20260319193353_2dd8bcce-d806-4660-9995-6b532f5525b7.sql,19,dino_issues,run_id,"uuid"
20260319193353_2dd8bcce-d806-4660-9995-6b532f5525b7.sql,20,dino_issues,severity,"text"
20260319193353_2dd8bcce-d806-4660-9995-6b532f5525b7.sql,21,dino_issues,issue_type,"text"
20260319193353_2dd8bcce-d806-4660-9995-6b532f5525b7.sql,22,dino_issues,route,"text"
20260319193353_2dd8bcce-d806-4660-9995-6b532f5525b7.sql,23,dino_issues,component,"text"
20260319193353_2dd8bcce-d806-4660-9995-6b532f5525b7.sql,24,dino_issues,summary,"text"
20260319193353_2dd8bcce-d806-4660-9995-6b532f5525b7.sql,25,dino_issues,details_json,"jsonb"
20260319193353_2dd8bcce-d806-4660-9995-6b532f5525b7.sql,26,dino_issues,auto_fixable,"boolean"
20260319193353_2dd8bcce-d806-4660-9995-6b532f5525b7.sql,27,dino_issues,fixability,"text"
20260319193353_2dd8bcce-d806-4660-9995-6b532f5525b7.sql,28,dino_issues,status,"text"
20260319193353_2dd8bcce-d806-4660-9995-6b532f5525b7.sql,29,dino_issues,created_at,"timestamptz"
20260319193353_2dd8bcce-d806-4660-9995-6b532f5525b7.sql,30,dino_issues,resolved_at,"timestamptz"
20260319193353_2dd8bcce-d806-4660-9995-6b532f5525b7.sql,34,journey_events,id,"uuid"
20260319193353_2dd8bcce-d806-4660-9995-6b532f5525b7.sql,35,journey_events,actor_type,"text"
20260319193353_2dd8bcce-d806-4660-9995-6b532f5525b7.sql,36,journey_events,actor_id,"uuid"
20260319193353_2dd8bcce-d806-4660-9995-6b532f5525b7.sql,37,journey_events,event_name,"text"
20260319193353_2dd8bcce-d806-4660-9995-6b532f5525b7.sql,38,journey_events,route,"text"
20260319193353_2dd8bcce-d806-4660-9995-6b532f5525b7.sql,39,journey_events,context_json,"jsonb"
20260319193353_2dd8bcce-d806-4660-9995-6b532f5525b7.sql,40,journey_events,country,"text"
20260319193353_2dd8bcce-d806-4660-9995-6b532f5525b7.sql,41,journey_events,language,"text"
20260319193353_2dd8bcce-d806-4660-9995-6b532f5525b7.sql,42,journey_events,device_type,"text"
20260319193353_2dd8bcce-d806-4660-9995-6b532f5525b7.sql,43,journey_events,created_at,"timestamptz"
20260319193353_2dd8bcce-d806-4660-9995-6b532f5525b7.sql,47,media_assets,id,"uuid"
20260319193353_2dd8bcce-d806-4660-9995-6b532f5525b7.sql,48,media_assets,owner_type,"text"
20260319193353_2dd8bcce-d806-4660-9995-6b532f5525b7.sql,49,media_assets,owner_id,"uuid"
20260319193353_2dd8bcce-d806-4660-9995-6b532f5525b7.sql,50,media_assets,asset_type,"text"
20260319193353_2dd8bcce-d806-4660-9995-6b532f5525b7.sql,51,media_assets,original_url,"text"
20260319193353_2dd8bcce-d806-4660-9995-6b532f5525b7.sql,52,media_assets,normalized_url,"text"
20260319193353_2dd8bcce-d806-4660-9995-6b532f5525b7.sql,53,media_assets,profile_name,"text"
20260319193353_2dd8bcce-d806-4660-9995-6b532f5525b7.sql,54,media_assets,width,"int"
20260319193353_2dd8bcce-d806-4660-9995-6b532f5525b7.sql,55,media_assets,height,"int"
20260319193353_2dd8bcce-d806-4660-9995-6b532f5525b7.sql,56,media_assets,status,"text"
20260319193353_2dd8bcce-d806-4660-9995-6b532f5525b7.sql,57,media_assets,created_at,"timestamptz"
20260319193353_2dd8bcce-d806-4660-9995-6b532f5525b7.sql,61,category_cleanup_tasks,id,"uuid"
20260319193353_2dd8bcce-d806-4660-9995-6b532f5525b7.sql,62,category_cleanup_tasks,entity_type,"text"
20260319193353_2dd8bcce-d806-4660-9995-6b532f5525b7.sql,63,category_cleanup_tasks,entity_id,"uuid"
20260319193353_2dd8bcce-d806-4660-9995-6b532f5525b7.sql,64,category_cleanup_tasks,old_value,"text"
20260319193353_2dd8bcce-d806-4660-9995-6b532f5525b7.sql,65,category_cleanup_tasks,proposed_value,"text"
20260319193353_2dd8bcce-d806-4660-9995-6b532f5525b7.sql,66,category_cleanup_tasks,applied,"boolean"
20260319193353_2dd8bcce-d806-4660-9995-6b532f5525b7.sql,67,category_cleanup_tasks,created_at,"timestamptz"
20260319193353_2dd8bcce-d806-4660-9995-6b532f5525b7.sql,71,onboarding_audit,id,"uuid"
20260319193353_2dd8bcce-d806-4660-9995-6b532f5525b7.sql,72,onboarding_audit,flow_key,"text"
20260319193353_2dd8bcce-d806-4660-9995-6b532f5525b7.sql,73,onboarding_audit,step_key,"text"
20260319193353_2dd8bcce-d806-4660-9995-6b532f5525b7.sql,74,onboarding_audit,status,"text"
20260319193353_2dd8bcce-d806-4660-9995-6b532f5525b7.sql,75,onboarding_audit,issue_count,"int"
20260319193353_2dd8bcce-d806-4660-9995-6b532f5525b7.sql,76,onboarding_audit,recoverable,"boolean"
20260319193353_2dd8bcce-d806-4660-9995-6b532f5525b7.sql,77,onboarding_audit,notes_json,"jsonb"
20260319193353_2dd8bcce-d806-4660-9995-6b532f5525b7.sql,78,onboarding_audit,updated_at,"timestamptz"
20260319195710_083a10ae-8ead-49bc-b927-cb160620c95f.sql,3,dino_sync_jobs,id,"uuid"
20260319195710_083a10ae-8ead-49bc-b927-cb160620c95f.sql,4,dino_sync_jobs,job_type,"text"
20260319195710_083a10ae-8ead-49bc-b927-cb160620c95f.sql,5,dino_sync_jobs,entity_type,"text"
20260319195710_083a10ae-8ead-49bc-b927-cb160620c95f.sql,6,dino_sync_jobs,entity_id,"text"
20260319195710_083a10ae-8ead-49bc-b927-cb160620c95f.sql,7,dino_sync_jobs,payload_json,"jsonb"
20260319195710_083a10ae-8ead-49bc-b927-cb160620c95f.sql,8,dino_sync_jobs,priority,"integer"
20260319195710_083a10ae-8ead-49bc-b927-cb160620c95f.sql,9,dino_sync_jobs,status,"text"
20260319195710_083a10ae-8ead-49bc-b927-cb160620c95f.sql,10,dino_sync_jobs,attempts,"integer"
20260319195710_083a10ae-8ead-49bc-b927-cb160620c95f.sql,11,dino_sync_jobs,last_error,"text"
20260319195710_083a10ae-8ead-49bc-b927-cb160620c95f.sql,12,dino_sync_jobs,scheduled_at,"timestamptz"
20260319195710_083a10ae-8ead-49bc-b927-cb160620c95f.sql,13,dino_sync_jobs,started_at,"timestamptz"
20260319195710_083a10ae-8ead-49bc-b927-cb160620c95f.sql,14,dino_sync_jobs,finished_at,"timestamptz"
20260319195710_083a10ae-8ead-49bc-b927-cb160620c95f.sql,15,dino_sync_jobs,created_at,"timestamptz"
20260319195710_083a10ae-8ead-49bc-b927-cb160620c95f.sql,19,dino_quality_scores,id,"uuid"
20260319195710_083a10ae-8ead-49bc-b927-cb160620c95f.sql,20,dino_quality_scores,route,"text"
20260319195710_083a10ae-8ead-49bc-b927-cb160620c95f.sql,21,dino_quality_scores,entity_type,"text"
20260319195710_083a10ae-8ead-49bc-b927-cb160620c95f.sql,22,dino_quality_scores,entity_id,"text"
20260319195710_083a10ae-8ead-49bc-b927-cb160620c95f.sql,23,dino_quality_scores,ui_score,"integer"
20260319195710_083a10ae-8ead-49bc-b927-cb160620c95f.sql,24,dino_quality_scores,ux_score,"integer"
20260319195710_083a10ae-8ead-49bc-b927-cb160620c95f.sql,25,dino_quality_scores,stability_score,"integer"
20260319195710_083a10ae-8ead-49bc-b927-cb160620c95f.sql,26,dino_quality_scores,media_score,"integer"
20260319195710_083a10ae-8ead-49bc-b927-cb160620c95f.sql,27,dino_quality_scores,i18n_score,"integer"
20260319195710_083a10ae-8ead-49bc-b927-cb160620c95f.sql,28,dino_quality_scores,category_score,"integer"
20260319195710_083a10ae-8ead-49bc-b927-cb160620c95f.sql,29,dino_quality_scores,total_score,"integer"
20260319195710_083a10ae-8ead-49bc-b927-cb160620c95f.sql,30,dino_quality_scores,score_details,"jsonb"
20260319195710_083a10ae-8ead-49bc-b927-cb160620c95f.sql,31,dino_quality_scores,updated_at,"timestamptz"
20260319195710_083a10ae-8ead-49bc-b927-cb160620c95f.sql,35,dino_notifications,id,"uuid"
20260319195710_083a10ae-8ead-49bc-b927-cb160620c95f.sql,36,dino_notifications,actor_type,"text"
20260319195710_083a10ae-8ead-49bc-b927-cb160620c95f.sql,37,dino_notifications,actor_id,"text"
20260319195710_083a10ae-8ead-49bc-b927-cb160620c95f.sql,38,dino_notifications,channel,"text"
20260319195710_083a10ae-8ead-49bc-b927-cb160620c95f.sql,39,dino_notifications,template_key,"text"
20260319195710_083a10ae-8ead-49bc-b927-cb160620c95f.sql,40,dino_notifications,payload_json,"jsonb"
20260319195710_083a10ae-8ead-49bc-b927-cb160620c95f.sql,41,dino_notifications,status,"text"
20260319195710_083a10ae-8ead-49bc-b927-cb160620c95f.sql,42,dino_notifications,provider_message_id,"text"
20260319195710_083a10ae-8ead-49bc-b927-cb160620c95f.sql,43,dino_notifications,error_message,"text"
20260319195710_083a10ae-8ead-49bc-b927-cb160620c95f.sql,44,dino_notifications,sent_at,"timestamptz"
20260319195710_083a10ae-8ead-49bc-b927-cb160620c95f.sql,45,dino_notifications,created_at,"timestamptz"
20260319195710_083a10ae-8ead-49bc-b927-cb160620c95f.sql,49,dino_entity_state,id,"uuid"
20260319195710_083a10ae-8ead-49bc-b927-cb160620c95f.sql,50,dino_entity_state,entity_type,"text"
20260319195710_083a10ae-8ead-49bc-b927-cb160620c95f.sql,51,dino_entity_state,entity_id,"text"
20260319195710_083a10ae-8ead-49bc-b927-cb160620c95f.sql,52,dino_entity_state,state_key,"text"
20260319195710_083a10ae-8ead-49bc-b927-cb160620c95f.sql,53,dino_entity_state,state_value,"jsonb"
20260319195710_083a10ae-8ead-49bc-b927-cb160620c95f.sql,54,dino_entity_state,updated_at,"timestamptz"
20260319200342_517fc9b0-8c37-4efb-9865-467d2733fa8c.sql,3,dino_page_audits,id,"uuid"
20260319200342_517fc9b0-8c37-4efb-9865-467d2733fa8c.sql,4,dino_page_audits,route,"text"
20260319200342_517fc9b0-8c37-4efb-9865-467d2733fa8c.sql,5,dino_page_audits,page_key,"text"
20260319200342_517fc9b0-8c37-4efb-9865-467d2733fa8c.sql,6,dino_page_audits,actor_type,"text"
20260319200342_517fc9b0-8c37-4efb-9865-467d2733fa8c.sql,7,dino_page_audits,actor_id,"text"
20260319200342_517fc9b0-8c37-4efb-9865-467d2733fa8c.sql,8,dino_page_audits,country,"text"
20260319200342_517fc9b0-8c37-4efb-9865-467d2733fa8c.sql,9,dino_page_audits,language,"text"
20260319200342_517fc9b0-8c37-4efb-9865-467d2733fa8c.sql,10,dino_page_audits,audit_json,"jsonb"
20260319200342_517fc9b0-8c37-4efb-9865-467d2733fa8c.sql,11,dino_page_audits,created_at,"timestamptz"
20260319200342_517fc9b0-8c37-4efb-9865-467d2733fa8c.sql,15,dino_media_rules,id,"uuid"
20260319200342_517fc9b0-8c37-4efb-9865-467d2733fa8c.sql,16,dino_media_rules,asset_type,"text"
20260319200342_517fc9b0-8c37-4efb-9865-467d2733fa8c.sql,17,dino_media_rules,width,"integer"
20260319200342_517fc9b0-8c37-4efb-9865-467d2733fa8c.sql,18,dino_media_rules,height,"integer"
20260319200342_517fc9b0-8c37-4efb-9865-467d2733fa8c.sql,19,dino_media_rules,crop,"text"
20260319200342_517fc9b0-8c37-4efb-9865-467d2733fa8c.sql,20,dino_media_rules,quality,"text"
20260319200342_517fc9b0-8c37-4efb-9865-467d2733fa8c.sql,21,dino_media_rules,active,"boolean"
20260319200342_517fc9b0-8c37-4efb-9865-467d2733fa8c.sql,22,dino_media_rules,created_at,"timestamptz"
20260319200342_517fc9b0-8c37-4efb-9865-467d2733fa8c.sql,26,dino_route_registry,id,"uuid"
20260319200342_517fc9b0-8c37-4efb-9865-467d2733fa8c.sql,27,dino_route_registry,route,"text"
20260319200342_517fc9b0-8c37-4efb-9865-467d2733fa8c.sql,28,dino_route_registry,page_key,"text"
20260319200342_517fc9b0-8c37-4efb-9865-467d2733fa8c.sql,29,dino_route_registry,service_key,"text"
20260319200342_517fc9b0-8c37-4efb-9865-467d2733fa8c.sql,30,dino_route_registry,active,"boolean"
20260319200342_517fc9b0-8c37-4efb-9865-467d2733fa8c.sql,31,dino_route_registry,requires_auth,"boolean"
20260319200342_517fc9b0-8c37-4efb-9865-467d2733fa8c.sql,32,dino_route_registry,created_at,"timestamptz"
20260319201844_e38a7289-e15c-42b7-bbc1-49340a92395f.sql,6,dino_learning_events,id,"uuid"
20260319201844_e38a7289-e15c-42b7-bbc1-49340a92395f.sql,7,dino_learning_events,event_type,"text"
20260319201844_e38a7289-e15c-42b7-bbc1-49340a92395f.sql,8,dino_learning_events,entity_type,"text"
20260319201844_e38a7289-e15c-42b7-bbc1-49340a92395f.sql,9,dino_learning_events,entity_id,"text"
20260319201844_e38a7289-e15c-42b7-bbc1-49340a92395f.sql,10,dino_learning_events,metric,"text"
20260319201844_e38a7289-e15c-42b7-bbc1-49340a92395f.sql,11,dino_learning_events,previous_value,"numeric"
20260319201844_e38a7289-e15c-42b7-bbc1-49340a92395f.sql,12,dino_learning_events,new_value,"numeric"
20260319201844_e38a7289-e15c-42b7-bbc1-49340a92395f.sql,13,dino_learning_events,metadata_json,"jsonb"
20260319201844_e38a7289-e15c-42b7-bbc1-49340a92395f.sql,14,dino_learning_events,created_at,"timestamptz"
20260319201844_e38a7289-e15c-42b7-bbc1-49340a92395f.sql,19,dino_pro_performance,id,"uuid"
20260319201844_e38a7289-e15c-42b7-bbc1-49340a92395f.sql,20,dino_pro_performance,pro_id,"text"
20260319201844_e38a7289-e15c-42b7-bbc1-49340a92395f.sql,21,dino_pro_performance,pro_type,"text"
20260319201844_e38a7289-e15c-42b7-bbc1-49340a92395f.sql,22,dino_pro_performance,overall_score,"integer"
20260319201844_e38a7289-e15c-42b7-bbc1-49340a92395f.sql,23,dino_pro_performance,tier,"text"
20260319201844_e38a7289-e15c-42b7-bbc1-49340a92395f.sql,24,dino_pro_performance,response_rate,"numeric"
20260319201844_e38a7289-e15c-42b7-bbc1-49340a92395f.sql,25,dino_pro_performance,completion_rate,"numeric"
20260319201844_e38a7289-e15c-42b7-bbc1-49340a92395f.sql,26,dino_pro_performance,conversion_rate,"numeric"
20260319201844_e38a7289-e15c-42b7-bbc1-49340a92395f.sql,27,dino_pro_performance,profile_quality,"integer"
20260319201844_e38a7289-e15c-42b7-bbc1-49340a92395f.sql,28,dino_pro_performance,media_quality,"integer"
20260319201844_e38a7289-e15c-42b7-bbc1-49340a92395f.sql,29,dino_pro_performance,improvements_json,"jsonb"
20260319201844_e38a7289-e15c-42b7-bbc1-49340a92395f.sql,30,dino_pro_performance,visibility_penalty,"boolean"
20260319201844_e38a7289-e15c-42b7-bbc1-49340a92395f.sql,31,dino_pro_performance,updated_at,"timestamptz"
20260319201844_e38a7289-e15c-42b7-bbc1-49340a92395f.sql,36,dino_market_balance,id,"uuid"
20260319201844_e38a7289-e15c-42b7-bbc1-49340a92395f.sql,37,dino_market_balance,category_id,"text"
20260319201844_e38a7289-e15c-42b7-bbc1-49340a92395f.sql,38,dino_market_balance,category_name,"text"
20260319201844_e38a7289-e15c-42b7-bbc1-49340a92395f.sql,39,dino_market_balance,listing_count,"integer"
20260319201844_e38a7289-e15c-42b7-bbc1-49340a92395f.sql,40,dino_market_balance,active_listings,"integer"
20260319201844_e38a7289-e15c-42b7-bbc1-49340a92395f.sql,41,dino_market_balance,avg_quality,"integer"
20260319201844_e38a7289-e15c-42b7-bbc1-49340a92395f.sql,42,dino_market_balance,demand_signal,"numeric"
20260319201844_e38a7289-e15c-42b7-bbc1-49340a92395f.sql,43,dino_market_balance,location_key,"text"
20260319201844_e38a7289-e15c-42b7-bbc1-49340a92395f.sql,44,dino_market_balance,actions_json,"jsonb"
20260319201844_e38a7289-e15c-42b7-bbc1-49340a92395f.sql,45,dino_market_balance,created_at,"timestamptz"
20260319201844_e38a7289-e15c-42b7-bbc1-49340a92395f.sql,50,dino_conversion_funnels,id,"uuid"
20260319201844_e38a7289-e15c-42b7-bbc1-49340a92395f.sql,51,dino_conversion_funnels,funnel_type,"text"
20260319201844_e38a7289-e15c-42b7-bbc1-49340a92395f.sql,52,dino_conversion_funnels,steps_json,"jsonb"
20260319201844_e38a7289-e15c-42b7-bbc1-49340a92395f.sql,53,dino_conversion_funnels,drops_json,"jsonb"
20260319201844_e38a7289-e15c-42b7-bbc1-49340a92395f.sql,54,dino_conversion_funnels,total_entries,"integer"
20260319201844_e38a7289-e15c-42b7-bbc1-49340a92395f.sql,55,dino_conversion_funnels,total_completions,"integer"
20260319201844_e38a7289-e15c-42b7-bbc1-49340a92395f.sql,56,dino_conversion_funnels,conversion_rate,"numeric"
20260319201844_e38a7289-e15c-42b7-bbc1-49340a92395f.sql,57,dino_conversion_funnels,created_at,"timestamptz"
20260319201844_e38a7289-e15c-42b7-bbc1-49340a92395f.sql,62,dino_ux_adaptations,id,"uuid"
20260319201844_e38a7289-e15c-42b7-bbc1-49340a92395f.sql,63,dino_ux_adaptations,route,"text"
20260319201844_e38a7289-e15c-42b7-bbc1-49340a92395f.sql,64,dino_ux_adaptations,action,"text"
20260319201844_e38a7289-e15c-42b7-bbc1-49340a92395f.sql,65,dino_ux_adaptations,parameter,"text"
20260319201844_e38a7289-e15c-42b7-bbc1-49340a92395f.sql,66,dino_ux_adaptations,current_value,"text"
20260319201844_e38a7289-e15c-42b7-bbc1-49340a92395f.sql,67,dino_ux_adaptations,suggested_value,"text"
20260319201844_e38a7289-e15c-42b7-bbc1-49340a92395f.sql,68,dino_ux_adaptations,confidence,"numeric"
20260319201844_e38a7289-e15c-42b7-bbc1-49340a92395f.sql,69,dino_ux_adaptations,reason,"text"
20260319201844_e38a7289-e15c-42b7-bbc1-49340a92395f.sql,70,dino_ux_adaptations,status,"text"
20260319201844_e38a7289-e15c-42b7-bbc1-49340a92395f.sql,71,dino_ux_adaptations,created_at,"timestamptz"
20260319202547_de8106db-ee19-49e2-88fb-0f0cacdf36ab.sql,6,dino_predictions,id,"uuid"
20260319202547_de8106db-ee19-49e2-88fb-0f0cacdf36ab.sql,7,dino_predictions,route,"text"
20260319202547_de8106db-ee19-49e2-88fb-0f0cacdf36ab.sql,8,dino_predictions,risk_level,"text"
20260319202547_de8106db-ee19-49e2-88fb-0f0cacdf36ab.sql,9,dino_predictions,risk_score,"integer"
20260319202547_de8106db-ee19-49e2-88fb-0f0cacdf36ab.sql,10,dino_predictions,predicted_issues,"jsonb"
20260319202547_de8106db-ee19-49e2-88fb-0f0cacdf36ab.sql,11,dino_predictions,recommended_actions,"jsonb"
20260319202547_de8106db-ee19-49e2-88fb-0f0cacdf36ab.sql,12,dino_predictions,resolved,"boolean"
20260319202547_de8106db-ee19-49e2-88fb-0f0cacdf36ab.sql,13,dino_predictions,created_at,"timestamptz"
20260319202547_de8106db-ee19-49e2-88fb-0f0cacdf36ab.sql,18,dino_expansion_opportunities,id,"uuid"
20260319202547_de8106db-ee19-49e2-88fb-0f0cacdf36ab.sql,19,dino_expansion_opportunities,country,"text"
20260319202547_de8106db-ee19-49e2-88fb-0f0cacdf36ab.sql,20,dino_expansion_opportunities,city,"text"
20260319202547_de8106db-ee19-49e2-88fb-0f0cacdf36ab.sql,21,dino_expansion_opportunities,district,"text"
20260319202547_de8106db-ee19-49e2-88fb-0f0cacdf36ab.sql,22,dino_expansion_opportunities,category,"text"
20260319202547_de8106db-ee19-49e2-88fb-0f0cacdf36ab.sql,23,dino_expansion_opportunities,gap_score,"integer"
20260319202547_de8106db-ee19-49e2-88fb-0f0cacdf36ab.sql,24,dino_expansion_opportunities,priority,"text"
20260319202547_de8106db-ee19-49e2-88fb-0f0cacdf36ab.sql,25,dino_expansion_opportunities,estimated_demand,"numeric"
20260319202547_de8106db-ee19-49e2-88fb-0f0cacdf36ab.sql,26,dino_expansion_opportunities,current_supply,"integer"
20260319202547_de8106db-ee19-49e2-88fb-0f0cacdf36ab.sql,27,dino_expansion_opportunities,action,"text"
20260319202547_de8106db-ee19-49e2-88fb-0f0cacdf36ab.sql,28,dino_expansion_opportunities,status,"text"
20260319202547_de8106db-ee19-49e2-88fb-0f0cacdf36ab.sql,29,dino_expansion_opportunities,created_at,"timestamptz"
20260319202547_de8106db-ee19-49e2-88fb-0f0cacdf36ab.sql,34,dino_draft_profiles,id,"uuid"
20260319202547_de8106db-ee19-49e2-88fb-0f0cacdf36ab.sql,35,dino_draft_profiles,external_id,"text"
20260319202547_de8106db-ee19-49e2-88fb-0f0cacdf36ab.sql,36,dino_draft_profiles,source,"text"
20260319202547_de8106db-ee19-49e2-88fb-0f0cacdf36ab.sql,37,dino_draft_profiles,name,"text"
20260319202547_de8106db-ee19-49e2-88fb-0f0cacdf36ab.sql,38,dino_draft_profiles,category,"text"
20260319202547_de8106db-ee19-49e2-88fb-0f0cacdf36ab.sql,39,dino_draft_profiles,city,"text"
20260319202547_de8106db-ee19-49e2-88fb-0f0cacdf36ab.sql,40,dino_draft_profiles,country,"text"
20260319202547_de8106db-ee19-49e2-88fb-0f0cacdf36ab.sql,41,dino_draft_profiles,status,"text"
20260319202547_de8106db-ee19-49e2-88fb-0f0cacdf36ab.sql,42,dino_draft_profiles,completeness,"numeric"
20260319202547_de8106db-ee19-49e2-88fb-0f0cacdf36ab.sql,43,dino_draft_profiles,auto_generated_fields,"jsonb"
20260319202547_de8106db-ee19-49e2-88fb-0f0cacdf36ab.sql,44,dino_draft_profiles,profile_data,"jsonb"
20260319202547_de8106db-ee19-49e2-88fb-0f0cacdf36ab.sql,45,dino_draft_profiles,invitation_sent_at,"timestamptz"
20260319202547_de8106db-ee19-49e2-88fb-0f0cacdf36ab.sql,46,dino_draft_profiles,activated_at,"timestamptz"
20260319202547_de8106db-ee19-49e2-88fb-0f0cacdf36ab.sql,47,dino_draft_profiles,created_at,"timestamptz"
20260319202547_de8106db-ee19-49e2-88fb-0f0cacdf36ab.sql,52,dino_campaigns,id,"uuid"
20260319202547_de8106db-ee19-49e2-88fb-0f0cacdf36ab.sql,53,dino_campaigns,name,"text"
20260319202547_de8106db-ee19-49e2-88fb-0f0cacdf36ab.sql,54,dino_campaigns,campaign_type,"text"
20260319202547_de8106db-ee19-49e2-88fb-0f0cacdf36ab.sql,55,dino_campaigns,targets_json,"jsonb"
20260319202547_de8106db-ee19-49e2-88fb-0f0cacdf36ab.sql,56,dino_campaigns,channels,"jsonb"
20260319202547_de8106db-ee19-49e2-88fb-0f0cacdf36ab.sql,57,dino_campaigns,template_key,"text"
20260319202547_de8106db-ee19-49e2-88fb-0f0cacdf36ab.sql,58,dino_campaigns,content_json,"jsonb"
20260319202547_de8106db-ee19-49e2-88fb-0f0cacdf36ab.sql,59,dino_campaigns,status,"text"
20260319202547_de8106db-ee19-49e2-88fb-0f0cacdf36ab.sql,60,dino_campaigns,scheduled_at,"timestamptz"
20260319202547_de8106db-ee19-49e2-88fb-0f0cacdf36ab.sql,61,dino_campaigns,sent_at,"timestamptz"
20260319202547_de8106db-ee19-49e2-88fb-0f0cacdf36ab.sql,62,dino_campaigns,estimated_reach,"integer"
20260319202547_de8106db-ee19-49e2-88fb-0f0cacdf36ab.sql,63,dino_campaigns,created_at,"timestamptz"
20260319202547_de8106db-ee19-49e2-88fb-0f0cacdf36ab.sql,68,dino_promotion_slots,id,"uuid"
20260319202547_de8106db-ee19-49e2-88fb-0f0cacdf36ab.sql,69,dino_promotion_slots,slot_type,"text"
20260319202547_de8106db-ee19-49e2-88fb-0f0cacdf36ab.sql,70,dino_promotion_slots,title,"text"
20260319202547_de8106db-ee19-49e2-88fb-0f0cacdf36ab.sql,71,dino_promotion_slots,subtitle,"text"
20260319202547_de8106db-ee19-49e2-88fb-0f0cacdf36ab.sql,72,dino_promotion_slots,route,"text"
20260319202547_de8106db-ee19-49e2-88fb-0f0cacdf36ab.sql,73,dino_promotion_slots,priority,"integer"
20260319202547_de8106db-ee19-49e2-88fb-0f0cacdf36ab.sql,74,dino_promotion_slots,country,"text"
20260319202547_de8106db-ee19-49e2-88fb-0f0cacdf36ab.sql,75,dino_promotion_slots,city,"text"
20260319202547_de8106db-ee19-49e2-88fb-0f0cacdf36ab.sql,76,dino_promotion_slots,expires_at,"timestamptz"
20260319202547_de8106db-ee19-49e2-88fb-0f0cacdf36ab.sql,77,dino_promotion_slots,active,"boolean"
20260319202547_de8106db-ee19-49e2-88fb-0f0cacdf36ab.sql,78,dino_promotion_slots,created_at,"timestamptz"
20260319204205_0588f8a9-c9c6-41cb-8abd-c5beb0b5692a.sql,3,dino_visibility_overrides,id,"uuid"
20260319204205_0588f8a9-c9c6-41cb-8abd-c5beb0b5692a.sql,4,dino_visibility_overrides,entity_id,"text"
20260319204205_0588f8a9-c9c6-41cb-8abd-c5beb0b5692a.sql,5,dino_visibility_overrides,entity_type,"text"
20260319204205_0588f8a9-c9c6-41cb-8abd-c5beb0b5692a.sql,6,dino_visibility_overrides,boost_multiplier,"numeric"
20260319204205_0588f8a9-c9c6-41cb-8abd-c5beb0b5692a.sql,7,dino_visibility_overrides,reason,"text"
20260319204205_0588f8a9-c9c6-41cb-8abd-c5beb0b5692a.sql,8,dino_visibility_overrides,expires_at,"timestamptz"
20260319204205_0588f8a9-c9c6-41cb-8abd-c5beb0b5692a.sql,9,dino_visibility_overrides,created_at,"timestamptz"
20260319211156_b36c1701-24da-4e77-ba28-064ba3085ce0.sql,4,universal_reputation_scores,id,"uuid"
20260319211156_b36c1701-24da-4e77-ba28-064ba3085ce0.sql,5,universal_reputation_scores,user_id,"uuid"
20260319211156_b36c1701-24da-4e77-ba28-064ba3085ce0.sql,6,universal_reputation_scores,overall_score,"numeric"
20260319211156_b36c1701-24da-4e77-ba28-064ba3085ce0.sql,7,universal_reputation_scores,fulfillment_quality,"numeric"
20260319211156_b36c1701-24da-4e77-ba28-064ba3085ce0.sql,8,universal_reputation_scores,dispute_rate,"numeric"
20260319211156_b36c1701-24da-4e77-ba28-064ba3085ce0.sql,9,universal_reputation_scores,response_speed,"numeric"
20260319211156_b36c1701-24da-4e77-ba28-064ba3085ce0.sql,10,universal_reputation_scores,consistency,"numeric"
20260319211156_b36c1701-24da-4e77-ba28-064ba3085ce0.sql,11,universal_reputation_scores,feedback_score,"numeric"
20260319211156_b36c1701-24da-4e77-ba28-064ba3085ce0.sql,12,universal_reputation_scores,total_interactions,"integer"
20260319211156_b36c1701-24da-4e77-ba28-064ba3085ce0.sql,13,universal_reputation_scores,service_breakdown,"jsonb"
20260319211156_b36c1701-24da-4e77-ba28-064ba3085ce0.sql,14,universal_reputation_scores,last_computed_at,"timestamptz"
20260319211156_b36c1701-24da-4e77-ba28-064ba3085ce0.sql,15,universal_reputation_scores,created_at,"timestamptz"
20260319211156_b36c1701-24da-4e77-ba28-064ba3085ce0.sql,16,universal_reputation_scores,updated_at,"timestamptz"
20260319211156_b36c1701-24da-4e77-ba28-064ba3085ce0.sql,34,recommendation_signals,id,"uuid"
20260319211156_b36c1701-24da-4e77-ba28-064ba3085ce0.sql,35,recommendation_signals,user_id,"uuid"
20260319211156_b36c1701-24da-4e77-ba28-064ba3085ce0.sql,36,recommendation_signals,signal_type,"text"
20260319211156_b36c1701-24da-4e77-ba28-064ba3085ce0.sql,37,recommendation_signals,service_vertical,"text"
20260319211156_b36c1701-24da-4e77-ba28-064ba3085ce0.sql,38,recommendation_signals,entity_id,"text"
20260319211156_b36c1701-24da-4e77-ba28-064ba3085ce0.sql,39,recommendation_signals,entity_type,"text"
20260319211156_b36c1701-24da-4e77-ba28-064ba3085ce0.sql,40,recommendation_signals,weight,"numeric"
20260319211156_b36c1701-24da-4e77-ba28-064ba3085ce0.sql,41,recommendation_signals,context,"jsonb"
20260319211156_b36c1701-24da-4e77-ba28-064ba3085ce0.sql,42,recommendation_signals,created_at,"timestamptz"
20260319211156_b36c1701-24da-4e77-ba28-064ba3085ce0.sql,59,cross_service_journeys,id,"uuid"
20260319211156_b36c1701-24da-4e77-ba28-064ba3085ce0.sql,60,cross_service_journeys,user_id,"uuid"
20260319211156_b36c1701-24da-4e77-ba28-064ba3085ce0.sql,61,cross_service_journeys,journey_type,"text"
20260319211156_b36c1701-24da-4e77-ba28-064ba3085ce0.sql,62,cross_service_journeys,status,"text"
20260319211156_b36c1701-24da-4e77-ba28-064ba3085ce0.sql,63,cross_service_journeys,steps,"jsonb"
20260319211156_b36c1701-24da-4e77-ba28-064ba3085ce0.sql,64,cross_service_journeys,current_step,"integer"
20260319211156_b36c1701-24da-4e77-ba28-064ba3085ce0.sql,65,cross_service_journeys,started_at,"timestamptz"
20260319211156_b36c1701-24da-4e77-ba28-064ba3085ce0.sql,66,cross_service_journeys,completed_at,"timestamptz"
20260319211156_b36c1701-24da-4e77-ba28-064ba3085ce0.sql,67,cross_service_journeys,metadata,"jsonb"
20260319211156_b36c1701-24da-4e77-ba28-064ba3085ce0.sql,68,cross_service_journeys,created_at,"timestamptz"
20260319233514_f08b23cc-5297-4c10-98bd-6b62e50cc4e4.sql,4,seed_merchants,id,"uuid"
20260319233514_f08b23cc-5297-4c10-98bd-6b62e50cc4e4.sql,5,seed_merchants,name,"text"
20260319233514_f08b23cc-5297-4c10-98bd-6b62e50cc4e4.sql,6,seed_merchants,category,"text"
20260319233514_f08b23cc-5297-4c10-98bd-6b62e50cc4e4.sql,7,seed_merchants,subcategory,"text"
20260319233514_f08b23cc-5297-4c10-98bd-6b62e50cc4e4.sql,8,seed_merchants,city,"text"
20260319233514_f08b23cc-5297-4c10-98bd-6b62e50cc4e4.sql,9,seed_merchants,area,"text"
20260319233514_f08b23cc-5297-4c10-98bd-6b62e50cc4e4.sql,10,seed_merchants,rating,"numeric(2,1)"
20260319233514_f08b23cc-5297-4c10-98bd-6b62e50cc4e4.sql,11,seed_merchants,review_count,"integer"
20260319233514_f08b23cc-5297-4c10-98bd-6b62e50cc4e4.sql,12,seed_merchants,delivery_time_min,"integer"
20260319233514_f08b23cc-5297-4c10-98bd-6b62e50cc4e4.sql,13,seed_merchants,delivery_time_max,"integer"
20260319233514_f08b23cc-5297-4c10-98bd-6b62e50cc4e4.sql,14,seed_merchants,price_level,"integer"
20260319233514_f08b23cc-5297-4c10-98bd-6b62e50cc4e4.sql,15,seed_merchants,cover_image,"text"
20260319233514_f08b23cc-5297-4c10-98bd-6b62e50cc4e4.sql,16,seed_merchants,logo_image,"text"
20260319233514_f08b23cc-5297-4c10-98bd-6b62e50cc4e4.sql,17,seed_merchants,is_open,"boolean"
20260319233514_f08b23cc-5297-4c10-98bd-6b62e50cc4e4.sql,18,seed_merchants,is_featured,"boolean"
20260319233514_f08b23cc-5297-4c10-98bd-6b62e50cc4e4.sql,19,seed_merchants,is_active,"boolean"
20260319233514_f08b23cc-5297-4c10-98bd-6b62e50cc4e4.sql,20,seed_merchants,visibility_score,"numeric"
20260319233514_f08b23cc-5297-4c10-98bd-6b62e50cc4e4.sql,21,seed_merchants,tier,"text"
20260319233514_f08b23cc-5297-4c10-98bd-6b62e50cc4e4.sql,22,seed_merchants,created_at,"timestamptz"
20260319233514_f08b23cc-5297-4c10-98bd-6b62e50cc4e4.sql,27,seed_products,id,"uuid"
20260319233514_f08b23cc-5297-4c10-98bd-6b62e50cc4e4.sql,28,seed_products,merchant_id,"uuid"
20260319233514_f08b23cc-5297-4c10-98bd-6b62e50cc4e4.sql,29,seed_products,name,"text"
20260319233514_f08b23cc-5297-4c10-98bd-6b62e50cc4e4.sql,30,seed_products,description,"text"
20260319233514_f08b23cc-5297-4c10-98bd-6b62e50cc4e4.sql,31,seed_products,price,"numeric(10,2)"
20260319233514_f08b23cc-5297-4c10-98bd-6b62e50cc4e4.sql,32,seed_products,category,"text"
20260319233514_f08b23cc-5297-4c10-98bd-6b62e50cc4e4.sql,33,seed_products,image,"text"
20260319233514_f08b23cc-5297-4c10-98bd-6b62e50cc4e4.sql,34,seed_products,is_available,"boolean"
20260319233514_f08b23cc-5297-4c10-98bd-6b62e50cc4e4.sql,35,seed_products,sort_order,"integer"
20260319233514_f08b23cc-5297-4c10-98bd-6b62e50cc4e4.sql,36,seed_products,created_at,"timestamptz"
20260320001716_00a77a8e-fa68-4bde-a1e7-877dd03bce57.sql,3,support_ticket_messages,id,"uuid"
20260320001716_00a77a8e-fa68-4bde-a1e7-877dd03bce57.sql,4,support_ticket_messages,ticket_id,"uuid"
20260320001716_00a77a8e-fa68-4bde-a1e7-877dd03bce57.sql,5,support_ticket_messages,author_user_id,"uuid"
20260320001716_00a77a8e-fa68-4bde-a1e7-877dd03bce57.sql,6,support_ticket_messages,author_role,"text"
20260320001716_00a77a8e-fa68-4bde-a1e7-877dd03bce57.sql,7,support_ticket_messages,message,"text"
20260320001716_00a77a8e-fa68-4bde-a1e7-877dd03bce57.sql,8,support_ticket_messages,is_internal,"boolean"
20260320001716_00a77a8e-fa68-4bde-a1e7-877dd03bce57.sql,9,support_ticket_messages,created_at,"timestamptz"
20260320001716_00a77a8e-fa68-4bde-a1e7-877dd03bce57.sql,26,seed_merchant_promos,id,"uuid"
20260320001716_00a77a8e-fa68-4bde-a1e7-877dd03bce57.sql,27,seed_merchant_promos,merchant_id,"uuid"
20260320001716_00a77a8e-fa68-4bde-a1e7-877dd03bce57.sql,28,seed_merchant_promos,title,"text"
20260320001716_00a77a8e-fa68-4bde-a1e7-877dd03bce57.sql,29,seed_merchant_promos,description,"text"
20260320001716_00a77a8e-fa68-4bde-a1e7-877dd03bce57.sql,30,seed_merchant_promos,discount_type,"text"
20260320001716_00a77a8e-fa68-4bde-a1e7-877dd03bce57.sql,31,seed_merchant_promos,discount_value,"numeric"
20260320001716_00a77a8e-fa68-4bde-a1e7-877dd03bce57.sql,32,seed_merchant_promos,minimum_order_amount,"numeric"
20260320001716_00a77a8e-fa68-4bde-a1e7-877dd03bce57.sql,33,seed_merchant_promos,starts_at,"timestamptz"
20260320001716_00a77a8e-fa68-4bde-a1e7-877dd03bce57.sql,34,seed_merchant_promos,ends_at,"timestamptz"
20260320001716_00a77a8e-fa68-4bde-a1e7-877dd03bce57.sql,35,seed_merchant_promos,is_active,"boolean"
20260320001716_00a77a8e-fa68-4bde-a1e7-877dd03bce57.sql,36,seed_merchant_promos,created_at,"timestamptz"
20260320004432_e521cb45-4ac6-4b02-bce2-c62cdc3ab44b.sql,3,user_favorites,id,"uuid"
20260320004432_e521cb45-4ac6-4b02-bce2-c62cdc3ab44b.sql,4,user_favorites,user_id,"uuid"
20260320004432_e521cb45-4ac6-4b02-bce2-c62cdc3ab44b.sql,5,user_favorites,entity_type,"text"
20260320004432_e521cb45-4ac6-4b02-bce2-c62cdc3ab44b.sql,6,user_favorites,entity_id,"text"
20260320004432_e521cb45-4ac6-4b02-bce2-c62cdc3ab44b.sql,7,user_favorites,created_at,"timestamptz"
20260320091345_4c999ba4-61eb-48c0-b1bb-82031935cef6.sql,4,app_notifications,id,"text"
20260320091345_4c999ba4-61eb-48c0-b1bb-82031935cef6.sql,5,app_notifications,orbitId,"text"
20260320091345_4c999ba4-61eb-48c0-b1bb-82031935cef6.sql,6,app_notifications,type,"text"
20260320091345_4c999ba4-61eb-48c0-b1bb-82031935cef6.sql,7,app_notifications,title,"text"
20260320091345_4c999ba4-61eb-48c0-b1bb-82031935cef6.sql,8,app_notifications,body,"text"
20260320091345_4c999ba4-61eb-48c0-b1bb-82031935cef6.sql,9,app_notifications,read,"boolean"
20260320091345_4c999ba4-61eb-48c0-b1bb-82031935cef6.sql,10,app_notifications,createdAt,"timestamptz"
20260320091345_4c999ba4-61eb-48c0-b1bb-82031935cef6.sql,11,app_notifications,metadata,"jsonb"
20260320092209_f94dfee5-fb28-4323-af0a-84d0c5ea42a8.sql,7,orbit_profiles_v2,id,"uuid"
20260320092209_f94dfee5-fb28-4323-af0a-84d0c5ea42a8.sql,8,orbit_profiles_v2,orbit_id,"text"
20260320092209_f94dfee5-fb28-4323-af0a-84d0c5ea42a8.sql,9,orbit_profiles_v2,role,"text"
20260320092209_f94dfee5-fb28-4323-af0a-84d0c5ea42a8.sql,10,orbit_profiles_v2,display_name,"text"
20260320092209_f94dfee5-fb28-4323-af0a-84d0c5ea42a8.sql,11,orbit_profiles_v2,avatar_url,"text"
20260320092209_f94dfee5-fb28-4323-af0a-84d0c5ea42a8.sql,12,orbit_profiles_v2,device_id,"text"
20260320092209_f94dfee5-fb28-4323-af0a-84d0c5ea42a8.sql,13,orbit_profiles_v2,verification_level,"integer"
20260320092209_f94dfee5-fb28-4323-af0a-84d0c5ea42a8.sql,14,orbit_profiles_v2,permissions,"jsonb"
20260320092209_f94dfee5-fb28-4323-af0a-84d0c5ea42a8.sql,15,orbit_profiles_v2,service_links,"jsonb"
20260320092209_f94dfee5-fb28-4323-af0a-84d0c5ea42a8.sql,16,orbit_profiles_v2,created_at,"timestamptz"
20260320092209_f94dfee5-fb28-4323-af0a-84d0c5ea42a8.sql,17,orbit_profiles_v2,updated_at,"timestamptz"
20260320092209_f94dfee5-fb28-4323-af0a-84d0c5ea42a8.sql,61,wallets_v2,id,"uuid"
20260320092209_f94dfee5-fb28-4323-af0a-84d0c5ea42a8.sql,62,wallets_v2,user_id,"uuid"
20260320092209_f94dfee5-fb28-4323-af0a-84d0c5ea42a8.sql,63,wallets_v2,orbit_id,"text"
20260320092209_f94dfee5-fb28-4323-af0a-84d0c5ea42a8.sql,64,wallets_v2,currency,"text"
20260320092209_f94dfee5-fb28-4323-af0a-84d0c5ea42a8.sql,65,wallets_v2,available_balance,"numeric"
20260320092209_f94dfee5-fb28-4323-af0a-84d0c5ea42a8.sql,66,wallets_v2,locked_balance,"numeric"
20260320092209_f94dfee5-fb28-4323-af0a-84d0c5ea42a8.sql,67,wallets_v2,pending_balance,"numeric"
20260320092209_f94dfee5-fb28-4323-af0a-84d0c5ea42a8.sql,68,wallets_v2,created_at,"timestamptz"
20260320092209_f94dfee5-fb28-4323-af0a-84d0c5ea42a8.sql,69,wallets_v2,updated_at,"timestamptz"
20260320092209_f94dfee5-fb28-4323-af0a-84d0c5ea42a8.sql,94,property_listings_v2,id,"uuid"
20260320092209_f94dfee5-fb28-4323-af0a-84d0c5ea42a8.sql,95,property_listings_v2,user_id,"uuid"
20260320092209_f94dfee5-fb28-4323-af0a-84d0c5ea42a8.sql,96,property_listings_v2,owner_orbit_id,"text"
20260320092209_f94dfee5-fb28-4323-af0a-84d0c5ea42a8.sql,97,property_listings_v2,title,"text"
20260320092209_f94dfee5-fb28-4323-af0a-84d0c5ea42a8.sql,98,property_listings_v2,description,"text"
20260320092209_f94dfee5-fb28-4323-af0a-84d0c5ea42a8.sql,99,property_listings_v2,status,"text"
20260320092209_f94dfee5-fb28-4323-af0a-84d0c5ea42a8.sql,100,property_listings_v2,flow_mode,"text"
20260320092209_f94dfee5-fb28-4323-af0a-84d0c5ea42a8.sql,101,property_listings_v2,location,"jsonb"
20260320092209_f94dfee5-fb28-4323-af0a-84d0c5ea42a8.sql,102,property_listings_v2,pricing,"jsonb"
20260320092209_f94dfee5-fb28-4323-af0a-84d0c5ea42a8.sql,103,property_listings_v2,capacity,"jsonb"
20260320092209_f94dfee5-fb28-4323-af0a-84d0c5ea42a8.sql,104,property_listings_v2,amenities,"jsonb"
20260320092209_f94dfee5-fb28-4323-af0a-84d0c5ea42a8.sql,105,property_listings_v2,photos,"jsonb"
20260320092209_f94dfee5-fb28-4323-af0a-84d0c5ea42a8.sql,106,property_listings_v2,availability,"jsonb"
20260320092209_f94dfee5-fb28-4323-af0a-84d0c5ea42a8.sql,107,property_listings_v2,created_at,"timestamptz"
20260320092209_f94dfee5-fb28-4323-af0a-84d0c5ea42a8.sql,108,property_listings_v2,updated_at,"timestamptz"
20260320092209_f94dfee5-fb28-4323-af0a-84d0c5ea42a8.sql,131,bookings_v2,id,"uuid"
20260320092209_f94dfee5-fb28-4323-af0a-84d0c5ea42a8.sql,132,bookings_v2,listing_id,"uuid"
20260320092209_f94dfee5-fb28-4323-af0a-84d0c5ea42a8.sql,133,bookings_v2,buyer_user_id,"uuid"
20260320092209_f94dfee5-fb28-4323-af0a-84d0c5ea42a8.sql,134,bookings_v2,owner_user_id,"uuid"
20260320092209_f94dfee5-fb28-4323-af0a-84d0c5ea42a8.sql,135,bookings_v2,buyer_orbit_id,"text"
20260320092209_f94dfee5-fb28-4323-af0a-84d0c5ea42a8.sql,136,bookings_v2,owner_orbit_id,"text"
20260320092209_f94dfee5-fb28-4323-af0a-84d0c5ea42a8.sql,137,bookings_v2,status,"text"
20260320092209_f94dfee5-fb28-4323-af0a-84d0c5ea42a8.sql,138,bookings_v2,check_in,"date"
20260320092209_f94dfee5-fb28-4323-af0a-84d0c5ea42a8.sql,139,bookings_v2,check_out,"date"
20260320092209_f94dfee5-fb28-4323-af0a-84d0c5ea42a8.sql,140,bookings_v2,amount,"numeric"
20260320092209_f94dfee5-fb28-4323-af0a-84d0c5ea42a8.sql,141,bookings_v2,currency,"text"
20260320092209_f94dfee5-fb28-4323-af0a-84d0c5ea42a8.sql,142,bookings_v2,guest_info,"jsonb"
20260320092209_f94dfee5-fb28-4323-af0a-84d0c5ea42a8.sql,143,bookings_v2,conversation_id,"text"
20260320092209_f94dfee5-fb28-4323-af0a-84d0c5ea42a8.sql,144,bookings_v2,transaction_id,"text"
20260320092209_f94dfee5-fb28-4323-af0a-84d0c5ea42a8.sql,145,bookings_v2,created_at,"timestamptz"
20260320092209_f94dfee5-fb28-4323-af0a-84d0c5ea42a8.sql,146,bookings_v2,updated_at,"timestamptz"
20260320092209_f94dfee5-fb28-4323-af0a-84d0c5ea42a8.sql,172,conversations_v2,id,"uuid"
20260320092209_f94dfee5-fb28-4323-af0a-84d0c5ea42a8.sql,173,conversations_v2,type,"text"
20260320092209_f94dfee5-fb28-4323-af0a-84d0c5ea42a8.sql,174,conversations_v2,title,"text"
20260320092209_f94dfee5-fb28-4323-af0a-84d0c5ea42a8.sql,175,conversations_v2,participants,"jsonb"
20260320092209_f94dfee5-fb28-4323-af0a-84d0c5ea42a8.sql,176,conversations_v2,listing_id,"text"
20260320092209_f94dfee5-fb28-4323-af0a-84d0c5ea42a8.sql,177,conversations_v2,booking_id,"text"
20260320092209_f94dfee5-fb28-4323-af0a-84d0c5ea42a8.sql,178,conversations_v2,lease_id,"text"
20260320092209_f94dfee5-fb28-4323-af0a-84d0c5ea42a8.sql,179,conversations_v2,last_message_at,"timestamptz"
20260320092209_f94dfee5-fb28-4323-af0a-84d0c5ea42a8.sql,180,conversations_v2,created_at,"timestamptz"
20260320092209_f94dfee5-fb28-4323-af0a-84d0c5ea42a8.sql,181,conversations_v2,updated_at,"timestamptz"
20260320092209_f94dfee5-fb28-4323-af0a-84d0c5ea42a8.sql,214,chat_messages_v2,id,"uuid"
20260320092209_f94dfee5-fb28-4323-af0a-84d0c5ea42a8.sql,215,chat_messages_v2,conversation_id,"uuid"
20260320092209_f94dfee5-fb28-4323-af0a-84d0c5ea42a8.sql,216,chat_messages_v2,sender_user_id,"uuid"
20260320092209_f94dfee5-fb28-4323-af0a-84d0c5ea42a8.sql,217,chat_messages_v2,sender_orbit_id,"text"
20260320092209_f94dfee5-fb28-4323-af0a-84d0c5ea42a8.sql,218,chat_messages_v2,body,"text"
20260320092209_f94dfee5-fb28-4323-af0a-84d0c5ea42a8.sql,219,chat_messages_v2,type,"text"
20260320092209_f94dfee5-fb28-4323-af0a-84d0c5ea42a8.sql,220,chat_messages_v2,metadata,"jsonb"
20260320092209_f94dfee5-fb28-4323-af0a-84d0c5ea42a8.sql,221,chat_messages_v2,created_at,"timestamptz"
20260320092641_cbfdb097-5192-4a62-b908-7a25629b5a7a.sql,25,orbit_call_sessions_v2,id,"text"
20260320092641_cbfdb097-5192-4a62-b908-7a25629b5a7a.sql,26,orbit_call_sessions_v2,caller_user_id,"uuid"
20260320092641_cbfdb097-5192-4a62-b908-7a25629b5a7a.sql,27,orbit_call_sessions_v2,caller_orbit_id,"text"
20260320092641_cbfdb097-5192-4a62-b908-7a25629b5a7a.sql,28,orbit_call_sessions_v2,callee_orbit_id,"text"
20260320092641_cbfdb097-5192-4a62-b908-7a25629b5a7a.sql,29,orbit_call_sessions_v2,mode,"text"
20260320092641_cbfdb097-5192-4a62-b908-7a25629b5a7a.sql,30,orbit_call_sessions_v2,status,"text"
20260320092641_cbfdb097-5192-4a62-b908-7a25629b5a7a.sql,31,orbit_call_sessions_v2,created_at,"timestamptz"
20260320092641_cbfdb097-5192-4a62-b908-7a25629b5a7a.sql,32,orbit_call_sessions_v2,updated_at,"timestamptz"
20260320092641_cbfdb097-5192-4a62-b908-7a25629b5a7a.sql,73,orbit_call_signals_v2,id,"bigserial"
20260320092641_cbfdb097-5192-4a62-b908-7a25629b5a7a.sql,74,orbit_call_signals_v2,session_id,"text"
20260320092641_cbfdb097-5192-4a62-b908-7a25629b5a7a.sql,75,orbit_call_signals_v2,sender_user_id,"uuid"
20260320092641_cbfdb097-5192-4a62-b908-7a25629b5a7a.sql,76,orbit_call_signals_v2,sender_orbit_id,"text"
20260320092641_cbfdb097-5192-4a62-b908-7a25629b5a7a.sql,77,orbit_call_signals_v2,target_orbit_id,"text"
20260320092641_cbfdb097-5192-4a62-b908-7a25629b5a7a.sql,78,orbit_call_signals_v2,signal_type,"text"
20260320092641_cbfdb097-5192-4a62-b908-7a25629b5a7a.sql,79,orbit_call_signals_v2,payload,"jsonb"
20260320092641_cbfdb097-5192-4a62-b908-7a25629b5a7a.sql,80,orbit_call_signals_v2,created_at,"timestamptz"
20260320093358_d81bd24d-5ea4-49e1-b149-6322996d87a0.sql,4,payment_events,id,"text"
20260320093358_d81bd24d-5ea4-49e1-b149-6322996d87a0.sql,5,payment_events,provider,"text"
20260320093358_d81bd24d-5ea4-49e1-b149-6322996d87a0.sql,6,payment_events,event_type,"text"
20260320093358_d81bd24d-5ea4-49e1-b149-6322996d87a0.sql,7,payment_events,external_id,"text"
20260320093358_d81bd24d-5ea4-49e1-b149-6322996d87a0.sql,8,payment_events,processed,"boolean"
20260320093358_d81bd24d-5ea4-49e1-b149-6322996d87a0.sql,9,payment_events,metadata,"jsonb"
20260320093358_d81bd24d-5ea4-49e1-b149-6322996d87a0.sql,10,payment_events,created_at,"timestamptz"
20260320094446_043629be-5aaa-4a1c-bdd3-a9362590dbc6.sql,16,payout_requests,id,"text"
20260320094446_043629be-5aaa-4a1c-bdd3-a9362590dbc6.sql,17,payout_requests,owner_orbit_id,"text"
20260320094446_043629be-5aaa-4a1c-bdd3-a9362590dbc6.sql,18,payout_requests,wallet_id,"text"
20260320094446_043629be-5aaa-4a1c-bdd3-a9362590dbc6.sql,19,payout_requests,amount,"numeric"
20260320094446_043629be-5aaa-4a1c-bdd3-a9362590dbc6.sql,20,payout_requests,currency,"text"
20260320094446_043629be-5aaa-4a1c-bdd3-a9362590dbc6.sql,21,payout_requests,status,"text"
20260320094446_043629be-5aaa-4a1c-bdd3-a9362590dbc6.sql,22,payout_requests,destination_type,"text"
20260320094446_043629be-5aaa-4a1c-bdd3-a9362590dbc6.sql,23,payout_requests,destination_ref,"text"
20260320094446_043629be-5aaa-4a1c-bdd3-a9362590dbc6.sql,24,payout_requests,note,"text"
20260320094446_043629be-5aaa-4a1c-bdd3-a9362590dbc6.sql,25,payout_requests,created_at,"timestamptz"
20260320094446_043629be-5aaa-4a1c-bdd3-a9362590dbc6.sql,26,payout_requests,updated_at,"timestamptz"
20260320094828_961767ec-9e73-4b62-9f5b-a975c31eae42.sql,3,chat_attachments,id,"text"
20260320094828_961767ec-9e73-4b62-9f5b-a975c31eae42.sql,4,chat_attachments,conversation_id,"text"
20260320094828_961767ec-9e73-4b62-9f5b-a975c31eae42.sql,5,chat_attachments,message_id,"text"
20260320094828_961767ec-9e73-4b62-9f5b-a975c31eae42.sql,6,chat_attachments,sender_orbit_id,"text"
20260320094828_961767ec-9e73-4b62-9f5b-a975c31eae42.sql,7,chat_attachments,file_name,"text"
20260320094828_961767ec-9e73-4b62-9f5b-a975c31eae42.sql,8,chat_attachments,file_path,"text"
20260320094828_961767ec-9e73-4b62-9f5b-a975c31eae42.sql,9,chat_attachments,file_type,"text"
20260320094828_961767ec-9e73-4b62-9f5b-a975c31eae42.sql,10,chat_attachments,file_size,"bigint"
20260320094828_961767ec-9e73-4b62-9f5b-a975c31eae42.sql,11,chat_attachments,created_at,"timestamptz"
20260320094828_961767ec-9e73-4b62-9f5b-a975c31eae42.sql,18,email_queue,id,"text"
20260320094828_961767ec-9e73-4b62-9f5b-a975c31eae42.sql,19,email_queue,to_email,"text"
20260320094828_961767ec-9e73-4b62-9f5b-a975c31eae42.sql,20,email_queue,subject,"text"
20260320094828_961767ec-9e73-4b62-9f5b-a975c31eae42.sql,21,email_queue,html,"text"
20260320094828_961767ec-9e73-4b62-9f5b-a975c31eae42.sql,22,email_queue,status,"text"
20260320094828_961767ec-9e73-4b62-9f5b-a975c31eae42.sql,23,email_queue,metadata,"jsonb"
20260320094828_961767ec-9e73-4b62-9f5b-a975c31eae42.sql,24,email_queue,created_at,"timestamptz"
20260320094828_961767ec-9e73-4b62-9f5b-a975c31eae42.sql,25,email_queue,sent_at,"timestamptz"
20260320095151_dd80f973-be15-44b5-9fab-983d85eb8f46.sql,3,favorite_listings,id,"text"
20260320095151_dd80f973-be15-44b5-9fab-983d85eb8f46.sql,4,favorite_listings,user_id,"uuid"
20260320095151_dd80f973-be15-44b5-9fab-983d85eb8f46.sql,5,favorite_listings,orbit_id,"text"
20260320095151_dd80f973-be15-44b5-9fab-983d85eb8f46.sql,6,favorite_listings,listing_id,"text"
20260320095151_dd80f973-be15-44b5-9fab-983d85eb8f46.sql,7,favorite_listings,created_at,"timestamptz"
20260320095151_dd80f973-be15-44b5-9fab-983d85eb8f46.sql,14,saved_searches,id,"text"
20260320095151_dd80f973-be15-44b5-9fab-983d85eb8f46.sql,15,saved_searches,user_id,"uuid"
20260320095151_dd80f973-be15-44b5-9fab-983d85eb8f46.sql,16,saved_searches,orbit_id,"text"
20260320095151_dd80f973-be15-44b5-9fab-983d85eb8f46.sql,17,saved_searches,name,"text"
20260320095151_dd80f973-be15-44b5-9fab-983d85eb8f46.sql,18,saved_searches,filters,"jsonb"
20260320095151_dd80f973-be15-44b5-9fab-983d85eb8f46.sql,19,saved_searches,created_at,"timestamptz"
20260320095151_dd80f973-be15-44b5-9fab-983d85eb8f46.sql,23,activity_logs,id,"text"
20260320095151_dd80f973-be15-44b5-9fab-983d85eb8f46.sql,24,activity_logs,user_id,"uuid"
20260320095151_dd80f973-be15-44b5-9fab-983d85eb8f46.sql,25,activity_logs,orbit_id,"text"
20260320095151_dd80f973-be15-44b5-9fab-983d85eb8f46.sql,26,activity_logs,action,"text"
20260320095151_dd80f973-be15-44b5-9fab-983d85eb8f46.sql,27,activity_logs,entity_type,"text"
20260320095151_dd80f973-be15-44b5-9fab-983d85eb8f46.sql,28,activity_logs,entity_id,"text"
20260320095151_dd80f973-be15-44b5-9fab-983d85eb8f46.sql,29,activity_logs,metadata,"jsonb"
20260320095151_dd80f973-be15-44b5-9fab-983d85eb8f46.sql,30,activity_logs,created_at,"timestamptz"
20260320095349_c3ca6211-cd99-438d-844f-b84b41b771de.sql,3,listing_views,id,"text"
20260320095349_c3ca6211-cd99-438d-844f-b84b41b771de.sql,4,listing_views,listing_id,"text"
20260320095349_c3ca6211-cd99-438d-844f-b84b41b771de.sql,5,listing_views,user_id,"uuid"
20260320095349_c3ca6211-cd99-438d-844f-b84b41b771de.sql,6,listing_views,orbit_id,"text"
20260320095349_c3ca6211-cd99-438d-844f-b84b41b771de.sql,7,listing_views,source,"text"
20260320095349_c3ca6211-cd99-438d-844f-b84b41b771de.sql,8,listing_views,created_at,"timestamptz"
20260320095349_c3ca6211-cd99-438d-844f-b84b41b771de.sql,18,seller_kpi_snapshots,id,"text"
20260320095349_c3ca6211-cd99-438d-844f-b84b41b771de.sql,19,seller_kpi_snapshots,owner_orbit_id,"text"
20260320095349_c3ca6211-cd99-438d-844f-b84b41b771de.sql,20,seller_kpi_snapshots,total_listings,"int"
20260320095349_c3ca6211-cd99-438d-844f-b84b41b771de.sql,21,seller_kpi_snapshots,published_listings,"int"
20260320095349_c3ca6211-cd99-438d-844f-b84b41b771de.sql,22,seller_kpi_snapshots,total_bookings,"int"
20260320095349_c3ca6211-cd99-438d-844f-b84b41b771de.sql,23,seller_kpi_snapshots,confirmed_bookings,"int"
20260320095349_c3ca6211-cd99-438d-844f-b84b41b771de.sql,24,seller_kpi_snapshots,completed_bookings,"int"
20260320095349_c3ca6211-cd99-438d-844f-b84b41b771de.sql,25,seller_kpi_snapshots,gross_revenue,"numeric"
20260320095349_c3ca6211-cd99-438d-844f-b84b41b771de.sql,26,seller_kpi_snapshots,pending_rent_amount,"numeric"
20260320095349_c3ca6211-cd99-438d-844f-b84b41b771de.sql,27,seller_kpi_snapshots,paid_rent_amount,"numeric"
20260320095349_c3ca6211-cd99-438d-844f-b84b41b771de.sql,28,seller_kpi_snapshots,created_at,"timestamptz"
20260320095650_d86d76ba-c7ff-457f-8da4-ad7c19a02810.sql,3,listing_reviews,id,"text"
20260320095650_d86d76ba-c7ff-457f-8da4-ad7c19a02810.sql,4,listing_reviews,listing_id,"text"
20260320095650_d86d76ba-c7ff-457f-8da4-ad7c19a02810.sql,5,listing_reviews,booking_id,"text"
20260320095650_d86d76ba-c7ff-457f-8da4-ad7c19a02810.sql,6,listing_reviews,reviewer_orbit_id,"text"
20260320095650_d86d76ba-c7ff-457f-8da4-ad7c19a02810.sql,7,listing_reviews,owner_orbit_id,"text"
20260320095650_d86d76ba-c7ff-457f-8da4-ad7c19a02810.sql,8,listing_reviews,rating,"int"
20260320095650_d86d76ba-c7ff-457f-8da4-ad7c19a02810.sql,9,listing_reviews,comment,"text"
20260320095650_d86d76ba-c7ff-457f-8da4-ad7c19a02810.sql,10,listing_reviews,created_at,"timestamptz"
20260320095650_d86d76ba-c7ff-457f-8da4-ad7c19a02810.sql,17,listing_coupons,id,"text"
20260320095650_d86d76ba-c7ff-457f-8da4-ad7c19a02810.sql,18,listing_coupons,owner_orbit_id,"text"
20260320095650_d86d76ba-c7ff-457f-8da4-ad7c19a02810.sql,19,listing_coupons,listing_id,"text"
20260320095650_d86d76ba-c7ff-457f-8da4-ad7c19a02810.sql,20,listing_coupons,code,"text"
20260320095650_d86d76ba-c7ff-457f-8da4-ad7c19a02810.sql,21,listing_coupons,discount_type,"text"
20260320095650_d86d76ba-c7ff-457f-8da4-ad7c19a02810.sql,22,listing_coupons,discount_value,"numeric"
20260320095650_d86d76ba-c7ff-457f-8da4-ad7c19a02810.sql,23,listing_coupons,active,"boolean"
20260320095650_d86d76ba-c7ff-457f-8da4-ad7c19a02810.sql,24,listing_coupons,usage_limit,"int"
20260320095650_d86d76ba-c7ff-457f-8da4-ad7c19a02810.sql,25,listing_coupons,used_count,"int"
20260320095650_d86d76ba-c7ff-457f-8da4-ad7c19a02810.sql,26,listing_coupons,start_at,"timestamptz"
20260320095650_d86d76ba-c7ff-457f-8da4-ad7c19a02810.sql,27,listing_coupons,end_at,"timestamptz"
20260320095650_d86d76ba-c7ff-457f-8da4-ad7c19a02810.sql,28,listing_coupons,created_at,"timestamptz"
20260320101559_957b7842-2e1a-466e-ae1e-4751ec761c79.sql,4,push_tokens,id,"text"
20260320101559_957b7842-2e1a-466e-ae1e-4751ec761c79.sql,5,push_tokens,user_id,"uuid"
20260320101559_957b7842-2e1a-466e-ae1e-4751ec761c79.sql,6,push_tokens,orbit_id,"text"
20260320101559_957b7842-2e1a-466e-ae1e-4751ec761c79.sql,7,push_tokens,token,"text"
20260320101559_957b7842-2e1a-466e-ae1e-4751ec761c79.sql,8,push_tokens,platform,"text"
20260320101559_957b7842-2e1a-466e-ae1e-4751ec761c79.sql,9,push_tokens,active,"boolean"
20260320101559_957b7842-2e1a-466e-ae1e-4751ec761c79.sql,10,push_tokens,created_at,"timestamptz"
20260320101559_957b7842-2e1a-466e-ae1e-4751ec761c79.sql,11,push_tokens,updated_at,"timestamptz"
20260320101559_957b7842-2e1a-466e-ae1e-4751ec761c79.sql,18,notification_deliveries,id,"text"
20260320101559_957b7842-2e1a-466e-ae1e-4751ec761c79.sql,19,notification_deliveries,notification_id,"text"
20260320101559_957b7842-2e1a-466e-ae1e-4751ec761c79.sql,20,notification_deliveries,channel,"text"
20260320101559_957b7842-2e1a-466e-ae1e-4751ec761c79.sql,21,notification_deliveries,status,"text"
20260320101559_957b7842-2e1a-466e-ae1e-4751ec761c79.sql,22,notification_deliveries,provider_ref,"text"
20260320101559_957b7842-2e1a-466e-ae1e-4751ec761c79.sql,23,notification_deliveries,error_message,"text"
20260320101559_957b7842-2e1a-466e-ae1e-4751ec761c79.sql,24,notification_deliveries,created_at,"timestamptz"
20260320101559_957b7842-2e1a-466e-ae1e-4751ec761c79.sql,25,notification_deliveries,delivered_at,"timestamptz"
20260320110406_729ead90-c699-4740-921f-b3dee6317941.sql,6,call_logs,id,"text"
20260320110406_729ead90-c699-4740-921f-b3dee6317941.sql,7,call_logs,conversation_id,"text"
20260320110406_729ead90-c699-4740-921f-b3dee6317941.sql,8,call_logs,session_id,"text"
20260320110406_729ead90-c699-4740-921f-b3dee6317941.sql,9,call_logs,caller_orbit_id,"text"
20260320110406_729ead90-c699-4740-921f-b3dee6317941.sql,10,call_logs,receiver_orbit_id,"text"
20260320110406_729ead90-c699-4740-921f-b3dee6317941.sql,11,call_logs,call_type,"text"
20260320110406_729ead90-c699-4740-921f-b3dee6317941.sql,12,call_logs,direction,"text"
20260320110406_729ead90-c699-4740-921f-b3dee6317941.sql,13,call_logs,status,"text"
20260320110406_729ead90-c699-4740-921f-b3dee6317941.sql,14,call_logs,started_at,"timestamptz"
20260320110406_729ead90-c699-4740-921f-b3dee6317941.sql,15,call_logs,answered_at,"timestamptz"
20260320110406_729ead90-c699-4740-921f-b3dee6317941.sql,16,call_logs,ended_at,"timestamptz"
20260320110406_729ead90-c699-4740-921f-b3dee6317941.sql,17,call_logs,duration_sec,"integer"
20260320110406_729ead90-c699-4740-921f-b3dee6317941.sql,18,call_logs,created_at,"timestamptz"
20260320112959_df0a2c2c-f584-4bba-8a86-b4fe4f2a7c86.sql,12,call_signals,id,"text"
20260320112959_df0a2c2c-f584-4bba-8a86-b4fe4f2a7c86.sql,13,call_signals,session_id,"text"
20260320112959_df0a2c2c-f584-4bba-8a86-b4fe4f2a7c86.sql,14,call_signals,sender_orbit_id,"text"
20260320112959_df0a2c2c-f584-4bba-8a86-b4fe4f2a7c86.sql,15,call_signals,signal_type,"text"
20260320112959_df0a2c2c-f584-4bba-8a86-b4fe4f2a7c86.sql,16,call_signals,payload,"jsonb"
20260320112959_df0a2c2c-f584-4bba-8a86-b4fe4f2a7c86.sql,17,call_signals,created_at,"timestamptz"
20260320175106_f51c9358-9c50-423e-81e0-09a330bbfee0.sql,4,drivers_live,orbit_id,"text"
20260320175106_f51c9358-9c50-423e-81e0-09a330bbfee0.sql,5,drivers_live,online,"boolean"
20260320175106_f51c9358-9c50-423e-81e0-09a330bbfee0.sql,6,drivers_live,lat,"double"
20260320175106_f51c9358-9c50-423e-81e0-09a330bbfee0.sql,7,drivers_live,lng,"double"
20260320175106_f51c9358-9c50-423e-81e0-09a330bbfee0.sql,8,drivers_live,updated_at,"timestamptz"
20260320200734_70efdd05-47f3-4004-b9e6-0ade1612bfd0.sql,4,wallets,id,"uuid"
20260320200734_70efdd05-47f3-4004-b9e6-0ade1612bfd0.sql,5,wallets,user_id,"uuid"
20260320200734_70efdd05-47f3-4004-b9e6-0ade1612bfd0.sql,6,wallets,balance,"numeric"
20260320200734_70efdd05-47f3-4004-b9e6-0ade1612bfd0.sql,7,wallets,currency,"text"
20260320200734_70efdd05-47f3-4004-b9e6-0ade1612bfd0.sql,8,wallets,created_at,"timestamptz"
20260320200734_70efdd05-47f3-4004-b9e6-0ade1612bfd0.sql,9,wallets,updated_at,"timestamptz"
20260320200734_70efdd05-47f3-4004-b9e6-0ade1612bfd0.sql,25,wallet_ledger,id,"uuid"
20260320200734_70efdd05-47f3-4004-b9e6-0ade1612bfd0.sql,26,wallet_ledger,user_id,"uuid"
20260320200734_70efdd05-47f3-4004-b9e6-0ade1612bfd0.sql,27,wallet_ledger,type,"text"
20260320200734_70efdd05-47f3-4004-b9e6-0ade1612bfd0.sql,28,wallet_ledger,amount,"numeric"
20260320200734_70efdd05-47f3-4004-b9e6-0ade1612bfd0.sql,29,wallet_ledger,source,"text"
20260320200734_70efdd05-47f3-4004-b9e6-0ade1612bfd0.sql,30,wallet_ledger,status,"text"
20260320200734_70efdd05-47f3-4004-b9e6-0ade1612bfd0.sql,31,wallet_ledger,reference_id,"text"
20260320200734_70efdd05-47f3-4004-b9e6-0ade1612bfd0.sql,32,wallet_ledger,created_at,"timestamptz"
20260320201225_a16f2509-45d0-4566-89a9-a48dfe3d059c.sql,4,payments,id,"uuid"
20260320201225_a16f2509-45d0-4566-89a9-a48dfe3d059c.sql,5,payments,user_id,"uuid"
20260320201225_a16f2509-45d0-4566-89a9-a48dfe3d059c.sql,6,payments,merchant_id,"uuid"
20260320201225_a16f2509-45d0-4566-89a9-a48dfe3d059c.sql,7,payments,amount,"numeric"
20260320201225_a16f2509-45d0-4566-89a9-a48dfe3d059c.sql,8,payments,currency,"text"
20260320201225_a16f2509-45d0-4566-89a9-a48dfe3d059c.sql,9,payments,provider,"text"
20260320201225_a16f2509-45d0-4566-89a9-a48dfe3d059c.sql,10,payments,provider_payment_id,"text"
20260320201225_a16f2509-45d0-4566-89a9-a48dfe3d059c.sql,11,payments,payment_type,"text"
20260320201225_a16f2509-45d0-4566-89a9-a48dfe3d059c.sql,12,payments,status,"text"
20260320201225_a16f2509-45d0-4566-89a9-a48dfe3d059c.sql,13,payments,reference_type,"text"
20260320201225_a16f2509-45d0-4566-89a9-a48dfe3d059c.sql,14,payments,reference_id,"text"
20260320201225_a16f2509-45d0-4566-89a9-a48dfe3d059c.sql,15,payments,metadata_json,"jsonb"
20260320201225_a16f2509-45d0-4566-89a9-a48dfe3d059c.sql,16,payments,created_at,"timestamptz"
20260320201225_a16f2509-45d0-4566-89a9-a48dfe3d059c.sql,17,payments,updated_at,"timestamptz"
20260320213850_7f351381-0931-432d-90e4-c92ae89bff6d.sql,4,merchant_accounts,id,"uuid"
20260320213850_7f351381-0931-432d-90e4-c92ae89bff6d.sql,5,merchant_accounts,user_id,"uuid"
20260320213850_7f351381-0931-432d-90e4-c92ae89bff6d.sql,6,merchant_accounts,shop_id,"uuid"
20260320213850_7f351381-0931-432d-90e4-c92ae89bff6d.sql,7,merchant_accounts,kyc_status,"text"
20260320213850_7f351381-0931-432d-90e4-c92ae89bff6d.sql,8,merchant_accounts,payout_enabled,"boolean"
20260320213850_7f351381-0931-432d-90e4-c92ae89bff6d.sql,9,merchant_accounts,payout_provider_account_id,"text"
20260320213850_7f351381-0931-432d-90e4-c92ae89bff6d.sql,10,merchant_accounts,legal_name,"text"
20260320213850_7f351381-0931-432d-90e4-c92ae89bff6d.sql,11,merchant_accounts,country,"text"
20260320213850_7f351381-0931-432d-90e4-c92ae89bff6d.sql,12,merchant_accounts,currency,"text"
20260320213850_7f351381-0931-432d-90e4-c92ae89bff6d.sql,13,merchant_accounts,created_at,"timestamptz"
20260320213850_7f351381-0931-432d-90e4-c92ae89bff6d.sql,14,merchant_accounts,updated_at,"timestamptz"
20260320213850_7f351381-0931-432d-90e4-c92ae89bff6d.sql,34,merchant_balances,id,"uuid"
20260320213850_7f351381-0931-432d-90e4-c92ae89bff6d.sql,35,merchant_balances,merchant_id,"uuid"
20260320213850_7f351381-0931-432d-90e4-c92ae89bff6d.sql,36,merchant_balances,currency,"text"
20260320213850_7f351381-0931-432d-90e4-c92ae89bff6d.sql,37,merchant_balances,pending_balance,"numeric"
20260320213850_7f351381-0931-432d-90e4-c92ae89bff6d.sql,38,merchant_balances,available_balance,"numeric"
20260320213850_7f351381-0931-432d-90e4-c92ae89bff6d.sql,39,merchant_balances,locked_balance,"numeric"
20260320213850_7f351381-0931-432d-90e4-c92ae89bff6d.sql,40,merchant_balances,updated_at,"timestamptz"
20260320213850_7f351381-0931-432d-90e4-c92ae89bff6d.sql,63,settlement_ledger,id,"uuid"
20260320213850_7f351381-0931-432d-90e4-c92ae89bff6d.sql,64,settlement_ledger,merchant_id,"uuid"
20260320213850_7f351381-0931-432d-90e4-c92ae89bff6d.sql,65,settlement_ledger,order_id,"uuid"
20260320213850_7f351381-0931-432d-90e4-c92ae89bff6d.sql,66,settlement_ledger,booking_id,"uuid"
20260320213850_7f351381-0931-432d-90e4-c92ae89bff6d.sql,67,settlement_ledger,payment_id,"text"
20260320213850_7f351381-0931-432d-90e4-c92ae89bff6d.sql,68,settlement_ledger,gross_amount,"numeric"
20260320213850_7f351381-0931-432d-90e4-c92ae89bff6d.sql,69,settlement_ledger,platform_fee,"numeric"
20260320213850_7f351381-0931-432d-90e4-c92ae89bff6d.sql,70,settlement_ledger,processing_fee,"numeric"
20260320213850_7f351381-0931-432d-90e4-c92ae89bff6d.sql,71,settlement_ledger,net_amount,"numeric"
20260320213850_7f351381-0931-432d-90e4-c92ae89bff6d.sql,72,settlement_ledger,currency,"text"
20260320213850_7f351381-0931-432d-90e4-c92ae89bff6d.sql,73,settlement_ledger,status,"text"
20260320213850_7f351381-0931-432d-90e4-c92ae89bff6d.sql,74,settlement_ledger,created_at,"timestamptz"
20260320213850_7f351381-0931-432d-90e4-c92ae89bff6d.sql,85,order_status_history,id,"uuid"
20260320213850_7f351381-0931-432d-90e4-c92ae89bff6d.sql,86,order_status_history,order_id,"uuid"
20260320213850_7f351381-0931-432d-90e4-c92ae89bff6d.sql,87,order_status_history,status,"text"
20260320213850_7f351381-0931-432d-90e4-c92ae89bff6d.sql,88,order_status_history,actor_type,"text"
20260320213850_7f351381-0931-432d-90e4-c92ae89bff6d.sql,89,order_status_history,actor_id,"uuid"
20260320213850_7f351381-0931-432d-90e4-c92ae89bff6d.sql,90,order_status_history,notes,"text"
20260320213850_7f351381-0931-432d-90e4-c92ae89bff6d.sql,91,order_status_history,created_at,"timestamptz"
20260320221647_e4df80f3-86c1-4c99-99b1-de5868597096.sql,4,zones,id,"uuid"
20260320221647_e4df80f3-86c1-4c99-99b1-de5868597096.sql,5,zones,name,"text"
20260320221647_e4df80f3-86c1-4c99-99b1-de5868597096.sql,6,zones,city,"text"
20260320221647_e4df80f3-86c1-4c99-99b1-de5868597096.sql,7,zones,country,"text"
20260320221647_e4df80f3-86c1-4c99-99b1-de5868597096.sql,8,zones,center_lat,"double"
20260320221647_e4df80f3-86c1-4c99-99b1-de5868597096.sql,9,zones,center_lng,"double"
20260320221647_e4df80f3-86c1-4c99-99b1-de5868597096.sql,10,zones,radius_m,"integer"
20260320221647_e4df80f3-86c1-4c99-99b1-de5868597096.sql,11,zones,is_active,"boolean"
20260320221647_e4df80f3-86c1-4c99-99b1-de5868597096.sql,12,zones,is_launched,"boolean"
20260320221647_e4df80f3-86c1-4c99-99b1-de5868597096.sql,13,zones,created_at,"timestamptz"
20260320221647_e4df80f3-86c1-4c99-99b1-de5868597096.sql,14,zones,updated_at,"timestamptz"
20260320221647_e4df80f3-86c1-4c99-99b1-de5868597096.sql,22,platform_settings,id,"uuid"
20260320221647_e4df80f3-86c1-4c99-99b1-de5868597096.sql,23,platform_settings,key,"text"
20260320221647_e4df80f3-86c1-4c99-99b1-de5868597096.sql,24,platform_settings,value,"jsonb"
20260320221647_e4df80f3-86c1-4c99-99b1-de5868597096.sql,25,platform_settings,created_at,"timestamptz"
20260320221647_e4df80f3-86c1-4c99-99b1-de5868597096.sql,26,platform_settings,updated_at,"timestamptz"
20260321033954_5fb971ab-1888-4662-a083-4bd5943f9b9b.sql,4,delivery_missions,id,"uuid"
20260321033954_5fb971ab-1888-4662-a083-4bd5943f9b9b.sql,5,delivery_missions,order_id,"text"
20260321033954_5fb971ab-1888-4662-a083-4bd5943f9b9b.sql,6,delivery_missions,seller_id,"uuid"
20260321033954_5fb971ab-1888-4662-a083-4bd5943f9b9b.sql,7,delivery_missions,seller_shop_id,"text"
20260321033954_5fb971ab-1888-4662-a083-4bd5943f9b9b.sql,8,delivery_missions,pickup_lat,"double"
20260321033954_5fb971ab-1888-4662-a083-4bd5943f9b9b.sql,9,delivery_missions,pickup_lng,"double"
20260321033954_5fb971ab-1888-4662-a083-4bd5943f9b9b.sql,10,delivery_missions,pickup_address,"text"
20260321033954_5fb971ab-1888-4662-a083-4bd5943f9b9b.sql,11,delivery_missions,drop_lat,"double"
20260321033954_5fb971ab-1888-4662-a083-4bd5943f9b9b.sql,12,delivery_missions,drop_lng,"double"
20260321033954_5fb971ab-1888-4662-a083-4bd5943f9b9b.sql,13,delivery_missions,drop_address,"text"
20260321033954_5fb971ab-1888-4662-a083-4bd5943f9b9b.sql,14,delivery_missions,price,"numeric(12,2)"
20260321033954_5fb971ab-1888-4662-a083-4bd5943f9b9b.sql,15,delivery_missions,currency,"text"
20260321033954_5fb971ab-1888-4662-a083-4bd5943f9b9b.sql,16,delivery_missions,status,"text"
20260321033954_5fb971ab-1888-4662-a083-4bd5943f9b9b.sql,17,delivery_missions,assigned_driver_id,"uuid"
20260321033954_5fb971ab-1888-4662-a083-4bd5943f9b9b.sql,18,delivery_missions,accepted_at,"timestamptz"
20260321033954_5fb971ab-1888-4662-a083-4bd5943f9b9b.sql,19,delivery_missions,picked_up_at,"timestamptz"
20260321033954_5fb971ab-1888-4662-a083-4bd5943f9b9b.sql,20,delivery_missions,delivered_at,"timestamptz"
20260321033954_5fb971ab-1888-4662-a083-4bd5943f9b9b.sql,21,delivery_missions,cancelled_at,"timestamptz"
20260321033954_5fb971ab-1888-4662-a083-4bd5943f9b9b.sql,22,delivery_missions,cancel_reason,"text"
20260321033954_5fb971ab-1888-4662-a083-4bd5943f9b9b.sql,23,delivery_missions,broadcast_radius_km,"numeric(5,1)"
20260321033954_5fb971ab-1888-4662-a083-4bd5943f9b9b.sql,24,delivery_missions,retry_count,"int"
20260321033954_5fb971ab-1888-4662-a083-4bd5943f9b9b.sql,25,delivery_missions,created_at,"timestamptz"
20260321033954_5fb971ab-1888-4662-a083-4bd5943f9b9b.sql,26,delivery_missions,updated_at,"timestamptz"
20260321033954_5fb971ab-1888-4662-a083-4bd5943f9b9b.sql,31,wallet_transaction_challenges,id,"text"
20260321033954_5fb971ab-1888-4662-a083-4bd5943f9b9b.sql,32,wallet_transaction_challenges,owner_user_id,"uuid"
20260321033954_5fb971ab-1888-4662-a083-4bd5943f9b9b.sql,33,wallet_transaction_challenges,nonce,"text"
20260321033954_5fb971ab-1888-4662-a083-4bd5943f9b9b.sql,34,wallet_transaction_challenges,amount,"numeric(12,2)"
20260321033954_5fb971ab-1888-4662-a083-4bd5943f9b9b.sql,35,wallet_transaction_challenges,currency,"text"
20260321033954_5fb971ab-1888-4662-a083-4bd5943f9b9b.sql,36,wallet_transaction_challenges,receiver_user_id,"uuid"
20260321033954_5fb971ab-1888-4662-a083-4bd5943f9b9b.sql,37,wallet_transaction_challenges,status,"text"
20260321033954_5fb971ab-1888-4662-a083-4bd5943f9b9b.sql,38,wallet_transaction_challenges,verified_at,"timestamptz"
20260321033954_5fb971ab-1888-4662-a083-4bd5943f9b9b.sql,39,wallet_transaction_challenges,expires_at,"timestamptz"
20260321033954_5fb971ab-1888-4662-a083-4bd5943f9b9b.sql,40,wallet_transaction_challenges,created_at,"timestamptz"
20260321033954_5fb971ab-1888-4662-a083-4bd5943f9b9b.sql,45,wallet_trusted_devices,id,"uuid"
20260321033954_5fb971ab-1888-4662-a083-4bd5943f9b9b.sql,46,wallet_trusted_devices,owner_user_id,"uuid"
20260321033954_5fb971ab-1888-4662-a083-4bd5943f9b9b.sql,47,wallet_trusted_devices,device_id,"text"
20260321033954_5fb971ab-1888-4662-a083-4bd5943f9b9b.sql,48,wallet_trusted_devices,device_name,"text"
20260321033954_5fb971ab-1888-4662-a083-4bd5943f9b9b.sql,49,wallet_trusted_devices,trusted_at,"timestamptz"
20260321033954_5fb971ab-1888-4662-a083-4bd5943f9b9b.sql,50,wallet_trusted_devices,last_seen_at,"timestamptz"
20260321033954_5fb971ab-1888-4662-a083-4bd5943f9b9b.sql,51,wallet_trusted_devices,revoked_at,"timestamptz"
20260321033954_5fb971ab-1888-4662-a083-4bd5943f9b9b.sql,57,wallet_security_events,id,"uuid"
20260321033954_5fb971ab-1888-4662-a083-4bd5943f9b9b.sql,58,wallet_security_events,owner_user_id,"uuid"
20260321033954_5fb971ab-1888-4662-a083-4bd5943f9b9b.sql,59,wallet_security_events,event_type,"text"
20260321033954_5fb971ab-1888-4662-a083-4bd5943f9b9b.sql,60,wallet_security_events,device_id,"text"
20260321033954_5fb971ab-1888-4662-a083-4bd5943f9b9b.sql,61,wallet_security_events,metadata_json,"jsonb"
20260321033954_5fb971ab-1888-4662-a083-4bd5943f9b9b.sql,62,wallet_security_events,ip_hint,"text"
20260321033954_5fb971ab-1888-4662-a083-4bd5943f9b9b.sql,63,wallet_security_events,created_at,"timestamptz"
20260321041525_e580a602-6450-4cab-8bdb-956b4623d31d.sql,8,user_kyc_profiles,id,"uuid"
20260321041525_e580a602-6450-4cab-8bdb-956b4623d31d.sql,9,user_kyc_profiles,user_id,"uuid"
20260321041525_e580a602-6450-4cab-8bdb-956b4623d31d.sql,10,user_kyc_profiles,kyc_level,"text"
20260321041525_e580a602-6450-4cab-8bdb-956b4623d31d.sql,11,user_kyc_profiles,status,"text"
20260321041525_e580a602-6450-4cab-8bdb-956b4623d31d.sql,12,user_kyc_profiles,first_name,"text"
20260321041525_e580a602-6450-4cab-8bdb-956b4623d31d.sql,13,user_kyc_profiles,last_name,"text"
20260321041525_e580a602-6450-4cab-8bdb-956b4623d31d.sql,14,user_kyc_profiles,date_of_birth,"date"
20260321041525_e580a602-6450-4cab-8bdb-956b4623d31d.sql,15,user_kyc_profiles,nationality,"text"
20260321041525_e580a602-6450-4cab-8bdb-956b4623d31d.sql,16,user_kyc_profiles,country_of_residence,"text"
20260321041525_e580a602-6450-4cab-8bdb-956b4623d31d.sql,17,user_kyc_profiles,address_line_1,"text"
20260321041525_e580a602-6450-4cab-8bdb-956b4623d31d.sql,18,user_kyc_profiles,city,"text"
20260321041525_e580a602-6450-4cab-8bdb-956b4623d31d.sql,19,user_kyc_profiles,country,"text"
20260321041525_e580a602-6450-4cab-8bdb-956b4623d31d.sql,20,user_kyc_profiles,id_document_type,"text"
20260321041525_e580a602-6450-4cab-8bdb-956b4623d31d.sql,21,user_kyc_profiles,id_document_number,"text"
20260321041525_e580a602-6450-4cab-8bdb-956b4623d31d.sql,22,user_kyc_profiles,document_expiry,"date"
20260321041525_e580a602-6450-4cab-8bdb-956b4623d31d.sql,23,user_kyc_profiles,verification_provider,"text"
20260321041525_e580a602-6450-4cab-8bdb-956b4623d31d.sql,24,user_kyc_profiles,verification_reference,"text"
20260321041525_e580a602-6450-4cab-8bdb-956b4623d31d.sql,25,user_kyc_profiles,risk_rating,"text"
20260321041525_e580a602-6450-4cab-8bdb-956b4623d31d.sql,26,user_kyc_profiles,sanctions_check_status,"text"
20260321041525_e580a602-6450-4cab-8bdb-956b4623d31d.sql,27,user_kyc_profiles,pep_check_status,"text"
20260321041525_e580a602-6450-4cab-8bdb-956b4623d31d.sql,28,user_kyc_profiles,screening_last_run_at,"timestamptz"
20260321041525_e580a602-6450-4cab-8bdb-956b4623d31d.sql,29,user_kyc_profiles,created_at,"timestamptz"
20260321041525_e580a602-6450-4cab-8bdb-956b4623d31d.sql,30,user_kyc_profiles,updated_at,"timestamptz"
20260321041525_e580a602-6450-4cab-8bdb-956b4623d31d.sql,39,kyc_documents,id,"uuid"
20260321041525_e580a602-6450-4cab-8bdb-956b4623d31d.sql,40,kyc_documents,user_id,"uuid"
20260321041525_e580a602-6450-4cab-8bdb-956b4623d31d.sql,41,kyc_documents,doc_type,"text"
20260321041525_e580a602-6450-4cab-8bdb-956b4623d31d.sql,42,kyc_documents,file_url,"text"
20260321041525_e580a602-6450-4cab-8bdb-956b4623d31d.sql,43,kyc_documents,file_back_url,"text"
20260321041525_e580a602-6450-4cab-8bdb-956b4623d31d.sql,44,kyc_documents,selfie_url,"text"
20260321041525_e580a602-6450-4cab-8bdb-956b4623d31d.sql,45,kyc_documents,status,"text"
20260321041525_e580a602-6450-4cab-8bdb-956b4623d31d.sql,46,kyc_documents,rejection_reason,"text"
20260321041525_e580a602-6450-4cab-8bdb-956b4623d31d.sql,47,kyc_documents,uploaded_at,"timestamptz"
20260321041525_e580a602-6450-4cab-8bdb-956b4623d31d.sql,48,kyc_documents,reviewed_at,"timestamptz"
20260321041525_e580a602-6450-4cab-8bdb-956b4623d31d.sql,55,business_compliance_profiles,id,"uuid"
20260321041525_e580a602-6450-4cab-8bdb-956b4623d31d.sql,56,business_compliance_profiles,shop_id,"text"
20260321041525_e580a602-6450-4cab-8bdb-956b4623d31d.sql,57,business_compliance_profiles,legal_name,"text"
20260321041525_e580a602-6450-4cab-8bdb-956b4623d31d.sql,58,business_compliance_profiles,trade_license_number,"text"
20260321041525_e580a602-6450-4cab-8bdb-956b4623d31d.sql,59,business_compliance_profiles,company_type,"text"
20260321041525_e580a602-6450-4cab-8bdb-956b4623d31d.sql,60,business_compliance_profiles,incorporation_country,"text"
20260321041525_e580a602-6450-4cab-8bdb-956b4623d31d.sql,61,business_compliance_profiles,tax_number,"text"
20260321041525_e580a602-6450-4cab-8bdb-956b4623d31d.sql,62,business_compliance_profiles,beneficial_owner_name,"text"
20260321041525_e580a602-6450-4cab-8bdb-956b4623d31d.sql,63,business_compliance_profiles,beneficial_owner_id,"text"
20260321041525_e580a602-6450-4cab-8bdb-956b4623d31d.sql,64,business_compliance_profiles,bank_account_name,"text"
20260321041525_e580a602-6450-4cab-8bdb-956b4623d31d.sql,65,business_compliance_profiles,bank_account_last4,"text"
20260321041525_e580a602-6450-4cab-8bdb-956b4623d31d.sql,66,business_compliance_profiles,compliance_status,"text"
20260321041525_e580a602-6450-4cab-8bdb-956b4623d31d.sql,67,business_compliance_profiles,payout_status,"text"
20260321041525_e580a602-6450-4cab-8bdb-956b4623d31d.sql,68,business_compliance_profiles,risk_rating,"text"
20260321041525_e580a602-6450-4cab-8bdb-956b4623d31d.sql,69,business_compliance_profiles,sanctions_check_status,"text"
20260321041525_e580a602-6450-4cab-8bdb-956b4623d31d.sql,70,business_compliance_profiles,pep_check_status,"text"
20260321041525_e580a602-6450-4cab-8bdb-956b4623d31d.sql,71,business_compliance_profiles,screening_last_run_at,"timestamptz"
20260321041525_e580a602-6450-4cab-8bdb-956b4623d31d.sql,72,business_compliance_profiles,created_at,"timestamptz"
20260321041525_e580a602-6450-4cab-8bdb-956b4623d31d.sql,73,business_compliance_profiles,updated_at,"timestamptz"
20260321041525_e580a602-6450-4cab-8bdb-956b4623d31d.sql,80,aml_events,id,"uuid"
20260321041525_e580a602-6450-4cab-8bdb-956b4623d31d.sql,81,aml_events,user_id,"uuid"
20260321041525_e580a602-6450-4cab-8bdb-956b4623d31d.sql,82,aml_events,shop_id,"text"
20260321041525_e580a602-6450-4cab-8bdb-956b4623d31d.sql,83,aml_events,entity_type,"text"
20260321041525_e580a602-6450-4cab-8bdb-956b4623d31d.sql,84,aml_events,entity_id,"text"
20260321041525_e580a602-6450-4cab-8bdb-956b4623d31d.sql,85,aml_events,event_type,"text"
20260321041525_e580a602-6450-4cab-8bdb-956b4623d31d.sql,86,aml_events,severity,"text"
20260321041525_e580a602-6450-4cab-8bdb-956b4623d31d.sql,87,aml_events,score,"numeric"
20260321041525_e580a602-6450-4cab-8bdb-956b4623d31d.sql,88,aml_events,status,"text"
20260321041525_e580a602-6450-4cab-8bdb-956b4623d31d.sql,89,aml_events,metadata_json,"jsonb"
20260321041525_e580a602-6450-4cab-8bdb-956b4623d31d.sql,90,aml_events,created_at,"timestamptz"
20260321041525_e580a602-6450-4cab-8bdb-956b4623d31d.sql,97,wallet_limit_profiles,id,"uuid"
20260321041525_e580a602-6450-4cab-8bdb-956b4623d31d.sql,98,wallet_limit_profiles,user_id,"uuid"
20260321041525_e580a602-6450-4cab-8bdb-956b4623d31d.sql,99,wallet_limit_profiles,kyc_level,"text"
20260321041525_e580a602-6450-4cab-8bdb-956b4623d31d.sql,100,wallet_limit_profiles,single_tx_limit,"numeric"
20260321041525_e580a602-6450-4cab-8bdb-956b4623d31d.sql,101,wallet_limit_profiles,daily_send_limit,"numeric"
20260321041525_e580a602-6450-4cab-8bdb-956b4623d31d.sql,102,wallet_limit_profiles,daily_receive_limit,"numeric"
20260321041525_e580a602-6450-4cab-8bdb-956b4623d31d.sql,103,wallet_limit_profiles,monthly_send_limit,"numeric"
20260321041525_e580a602-6450-4cab-8bdb-956b4623d31d.sql,104,wallet_limit_profiles,monthly_receive_limit,"numeric"
20260321041525_e580a602-6450-4cab-8bdb-956b4623d31d.sql,105,wallet_limit_profiles,qr_pay_limit,"numeric"
20260321041525_e580a602-6450-4cab-8bdb-956b4623d31d.sql,106,wallet_limit_profiles,cashout_limit,"numeric"
20260321041525_e580a602-6450-4cab-8bdb-956b4623d31d.sql,107,wallet_limit_profiles,p2p_limit,"numeric"
20260321041525_e580a602-6450-4cab-8bdb-956b4623d31d.sql,108,wallet_limit_profiles,updated_at,"timestamptz"
20260321041525_e580a602-6450-4cab-8bdb-956b4623d31d.sql,115,compliance_cases,id,"uuid"
20260321041525_e580a602-6450-4cab-8bdb-956b4623d31d.sql,116,compliance_cases,user_id,"uuid"
20260321041525_e580a602-6450-4cab-8bdb-956b4623d31d.sql,117,compliance_cases,shop_id,"text"
20260321041525_e580a602-6450-4cab-8bdb-956b4623d31d.sql,118,compliance_cases,case_type,"text"
20260321041525_e580a602-6450-4cab-8bdb-956b4623d31d.sql,119,compliance_cases,severity,"text"
20260321041525_e580a602-6450-4cab-8bdb-956b4623d31d.sql,120,compliance_cases,status,"text"
20260321041525_e580a602-6450-4cab-8bdb-956b4623d31d.sql,121,compliance_cases,assigned_to,"uuid"
20260321041525_e580a602-6450-4cab-8bdb-956b4623d31d.sql,122,compliance_cases,notes,"text"
20260321041525_e580a602-6450-4cab-8bdb-956b4623d31d.sql,123,compliance_cases,created_at,"timestamptz"
20260321041525_e580a602-6450-4cab-8bdb-956b4623d31d.sql,124,compliance_cases,updated_at,"timestamptz"
20260321062654_c585bd93-20b4-48ee-845b-f161d57ac66f.sql,4,qr_targets,id,"uuid"
20260321062654_c585bd93-20b4-48ee-845b-f161d57ac66f.sql,5,qr_targets,type,"text"
20260321062654_c585bd93-20b4-48ee-845b-f161d57ac66f.sql,6,qr_targets,target_id,"text"
20260321062654_c585bd93-20b4-48ee-845b-f161d57ac66f.sql,7,qr_targets,metadata,"jsonb"
20260321062654_c585bd93-20b4-48ee-845b-f161d57ac66f.sql,8,qr_targets,created_at,"timestamptz"
20260321062654_c585bd93-20b4-48ee-845b-f161d57ac66f.sql,13,rtc_config,id,"uuid"
20260321062654_c585bd93-20b4-48ee-845b-f161d57ac66f.sql,14,rtc_config,active,"boolean"
20260321062654_c585bd93-20b4-48ee-845b-f161d57ac66f.sql,15,rtc_config,config,"jsonb"
20260321062654_c585bd93-20b4-48ee-845b-f161d57ac66f.sql,16,rtc_config,created_at,"timestamptz"
20260322104502_1ff7deff-52ca-4e4c-a781-34c6fcffe9b3.sql,6,transaction_intents,id,"uuid"
20260322104502_1ff7deff-52ca-4e4c-a781-34c6fcffe9b3.sql,7,transaction_intents,idempotency_key,"text"
20260322104502_1ff7deff-52ca-4e4c-a781-34c6fcffe9b3.sql,8,transaction_intents,user_id,"uuid"
20260322104502_1ff7deff-52ca-4e4c-a781-34c6fcffe9b3.sql,9,transaction_intents,amount,"numeric(12,2)"
20260322104502_1ff7deff-52ca-4e4c-a781-34c6fcffe9b3.sql,10,transaction_intents,currency,"text"
20260322104502_1ff7deff-52ca-4e4c-a781-34c6fcffe9b3.sql,11,transaction_intents,intent_type,"text"
20260322104502_1ff7deff-52ca-4e4c-a781-34c6fcffe9b3.sql,12,transaction_intents,status,"text"
20260322104502_1ff7deff-52ca-4e4c-a781-34c6fcffe9b3.sql,13,transaction_intents,provider,"text"
20260322104502_1ff7deff-52ca-4e4c-a781-34c6fcffe9b3.sql,14,transaction_intents,provider_intent_id,"text"
20260322104502_1ff7deff-52ca-4e4c-a781-34c6fcffe9b3.sql,15,transaction_intents,metadata_json,"jsonb"
20260322104502_1ff7deff-52ca-4e4c-a781-34c6fcffe9b3.sql,16,transaction_intents,context_type,"text"
20260322104502_1ff7deff-52ca-4e4c-a781-34c6fcffe9b3.sql,17,transaction_intents,context_id,"text"
20260322104502_1ff7deff-52ca-4e4c-a781-34c6fcffe9b3.sql,18,transaction_intents,error_message,"text"
20260322104502_1ff7deff-52ca-4e4c-a781-34c6fcffe9b3.sql,19,transaction_intents,expires_at,"timestamptz"
20260322104502_1ff7deff-52ca-4e4c-a781-34c6fcffe9b3.sql,20,transaction_intents,created_at,"timestamptz"
20260322104502_1ff7deff-52ca-4e4c-a781-34c6fcffe9b3.sql,21,transaction_intents,updated_at,"timestamptz"
20260322104502_1ff7deff-52ca-4e4c-a781-34c6fcffe9b3.sql,26,topup_requests,id,"uuid"
20260322104502_1ff7deff-52ca-4e4c-a781-34c6fcffe9b3.sql,27,topup_requests,user_id,"uuid"
20260322104502_1ff7deff-52ca-4e4c-a781-34c6fcffe9b3.sql,28,topup_requests,wallet_id,"text"
20260322104502_1ff7deff-52ca-4e4c-a781-34c6fcffe9b3.sql,29,topup_requests,amount,"numeric(12,2)"
20260322104502_1ff7deff-52ca-4e4c-a781-34c6fcffe9b3.sql,30,topup_requests,currency,"text"
20260322104502_1ff7deff-52ca-4e4c-a781-34c6fcffe9b3.sql,31,topup_requests,provider,"text"
20260322104502_1ff7deff-52ca-4e4c-a781-34c6fcffe9b3.sql,32,topup_requests,provider_session_id,"text"
20260322104502_1ff7deff-52ca-4e4c-a781-34c6fcffe9b3.sql,33,topup_requests,provider_intent_id,"text"
20260322104502_1ff7deff-52ca-4e4c-a781-34c6fcffe9b3.sql,34,topup_requests,status,"text"
20260322104502_1ff7deff-52ca-4e4c-a781-34c6fcffe9b3.sql,35,topup_requests,method,"text"
20260322104502_1ff7deff-52ca-4e4c-a781-34c6fcffe9b3.sql,36,topup_requests,error_message,"text"
20260322104502_1ff7deff-52ca-4e4c-a781-34c6fcffe9b3.sql,37,topup_requests,completed_at,"timestamptz"
20260322104502_1ff7deff-52ca-4e4c-a781-34c6fcffe9b3.sql,38,topup_requests,created_at,"timestamptz"
20260322104502_1ff7deff-52ca-4e4c-a781-34c6fcffe9b3.sql,39,topup_requests,updated_at,"timestamptz"
20260322104502_1ff7deff-52ca-4e4c-a781-34c6fcffe9b3.sql,44,commission_splits,id,"uuid"
20260322104502_1ff7deff-52ca-4e4c-a781-34c6fcffe9b3.sql,45,commission_splits,transaction_intent_id,"uuid"
20260322104502_1ff7deff-52ca-4e4c-a781-34c6fcffe9b3.sql,46,commission_splits,order_id,"text"
20260322104502_1ff7deff-52ca-4e4c-a781-34c6fcffe9b3.sql,47,commission_splits,total_amount,"numeric(12,2)"
20260322104502_1ff7deff-52ca-4e4c-a781-34c6fcffe9b3.sql,48,commission_splits,currency,"text"
20260322104502_1ff7deff-52ca-4e4c-a781-34c6fcffe9b3.sql,49,commission_splits,platform_amount,"numeric(12,2)"
20260322104502_1ff7deff-52ca-4e4c-a781-34c6fcffe9b3.sql,50,commission_splits,platform_rate,"numeric(5,4)"
20260322104502_1ff7deff-52ca-4e4c-a781-34c6fcffe9b3.sql,51,commission_splits,store_amount,"numeric(12,2)"
20260322104502_1ff7deff-52ca-4e4c-a781-34c6fcffe9b3.sql,52,commission_splits,store_rate,"numeric(5,4)"
20260322104502_1ff7deff-52ca-4e4c-a781-34c6fcffe9b3.sql,53,commission_splits,driver_amount,"numeric(12,2)"
20260322104502_1ff7deff-52ca-4e4c-a781-34c6fcffe9b3.sql,54,commission_splits,driver_rate,"numeric(5,4)"
20260322104502_1ff7deff-52ca-4e4c-a781-34c6fcffe9b3.sql,55,commission_splits,store_user_id,"uuid"
20260322104502_1ff7deff-52ca-4e4c-a781-34c6fcffe9b3.sql,56,commission_splits,driver_user_id,"uuid"
20260322104502_1ff7deff-52ca-4e4c-a781-34c6fcffe9b3.sql,57,commission_splits,status,"text"
20260322104502_1ff7deff-52ca-4e4c-a781-34c6fcffe9b3.sql,58,commission_splits,settled_at,"timestamptz"
20260322104502_1ff7deff-52ca-4e4c-a781-34c6fcffe9b3.sql,59,commission_splits,created_at,"timestamptz"
20260322104502_1ff7deff-52ca-4e4c-a781-34c6fcffe9b3.sql,64,payment_provider_events,id,"uuid"
20260322104502_1ff7deff-52ca-4e4c-a781-34c6fcffe9b3.sql,65,payment_provider_events,provider,"text"
20260322104502_1ff7deff-52ca-4e4c-a781-34c6fcffe9b3.sql,66,payment_provider_events,event_id,"text"
20260322104502_1ff7deff-52ca-4e4c-a781-34c6fcffe9b3.sql,67,payment_provider_events,event_type,"text"
20260322104502_1ff7deff-52ca-4e4c-a781-34c6fcffe9b3.sql,68,payment_provider_events,payload_json,"jsonb"
20260322104502_1ff7deff-52ca-4e4c-a781-34c6fcffe9b3.sql,69,payment_provider_events,processed,"boolean"
20260322104502_1ff7deff-52ca-4e4c-a781-34c6fcffe9b3.sql,70,payment_provider_events,processed_at,"timestamptz"
20260322104502_1ff7deff-52ca-4e4c-a781-34c6fcffe9b3.sql,71,payment_provider_events,error_message,"text"
20260322104502_1ff7deff-52ca-4e4c-a781-34c6fcffe9b3.sql,72,payment_provider_events,created_at,"timestamptz"
20260322104502_1ff7deff-52ca-4e4c-a781-34c6fcffe9b3.sql,78,settlement_records,id,"uuid"
20260322104502_1ff7deff-52ca-4e4c-a781-34c6fcffe9b3.sql,79,settlement_records,recipient_user_id,"uuid"
20260322104502_1ff7deff-52ca-4e4c-a781-34c6fcffe9b3.sql,80,settlement_records,recipient_type,"text"
20260322104502_1ff7deff-52ca-4e4c-a781-34c6fcffe9b3.sql,81,settlement_records,amount,"numeric(12,2)"
20260322104502_1ff7deff-52ca-4e4c-a781-34c6fcffe9b3.sql,82,settlement_records,currency,"text"
20260322104502_1ff7deff-52ca-4e4c-a781-34c6fcffe9b3.sql,83,settlement_records,provider,"text"
20260322104502_1ff7deff-52ca-4e4c-a781-34c6fcffe9b3.sql,84,settlement_records,provider_payout_id,"text"
20260322104502_1ff7deff-52ca-4e4c-a781-34c6fcffe9b3.sql,85,settlement_records,period_start,"date"
20260322104502_1ff7deff-52ca-4e4c-a781-34c6fcffe9b3.sql,86,settlement_records,period_end,"date"
20260322104502_1ff7deff-52ca-4e4c-a781-34c6fcffe9b3.sql,87,settlement_records,status,"text"
20260322104502_1ff7deff-52ca-4e4c-a781-34c6fcffe9b3.sql,88,settlement_records,transaction_count,"int"
20260322104502_1ff7deff-52ca-4e4c-a781-34c6fcffe9b3.sql,89,settlement_records,metadata_json,"jsonb"
20260322104502_1ff7deff-52ca-4e4c-a781-34c6fcffe9b3.sql,90,settlement_records,settled_at,"timestamptz"
20260322104502_1ff7deff-52ca-4e4c-a781-34c6fcffe9b3.sql,91,settlement_records,created_at,"timestamptz"
20260322104502_1ff7deff-52ca-4e4c-a781-34c6fcffe9b3.sql,121,payment_method_links,id,"uuid"
20260322104502_1ff7deff-52ca-4e4c-a781-34c6fcffe9b3.sql,122,payment_method_links,user_id,"uuid"
20260322104502_1ff7deff-52ca-4e4c-a781-34c6fcffe9b3.sql,123,payment_method_links,provider,"text"
20260322104502_1ff7deff-52ca-4e4c-a781-34c6fcffe9b3.sql,124,payment_method_links,provider_method_id,"text"
20260322104502_1ff7deff-52ca-4e4c-a781-34c6fcffe9b3.sql,125,payment_method_links,method_type,"text"
20260322104502_1ff7deff-52ca-4e4c-a781-34c6fcffe9b3.sql,126,payment_method_links,label,"text"
20260322104502_1ff7deff-52ca-4e4c-a781-34c6fcffe9b3.sql,127,payment_method_links,last4,"text"
20260322104502_1ff7deff-52ca-4e4c-a781-34c6fcffe9b3.sql,128,payment_method_links,brand,"text"
20260322104502_1ff7deff-52ca-4e4c-a781-34c6fcffe9b3.sql,129,payment_method_links,is_default,"boolean"
20260322104502_1ff7deff-52ca-4e4c-a781-34c6fcffe9b3.sql,130,payment_method_links,expires_at,"text"
20260322104502_1ff7deff-52ca-4e4c-a781-34c6fcffe9b3.sql,131,payment_method_links,created_at,"timestamptz"
20260322104502_1ff7deff-52ca-4e4c-a781-34c6fcffe9b3.sql,137,qr_payment_sessions,id,"uuid"
20260322104502_1ff7deff-52ca-4e4c-a781-34c6fcffe9b3.sql,138,qr_payment_sessions,session_token,"text"
20260322104502_1ff7deff-52ca-4e4c-a781-34c6fcffe9b3.sql,139,qr_payment_sessions,creator_user_id,"uuid"
20260322104502_1ff7deff-52ca-4e4c-a781-34c6fcffe9b3.sql,140,qr_payment_sessions,amount,"numeric(12,2)"
20260322104502_1ff7deff-52ca-4e4c-a781-34c6fcffe9b3.sql,141,qr_payment_sessions,currency,"text"
20260322104502_1ff7deff-52ca-4e4c-a781-34c6fcffe9b3.sql,142,qr_payment_sessions,context_type,"text"
20260322104502_1ff7deff-52ca-4e4c-a781-34c6fcffe9b3.sql,143,qr_payment_sessions,context_id,"text"
20260322104502_1ff7deff-52ca-4e4c-a781-34c6fcffe9b3.sql,144,qr_payment_sessions,store_id,"text"
20260322104502_1ff7deff-52ca-4e4c-a781-34c6fcffe9b3.sql,145,qr_payment_sessions,terminal_id,"text"
20260322104502_1ff7deff-52ca-4e4c-a781-34c6fcffe9b3.sql,146,qr_payment_sessions,table_number,"text"
20260322104502_1ff7deff-52ca-4e4c-a781-34c6fcffe9b3.sql,147,qr_payment_sessions,order_id,"text"
20260322104502_1ff7deff-52ca-4e4c-a781-34c6fcffe9b3.sql,148,qr_payment_sessions,nonce,"text"
20260322104502_1ff7deff-52ca-4e4c-a781-34c6fcffe9b3.sql,149,qr_payment_sessions,status,"text"
20260322104502_1ff7deff-52ca-4e4c-a781-34c6fcffe9b3.sql,150,qr_payment_sessions,payer_user_id,"uuid"
20260322104502_1ff7deff-52ca-4e4c-a781-34c6fcffe9b3.sql,151,qr_payment_sessions,transaction_intent_id,"uuid"
20260322104502_1ff7deff-52ca-4e4c-a781-34c6fcffe9b3.sql,152,qr_payment_sessions,scanned_at,"timestamptz"
20260322104502_1ff7deff-52ca-4e4c-a781-34c6fcffe9b3.sql,153,qr_payment_sessions,completed_at,"timestamptz"
20260322104502_1ff7deff-52ca-4e4c-a781-34c6fcffe9b3.sql,154,qr_payment_sessions,expires_at,"timestamptz"
20260322104502_1ff7deff-52ca-4e4c-a781-34c6fcffe9b3.sql,155,qr_payment_sessions,created_at,"timestamptz"
20260322140322_a46d000b-43ac-48fe-9029-490624cc83b8.sql,7,products,id,"uuid"
20260322140322_a46d000b-43ac-48fe-9029-490624cc83b8.sql,8,products,shop_id,"uuid"
20260322140322_a46d000b-43ac-48fe-9029-490624cc83b8.sql,9,products,category,"text"
20260322140322_a46d000b-43ac-48fe-9029-490624cc83b8.sql,10,products,subcategory,"text"
20260322140322_a46d000b-43ac-48fe-9029-490624cc83b8.sql,11,products,name,"text"
20260322140322_a46d000b-43ac-48fe-9029-490624cc83b8.sql,12,products,description,"text"
20260322140322_a46d000b-43ac-48fe-9029-490624cc83b8.sql,13,products,image_url,"text"
20260322140322_a46d000b-43ac-48fe-9029-490624cc83b8.sql,14,products,price,"numeric"
20260322140322_a46d000b-43ac-48fe-9029-490624cc83b8.sql,15,products,currency,"text"
20260322140322_a46d000b-43ac-48fe-9029-490624cc83b8.sql,16,products,is_available,"boolean"
20260322140322_a46d000b-43ac-48fe-9029-490624cc83b8.sql,17,products,sort_order,"integer"
20260322140322_a46d000b-43ac-48fe-9029-490624cc83b8.sql,18,products,created_at,"timestamptz"
20260322140322_a46d000b-43ac-48fe-9029-490624cc83b8.sql,19,products,updated_at,"timestamptz"
20260322140322_a46d000b-43ac-48fe-9029-490624cc83b8.sql,34,business_videos,id,"uuid"
20260322140322_a46d000b-43ac-48fe-9029-490624cc83b8.sql,35,business_videos,shop_id,"uuid"
20260322140322_a46d000b-43ac-48fe-9029-490624cc83b8.sql,36,business_videos,product_id,"uuid"
20260322140322_a46d000b-43ac-48fe-9029-490624cc83b8.sql,37,business_videos,video_type,"text"
20260322140322_a46d000b-43ac-48fe-9029-490624cc83b8.sql,38,business_videos,public_url,"text"
20260322140322_a46d000b-43ac-48fe-9029-490624cc83b8.sql,39,business_videos,thumbnail_url,"text"
20260322140322_a46d000b-43ac-48fe-9029-490624cc83b8.sql,40,business_videos,duration_sec,"integer"
20260322140322_a46d000b-43ac-48fe-9029-490624cc83b8.sql,41,business_videos,city,"text"
20260322140322_a46d000b-43ac-48fe-9029-490624cc83b8.sql,42,business_videos,area,"text"
20260322140322_a46d000b-43ac-48fe-9029-490624cc83b8.sql,43,business_videos,starts_at,"timestamptz"
20260322140322_a46d000b-43ac-48fe-9029-490624cc83b8.sql,44,business_videos,ends_at,"timestamptz"
20260322140322_a46d000b-43ac-48fe-9029-490624cc83b8.sql,45,business_videos,status,"text"
20260322140322_a46d000b-43ac-48fe-9029-490624cc83b8.sql,46,business_videos,is_featured,"boolean"
20260322140322_a46d000b-43ac-48fe-9029-490624cc83b8.sql,47,business_videos,created_at,"timestamptz"
20260322140322_a46d000b-43ac-48fe-9029-490624cc83b8.sql,48,business_videos,updated_at,"timestamptz"
20260323100416_f38f3dde-7542-42fc-a499-8f3eb3bb46c7.sql,17,entities,id,"uuid"
20260323100416_f38f3dde-7542-42fc-a499-8f3eb3bb46c7.sql,18,entities,entity_type,"public"
20260323100416_f38f3dde-7542-42fc-a499-8f3eb3bb46c7.sql,21,entities,name,"text"
20260323100416_f38f3dde-7542-42fc-a499-8f3eb3bb46c7.sql,22,entities,slug,"text"
20260323100416_f38f3dde-7542-42fc-a499-8f3eb3bb46c7.sql,23,entities,logo_url,"text"
20260323100416_f38f3dde-7542-42fc-a499-8f3eb3bb46c7.sql,24,entities,banner_url,"text"
20260323100416_f38f3dde-7542-42fc-a499-8f3eb3bb46c7.sql,27,entities,vertical,"text"
20260323100416_f38f3dde-7542-42fc-a499-8f3eb3bb46c7.sql,28,entities,cluster,"text"
20260323100416_f38f3dde-7542-42fc-a499-8f3eb3bb46c7.sql,29,entities,subcategory,"text"
20260323100416_f38f3dde-7542-42fc-a499-8f3eb3bb46c7.sql,30,entities,tags,"text[]"
20260323100416_f38f3dde-7542-42fc-a499-8f3eb3bb46c7.sql,33,entities,latitude,"double"
20260323100416_f38f3dde-7542-42fc-a499-8f3eb3bb46c7.sql,34,entities,longitude,"double"
20260323100416_f38f3dde-7542-42fc-a499-8f3eb3bb46c7.sql,35,entities,address,"text"
20260323100416_f38f3dde-7542-42fc-a499-8f3eb3bb46c7.sql,36,entities,area,"text"
20260323100416_f38f3dde-7542-42fc-a499-8f3eb3bb46c7.sql,37,entities,city,"text"
20260323100416_f38f3dde-7542-42fc-a499-8f3eb3bb46c7.sql,38,entities,country_code,"text"
20260323100416_f38f3dde-7542-42fc-a499-8f3eb3bb46c7.sql,41,entities,phone,"text"
20260323100416_f38f3dde-7542-42fc-a499-8f3eb3bb46c7.sql,42,entities,whatsapp,"text"
20260323100416_f38f3dde-7542-42fc-a499-8f3eb3bb46c7.sql,43,entities,email,"text"
20260323100416_f38f3dde-7542-42fc-a499-8f3eb3bb46c7.sql,44,entities,website,"text"
20260323100416_f38f3dde-7542-42fc-a499-8f3eb3bb46c7.sql,47,entities,rating,"numeric(3,2)"
20260323100416_f38f3dde-7542-42fc-a499-8f3eb3bb46c7.sql,48,entities,review_count,"integer"
20260323100416_f38f3dde-7542-42fc-a499-8f3eb3bb46c7.sql,49,entities,order_count,"integer"
20260323100416_f38f3dde-7542-42fc-a499-8f3eb3bb46c7.sql,52,entities,owner_user_id,"uuid"
20260323100416_f38f3dde-7542-42fc-a499-8f3eb3bb46c7.sql,53,entities,org_id,"uuid"
20260323100416_f38f3dde-7542-42fc-a499-8f3eb3bb46c7.sql,56,entities,storefront_page_id,"uuid"
20260323100416_f38f3dde-7542-42fc-a499-8f3eb3bb46c7.sql,57,entities,seed_merchant_id,"uuid"
20260323100416_f38f3dde-7542-42fc-a499-8f3eb3bb46c7.sql,60,entities,status,"text"
20260323100416_f38f3dde-7542-42fc-a499-8f3eb3bb46c7.sql,61,entities,verified,"boolean"
20260323100416_f38f3dde-7542-42fc-a499-8f3eb3bb46c7.sql,64,entities,boost_tier,"text"
20260323100416_f38f3dde-7542-42fc-a499-8f3eb3bb46c7.sql,65,entities,boost_until,"timestamptz"
20260323100416_f38f3dde-7542-42fc-a499-8f3eb3bb46c7.sql,66,entities,partner_network_id,"uuid"
20260323100416_f38f3dde-7542-42fc-a499-8f3eb3bb46c7.sql,69,entities,created_at,"timestamptz"
20260323100416_f38f3dde-7542-42fc-a499-8f3eb3bb46c7.sql,70,entities,updated_at,"timestamptz"
20260323153750_79872a65-dc04-48eb-bef1-9bd66533ddf4.sql,15,classification_learning,id,"uuid"
20260323153750_79872a65-dc04-48eb-bef1-9bd66533ddf4.sql,16,classification_learning,pattern_key,"text"
20260323153750_79872a65-dc04-48eb-bef1-9bd66533ddf4.sql,17,classification_learning,source_subcategory,"text"
20260323153750_79872a65-dc04-48eb-bef1-9bd66533ddf4.sql,18,classification_learning,old_vertical,"text"
20260323153750_79872a65-dc04-48eb-bef1-9bd66533ddf4.sql,19,classification_learning,corrected_vertical,"text"
20260323153750_79872a65-dc04-48eb-bef1-9bd66533ddf4.sql,20,classification_learning,corrected_subcategory,"text"
20260323153750_79872a65-dc04-48eb-bef1-9bd66533ddf4.sql,21,classification_learning,corrected_by,"text"
20260323153750_79872a65-dc04-48eb-bef1-9bd66533ddf4.sql,22,classification_learning,correction_count,"integer"
20260323153750_79872a65-dc04-48eb-bef1-9bd66533ddf4.sql,23,classification_learning,created_at,"timestamptz"
20260323153750_79872a65-dc04-48eb-bef1-9bd66533ddf4.sql,24,classification_learning,updated_at,"timestamptz"
20260323185754_a2b79663-a987-4f45-b58e-6eeac3a4752e.sql,12,shop_tables,id,"uuid"
20260323185754_a2b79663-a987-4f45-b58e-6eeac3a4752e.sql,13,shop_tables,shop_id,"uuid"
20260323185754_a2b79663-a987-4f45-b58e-6eeac3a4752e.sql,14,shop_tables,label,"text"
20260323185754_a2b79663-a987-4f45-b58e-6eeac3a4752e.sql,15,shop_tables,table_number,"integer"
20260323185754_a2b79663-a987-4f45-b58e-6eeac3a4752e.sql,16,shop_tables,zone,"text"
20260323185754_a2b79663-a987-4f45-b58e-6eeac3a4752e.sql,17,shop_tables,seats,"integer"
20260323185754_a2b79663-a987-4f45-b58e-6eeac3a4752e.sql,18,shop_tables,status,"text"
20260323185754_a2b79663-a987-4f45-b58e-6eeac3a4752e.sql,19,shop_tables,qr_target_id,"uuid"
20260323185754_a2b79663-a987-4f45-b58e-6eeac3a4752e.sql,20,shop_tables,is_active,"boolean"
20260323185754_a2b79663-a987-4f45-b58e-6eeac3a4752e.sql,21,shop_tables,created_at,"timestamptz"
20260323185754_a2b79663-a987-4f45-b58e-6eeac3a4752e.sql,22,shop_tables,updated_at,"timestamptz"
20260323185754_a2b79663-a987-4f45-b58e-6eeac3a4752e.sql,43,shop_terminals,id,"uuid"
20260323185754_a2b79663-a987-4f45-b58e-6eeac3a4752e.sql,44,shop_terminals,shop_id,"uuid"
20260323185754_a2b79663-a987-4f45-b58e-6eeac3a4752e.sql,45,shop_terminals,terminal_code,"text"
20260323185754_a2b79663-a987-4f45-b58e-6eeac3a4752e.sql,46,shop_terminals,terminal_type,"text"
20260323185754_a2b79663-a987-4f45-b58e-6eeac3a4752e.sql,47,shop_terminals,label,"text"
20260323185754_a2b79663-a987-4f45-b58e-6eeac3a4752e.sql,48,shop_terminals,is_active,"boolean"
20260323185754_a2b79663-a987-4f45-b58e-6eeac3a4752e.sql,49,shop_terminals,last_seen_at,"timestamptz"
20260323185754_a2b79663-a987-4f45-b58e-6eeac3a4752e.sql,50,shop_terminals,device_info,"jsonb"
20260323185754_a2b79663-a987-4f45-b58e-6eeac3a4752e.sql,51,shop_terminals,created_at,"timestamptz"
20260323185754_a2b79663-a987-4f45-b58e-6eeac3a4752e.sql,52,shop_terminals,updated_at,"timestamptz"
20260323185754_a2b79663-a987-4f45-b58e-6eeac3a4752e.sql,88,payment_sessions,id,"uuid"
20260323185754_a2b79663-a987-4f45-b58e-6eeac3a4752e.sql,89,payment_sessions,shop_id,"uuid"
20260323185754_a2b79663-a987-4f45-b58e-6eeac3a4752e.sql,90,payment_sessions,order_id,"uuid"
20260323185754_a2b79663-a987-4f45-b58e-6eeac3a4752e.sql,91,payment_sessions,amount,"numeric"
20260323185754_a2b79663-a987-4f45-b58e-6eeac3a4752e.sql,92,payment_sessions,currency,"text"
20260323185754_a2b79663-a987-4f45-b58e-6eeac3a4752e.sql,93,payment_sessions,status,"text"
20260323185754_a2b79663-a987-4f45-b58e-6eeac3a4752e.sql,94,payment_sessions,payment_method,"text"
20260323185754_a2b79663-a987-4f45-b58e-6eeac3a4752e.sql,95,payment_sessions,qr_target_id,"uuid"
20260323185754_a2b79663-a987-4f45-b58e-6eeac3a4752e.sql,96,payment_sessions,payer_id,"uuid"
20260323185754_a2b79663-a987-4f45-b58e-6eeac3a4752e.sql,97,payment_sessions,terminal_id,"uuid"
20260323185754_a2b79663-a987-4f45-b58e-6eeac3a4752e.sql,98,payment_sessions,metadata_json,"jsonb"
20260323185754_a2b79663-a987-4f45-b58e-6eeac3a4752e.sql,99,payment_sessions,expires_at,"timestamptz"
20260323185754_a2b79663-a987-4f45-b58e-6eeac3a4752e.sql,100,payment_sessions,completed_at,"timestamptz"
20260323185754_a2b79663-a987-4f45-b58e-6eeac3a4752e.sql,101,payment_sessions,created_at,"timestamptz"
20260323185754_a2b79663-a987-4f45-b58e-6eeac3a4752e.sql,102,payment_sessions,updated_at,"timestamptz"
20260324030815_18428fc9-43d7-47b5-aabd-cdeb37173fc8.sql,3,stay_availability,id,"uuid"
20260324030815_18428fc9-43d7-47b5-aabd-cdeb37173fc8.sql,4,stay_availability,merchant_id,"uuid"
20260324030815_18428fc9-43d7-47b5-aabd-cdeb37173fc8.sql,5,stay_availability,room_type,"text"
20260324030815_18428fc9-43d7-47b5-aabd-cdeb37173fc8.sql,6,stay_availability,date,"date"
20260324030815_18428fc9-43d7-47b5-aabd-cdeb37173fc8.sql,7,stay_availability,available,"boolean"
20260324030815_18428fc9-43d7-47b5-aabd-cdeb37173fc8.sql,8,stay_availability,price_per_night,"numeric(10,2)"
20260324030815_18428fc9-43d7-47b5-aabd-cdeb37173fc8.sql,9,stay_availability,currency,"text"
20260324030815_18428fc9-43d7-47b5-aabd-cdeb37173fc8.sql,10,stay_availability,min_nights,"integer"
20260324030815_18428fc9-43d7-47b5-aabd-cdeb37173fc8.sql,11,stay_availability,max_guests,"integer"
20260324030815_18428fc9-43d7-47b5-aabd-cdeb37173fc8.sql,12,stay_availability,rooms_total,"integer"
20260324030815_18428fc9-43d7-47b5-aabd-cdeb37173fc8.sql,13,stay_availability,rooms_booked,"integer"
20260324030815_18428fc9-43d7-47b5-aabd-cdeb37173fc8.sql,14,stay_availability,blackout,"boolean"
20260324030815_18428fc9-43d7-47b5-aabd-cdeb37173fc8.sql,15,stay_availability,notes,"text"
20260324030815_18428fc9-43d7-47b5-aabd-cdeb37173fc8.sql,16,stay_availability,created_at,"timestamptz"
20260324030815_18428fc9-43d7-47b5-aabd-cdeb37173fc8.sql,17,stay_availability,updated_at,"timestamptz"
20260324030815_18428fc9-43d7-47b5-aabd-cdeb37173fc8.sql,23,stay_bookings,id,"uuid"
20260324030815_18428fc9-43d7-47b5-aabd-cdeb37173fc8.sql,24,stay_bookings,merchant_id,"uuid"
20260324030815_18428fc9-43d7-47b5-aabd-cdeb37173fc8.sql,25,stay_bookings,guest_user_id,"uuid"
20260324030815_18428fc9-43d7-47b5-aabd-cdeb37173fc8.sql,26,stay_bookings,guest_name,"text"
20260324030815_18428fc9-43d7-47b5-aabd-cdeb37173fc8.sql,27,stay_bookings,guest_email,"text"
20260324030815_18428fc9-43d7-47b5-aabd-cdeb37173fc8.sql,28,stay_bookings,guest_phone,"text"
20260324030815_18428fc9-43d7-47b5-aabd-cdeb37173fc8.sql,29,stay_bookings,room_type,"text"
20260324030815_18428fc9-43d7-47b5-aabd-cdeb37173fc8.sql,30,stay_bookings,check_in,"date"
20260324030815_18428fc9-43d7-47b5-aabd-cdeb37173fc8.sql,31,stay_bookings,check_out,"date"
20260324030815_18428fc9-43d7-47b5-aabd-cdeb37173fc8.sql,32,stay_bookings,nights,"integer"
20260324030815_18428fc9-43d7-47b5-aabd-cdeb37173fc8.sql,33,stay_bookings,guests_count,"integer"
20260324030815_18428fc9-43d7-47b5-aabd-cdeb37173fc8.sql,34,stay_bookings,rooms_count,"integer"
20260324030815_18428fc9-43d7-47b5-aabd-cdeb37173fc8.sql,35,stay_bookings,price_per_night,"numeric(10,2)"
20260324030815_18428fc9-43d7-47b5-aabd-cdeb37173fc8.sql,36,stay_bookings,total_amount,"numeric(10,2)"
20260324030815_18428fc9-43d7-47b5-aabd-cdeb37173fc8.sql,37,stay_bookings,currency,"text"
20260324030815_18428fc9-43d7-47b5-aabd-cdeb37173fc8.sql,38,stay_bookings,status,"text"
20260324030815_18428fc9-43d7-47b5-aabd-cdeb37173fc8.sql,39,stay_bookings,payment_intent_id,"text"
20260324030815_18428fc9-43d7-47b5-aabd-cdeb37173fc8.sql,40,stay_bookings,special_requests,"text"
20260324030815_18428fc9-43d7-47b5-aabd-cdeb37173fc8.sql,41,stay_bookings,created_at,"timestamptz"
20260324030815_18428fc9-43d7-47b5-aabd-cdeb37173fc8.sql,42,stay_bookings,updated_at,"timestamptz"
20260324052221_737f0fd5-18ca-4191-a855-482866ad6efe.sql,8,boost_campaigns,id,"uuid"
20260324052221_737f0fd5-18ca-4191-a855-482866ad6efe.sql,9,boost_campaigns,owner_user_id,"uuid"
20260324052221_737f0fd5-18ca-4191-a855-482866ad6efe.sql,10,boost_campaigns,entity_id,"text"
20260324052221_737f0fd5-18ca-4191-a855-482866ad6efe.sql,11,boost_campaigns,entity_type,"text"
20260324052221_737f0fd5-18ca-4191-a855-482866ad6efe.sql,12,boost_campaigns,campaign_type,"text"
20260324052221_737f0fd5-18ca-4191-a855-482866ad6efe.sql,13,boost_campaigns,objective,"text"
20260324052221_737f0fd5-18ca-4191-a855-482866ad6efe.sql,14,boost_campaigns,status,"text"
20260324052221_737f0fd5-18ca-4191-a855-482866ad6efe.sql,15,boost_campaigns,start_at,"timestamptz"
20260324052221_737f0fd5-18ca-4191-a855-482866ad6efe.sql,16,boost_campaigns,end_at,"timestamptz"
20260324052221_737f0fd5-18ca-4191-a855-482866ad6efe.sql,17,boost_campaigns,daily_budget,"numeric(12,2)"
20260324052221_737f0fd5-18ca-4191-a855-482866ad6efe.sql,18,boost_campaigns,total_budget,"numeric(12,2)"
20260324052221_737f0fd5-18ca-4191-a855-482866ad6efe.sql,19,boost_campaigns,spent,"numeric(12,2)"
20260324052221_737f0fd5-18ca-4191-a855-482866ad6efe.sql,20,boost_campaigns,currency,"text"
20260324052221_737f0fd5-18ca-4191-a855-482866ad6efe.sql,21,boost_campaigns,targeting_json,"jsonb"
20260324052221_737f0fd5-18ca-4191-a855-482866ad6efe.sql,22,boost_campaigns,creative_set_id,"uuid"
20260324052221_737f0fd5-18ca-4191-a855-482866ad6efe.sql,23,boost_campaigns,bidding_mode,"text"
20260324052221_737f0fd5-18ca-4191-a855-482866ad6efe.sql,24,boost_campaigns,lead_goal,"integer"
20260324052221_737f0fd5-18ca-4191-a855-482866ad6efe.sql,25,boost_campaigns,canonical_vertical,"text"
20260324052221_737f0fd5-18ca-4191-a855-482866ad6efe.sql,26,boost_campaigns,canonical_subcategory,"text"
20260324052221_737f0fd5-18ca-4191-a855-482866ad6efe.sql,27,boost_campaigns,country,"text"
20260324052221_737f0fd5-18ca-4191-a855-482866ad6efe.sql,28,boost_campaigns,city,"text"
20260324052221_737f0fd5-18ca-4191-a855-482866ad6efe.sql,29,boost_campaigns,zone,"text"
20260324052221_737f0fd5-18ca-4191-a855-482866ad6efe.sql,30,boost_campaigns,locale,"text"
20260324052221_737f0fd5-18ca-4191-a855-482866ad6efe.sql,31,boost_campaigns,created_at,"timestamptz"
20260324052221_737f0fd5-18ca-4191-a855-482866ad6efe.sql,32,boost_campaigns,updated_at,"timestamptz"
20260324052221_737f0fd5-18ca-4191-a855-482866ad6efe.sql,37,boost_creatives,id,"uuid"
20260324052221_737f0fd5-18ca-4191-a855-482866ad6efe.sql,38,boost_creatives,campaign_id,"uuid"
20260324052221_737f0fd5-18ca-4191-a855-482866ad6efe.sql,39,boost_creatives,creative_type,"text"
20260324052221_737f0fd5-18ca-4191-a855-482866ad6efe.sql,40,boost_creatives,title,"text"
20260324052221_737f0fd5-18ca-4191-a855-482866ad6efe.sql,41,boost_creatives,subtitle,"text"
20260324052221_737f0fd5-18ca-4191-a855-482866ad6efe.sql,42,boost_creatives,image_url,"text"
20260324052221_737f0fd5-18ca-4191-a855-482866ad6efe.sql,43,boost_creatives,video_url,"text"
20260324052221_737f0fd5-18ca-4191-a855-482866ad6efe.sql,44,boost_creatives,cta_label,"text"
20260324052221_737f0fd5-18ca-4191-a855-482866ad6efe.sql,45,boost_creatives,cta_target,"text"
20260324052221_737f0fd5-18ca-4191-a855-482866ad6efe.sql,46,boost_creatives,theme_variant,"text"
20260324052221_737f0fd5-18ca-4191-a855-482866ad6efe.sql,47,boost_creatives,canonical_vertical,"text"
20260324052221_737f0fd5-18ca-4191-a855-482866ad6efe.sql,48,boost_creatives,canonical_subcategory,"text"
20260324052221_737f0fd5-18ca-4191-a855-482866ad6efe.sql,49,boost_creatives,locale,"text"
20260324052221_737f0fd5-18ca-4191-a855-482866ad6efe.sql,50,boost_creatives,status,"text"
20260324052221_737f0fd5-18ca-4191-a855-482866ad6efe.sql,51,boost_creatives,created_at,"timestamptz"
20260324052221_737f0fd5-18ca-4191-a855-482866ad6efe.sql,56,boost_slots,id,"uuid"
20260324052221_737f0fd5-18ca-4191-a855-482866ad6efe.sql,57,boost_slots,surface,"text"
20260324052221_737f0fd5-18ca-4191-a855-482866ad6efe.sql,58,boost_slots,slot_key,"text"
20260324052221_737f0fd5-18ca-4191-a855-482866ad6efe.sql,59,boost_slots,vertical,"text"
20260324052221_737f0fd5-18ca-4191-a855-482866ad6efe.sql,60,boost_slots,subcategory,"text"
20260324052221_737f0fd5-18ca-4191-a855-482866ad6efe.sql,61,boost_slots,country,"text"
20260324052221_737f0fd5-18ca-4191-a855-482866ad6efe.sql,62,boost_slots,city,"text"
20260324052221_737f0fd5-18ca-4191-a855-482866ad6efe.sql,63,boost_slots,zone,"text"
20260324052221_737f0fd5-18ca-4191-a855-482866ad6efe.sql,64,boost_slots,position_index,"integer"
20260324052221_737f0fd5-18ca-4191-a855-482866ad6efe.sql,65,boost_slots,slot_type,"text"
20260324052221_737f0fd5-18ca-4191-a855-482866ad6efe.sql,66,boost_slots,active,"boolean"
20260324052221_737f0fd5-18ca-4191-a855-482866ad6efe.sql,67,boost_slots,rules_json,"jsonb"
20260324052221_737f0fd5-18ca-4191-a855-482866ad6efe.sql,68,boost_slots,created_at,"timestamptz"
20260324052221_737f0fd5-18ca-4191-a855-482866ad6efe.sql,74,boost_impressions,id,"uuid"
20260324052221_737f0fd5-18ca-4191-a855-482866ad6efe.sql,75,boost_impressions,campaign_id,"uuid"
20260324052221_737f0fd5-18ca-4191-a855-482866ad6efe.sql,76,boost_impressions,creative_id,"uuid"
20260324052221_737f0fd5-18ca-4191-a855-482866ad6efe.sql,77,boost_impressions,slot_id,"uuid"
20260324052221_737f0fd5-18ca-4191-a855-482866ad6efe.sql,78,boost_impressions,viewer_user_id,"uuid"
20260324052221_737f0fd5-18ca-4191-a855-482866ad6efe.sql,79,boost_impressions,session_id,"text"
20260324052221_737f0fd5-18ca-4191-a855-482866ad6efe.sql,80,boost_impressions,country,"text"
20260324052221_737f0fd5-18ca-4191-a855-482866ad6efe.sql,81,boost_impressions,city,"text"
20260324052221_737f0fd5-18ca-4191-a855-482866ad6efe.sql,82,boost_impressions,surface,"text"
20260324052221_737f0fd5-18ca-4191-a855-482866ad6efe.sql,83,boost_impressions,entity_id,"text"
20260324052221_737f0fd5-18ca-4191-a855-482866ad6efe.sql,84,boost_impressions,rendered_at,"timestamptz"
20260324052221_737f0fd5-18ca-4191-a855-482866ad6efe.sql,89,boost_clicks,id,"uuid"
20260324052221_737f0fd5-18ca-4191-a855-482866ad6efe.sql,90,boost_clicks,campaign_id,"uuid"
20260324052221_737f0fd5-18ca-4191-a855-482866ad6efe.sql,91,boost_clicks,creative_id,"uuid"
20260324052221_737f0fd5-18ca-4191-a855-482866ad6efe.sql,92,boost_clicks,slot_id,"uuid"
20260324052221_737f0fd5-18ca-4191-a855-482866ad6efe.sql,93,boost_clicks,viewer_user_id,"uuid"
20260324052221_737f0fd5-18ca-4191-a855-482866ad6efe.sql,94,boost_clicks,session_id,"text"
20260324052221_737f0fd5-18ca-4191-a855-482866ad6efe.sql,95,boost_clicks,click_type,"text"
20260324052221_737f0fd5-18ca-4191-a855-482866ad6efe.sql,96,boost_clicks,clicked_at,"timestamptz"
20260324052221_737f0fd5-18ca-4191-a855-482866ad6efe.sql,101,boost_leads,id,"uuid"
20260324052221_737f0fd5-18ca-4191-a855-482866ad6efe.sql,102,boost_leads,campaign_id,"uuid"
20260324052221_737f0fd5-18ca-4191-a855-482866ad6efe.sql,103,boost_leads,source_surface,"text"
20260324052221_737f0fd5-18ca-4191-a855-482866ad6efe.sql,104,boost_leads,source_slot,"uuid"
20260324052221_737f0fd5-18ca-4191-a855-482866ad6efe.sql,105,boost_leads,lead_type,"text"
20260324052221_737f0fd5-18ca-4191-a855-482866ad6efe.sql,106,boost_leads,target_entity_id,"text"
20260324052221_737f0fd5-18ca-4191-a855-482866ad6efe.sql,107,boost_leads,customer_user_id,"uuid"
20260324052221_737f0fd5-18ca-4191-a855-482866ad6efe.sql,108,boost_leads,guest_id,"text"
20260324052221_737f0fd5-18ca-4191-a855-482866ad6efe.sql,109,boost_leads,contact_payload,"jsonb"
20260324052221_737f0fd5-18ca-4191-a855-482866ad6efe.sql,110,boost_leads,canonical_vertical,"text"
20260324052221_737f0fd5-18ca-4191-a855-482866ad6efe.sql,111,boost_leads,canonical_subcategory,"text"
20260324052221_737f0fd5-18ca-4191-a855-482866ad6efe.sql,112,boost_leads,country,"text"
20260324052221_737f0fd5-18ca-4191-a855-482866ad6efe.sql,113,boost_leads,city,"text"
20260324052221_737f0fd5-18ca-4191-a855-482866ad6efe.sql,114,boost_leads,zone,"text"
20260324052221_737f0fd5-18ca-4191-a855-482866ad6efe.sql,115,boost_leads,status,"text"
20260324052221_737f0fd5-18ca-4191-a855-482866ad6efe.sql,116,boost_leads,score,"numeric(5,2)"
20260324052221_737f0fd5-18ca-4191-a855-482866ad6efe.sql,117,boost_leads,created_at,"timestamptz"
20260324052221_737f0fd5-18ca-4191-a855-482866ad6efe.sql,122,boost_analytics_daily,id,"uuid"
20260324052221_737f0fd5-18ca-4191-a855-482866ad6efe.sql,123,boost_analytics_daily,campaign_id,"uuid"
20260324052221_737f0fd5-18ca-4191-a855-482866ad6efe.sql,124,boost_analytics_daily,day,"date"
20260324052221_737f0fd5-18ca-4191-a855-482866ad6efe.sql,125,boost_analytics_daily,impressions,"integer"
20260324052221_737f0fd5-18ca-4191-a855-482866ad6efe.sql,126,boost_analytics_daily,clicks,"integer"
20260324052221_737f0fd5-18ca-4191-a855-482866ad6efe.sql,127,boost_analytics_daily,ctr,"numeric(6,4)"
20260324052221_737f0fd5-18ca-4191-a855-482866ad6efe.sql,128,boost_analytics_daily,leads,"integer"
20260324052221_737f0fd5-18ca-4191-a855-482866ad6efe.sql,129,boost_analytics_daily,cpl,"numeric(12,2)"
20260324052221_737f0fd5-18ca-4191-a855-482866ad6efe.sql,130,boost_analytics_daily,spend,"numeric(12,2)"
20260324052221_737f0fd5-18ca-4191-a855-482866ad6efe.sql,131,boost_analytics_daily,roi_proxy,"numeric(8,4)"
20260324052221_737f0fd5-18ca-4191-a855-482866ad6efe.sql,132,boost_analytics_daily,top_slot,"text"
20260324052221_737f0fd5-18ca-4191-a855-482866ad6efe.sql,133,boost_analytics_daily,top_creative_id,"uuid"
20260324052221_737f0fd5-18ca-4191-a855-482866ad6efe.sql,134,boost_analytics_daily,top_geo,"text"
20260324052221_737f0fd5-18ca-4191-a855-482866ad6efe.sql,135,boost_analytics_daily,created_at,"timestamptz"
20260324063950_a10f2d44-38d5-4a78-a44d-254b7010ce91.sql,4,platform_recovery_runs,id,"uuid"
20260324063950_a10f2d44-38d5-4a78-a44d-254b7010ce91.sql,5,platform_recovery_runs,trigger_type,"text"
20260324063950_a10f2d44-38d5-4a78-a44d-254b7010ce91.sql,6,platform_recovery_runs,started_at,"timestamptz"
20260324063950_a10f2d44-38d5-4a78-a44d-254b7010ce91.sql,7,platform_recovery_runs,completed_at,"timestamptz"
20260324063950_a10f2d44-38d5-4a78-a44d-254b7010ce91.sql,8,platform_recovery_runs,total_ms,"integer"
20260324063950_a10f2d44-38d5-4a78-a44d-254b7010ce91.sql,9,platform_recovery_runs,summary_json,"jsonb"
20260324063950_a10f2d44-38d5-4a78-a44d-254b7010ce91.sql,10,platform_recovery_runs,modules_json,"jsonb"
20260324063950_a10f2d44-38d5-4a78-a44d-254b7010ce91.sql,11,platform_recovery_runs,auto_fixes_count,"integer"
20260324063950_a10f2d44-38d5-4a78-a44d-254b7010ce91.sql,12,platform_recovery_runs,errors_count,"integer"
20260324063950_a10f2d44-38d5-4a78-a44d-254b7010ce91.sql,13,platform_recovery_runs,status,"text"
20260324071754_9e6b04ba-44c9-4652-ba14-2e116ec6d7b8.sql,4,import_batches,id,"uuid"
20260324071754_9e6b04ba-44c9-4652-ba14-2e116ec6d7b8.sql,5,import_batches,source_type,"text"
20260324071754_9e6b04ba-44c9-4652-ba14-2e116ec6d7b8.sql,6,import_batches,source_name,"text"
20260324071754_9e6b04ba-44c9-4652-ba14-2e116ec6d7b8.sql,7,import_batches,country,"text"
20260324071754_9e6b04ba-44c9-4652-ba14-2e116ec6d7b8.sql,8,import_batches,city,"text"
20260324071754_9e6b04ba-44c9-4652-ba14-2e116ec6d7b8.sql,9,import_batches,started_at,"timestamptz"
20260324071754_9e6b04ba-44c9-4652-ba14-2e116ec6d7b8.sql,10,import_batches,completed_at,"timestamptz"
20260324071754_9e6b04ba-44c9-4652-ba14-2e116ec6d7b8.sql,11,import_batches,status,"text"
20260324071754_9e6b04ba-44c9-4652-ba14-2e116ec6d7b8.sql,12,import_batches,total_raw,"int"
20260324071754_9e6b04ba-44c9-4652-ba14-2e116ec6d7b8.sql,13,import_batches,total_created,"int"
20260324071754_9e6b04ba-44c9-4652-ba14-2e116ec6d7b8.sql,14,import_batches,total_updated,"int"
20260324071754_9e6b04ba-44c9-4652-ba14-2e116ec6d7b8.sql,15,import_batches,total_skipped,"int"
20260324071754_9e6b04ba-44c9-4652-ba14-2e116ec6d7b8.sql,16,import_batches,total_duplicates,"int"
20260324071754_9e6b04ba-44c9-4652-ba14-2e116ec6d7b8.sql,17,import_batches,total_failed,"int"
20260324071754_9e6b04ba-44c9-4652-ba14-2e116ec6d7b8.sql,18,import_batches,notes,"text"
20260324071754_9e6b04ba-44c9-4652-ba14-2e116ec6d7b8.sql,19,import_batches,created_by,"uuid"
20260324071754_9e6b04ba-44c9-4652-ba14-2e116ec6d7b8.sql,20,import_batches,created_at,"timestamptz"
20260324071754_9e6b04ba-44c9-4652-ba14-2e116ec6d7b8.sql,30,imported_shop_raw,id,"uuid"
20260324071754_9e6b04ba-44c9-4652-ba14-2e116ec6d7b8.sql,31,imported_shop_raw,batch_id,"uuid"
20260324071754_9e6b04ba-44c9-4652-ba14-2e116ec6d7b8.sql,32,imported_shop_raw,source_type,"text"
20260324071754_9e6b04ba-44c9-4652-ba14-2e116ec6d7b8.sql,33,imported_shop_raw,source_external_id,"text"
20260324071754_9e6b04ba-44c9-4652-ba14-2e116ec6d7b8.sql,34,imported_shop_raw,raw_name,"text"
20260324071754_9e6b04ba-44c9-4652-ba14-2e116ec6d7b8.sql,35,imported_shop_raw,raw_category,"text"
20260324071754_9e6b04ba-44c9-4652-ba14-2e116ec6d7b8.sql,36,imported_shop_raw,raw_subcategory,"text"
20260324071754_9e6b04ba-44c9-4652-ba14-2e116ec6d7b8.sql,37,imported_shop_raw,raw_phone,"text"
20260324071754_9e6b04ba-44c9-4652-ba14-2e116ec6d7b8.sql,38,imported_shop_raw,raw_address,"text"
20260324071754_9e6b04ba-44c9-4652-ba14-2e116ec6d7b8.sql,39,imported_shop_raw,raw_city,"text"
20260324071754_9e6b04ba-44c9-4652-ba14-2e116ec6d7b8.sql,40,imported_shop_raw,raw_area,"text"
20260324071754_9e6b04ba-44c9-4652-ba14-2e116ec6d7b8.sql,41,imported_shop_raw,raw_country,"text"
20260324071754_9e6b04ba-44c9-4652-ba14-2e116ec6d7b8.sql,42,imported_shop_raw,raw_lat,"double"
20260324071754_9e6b04ba-44c9-4652-ba14-2e116ec6d7b8.sql,43,imported_shop_raw,raw_lng,"double"
20260324071754_9e6b04ba-44c9-4652-ba14-2e116ec6d7b8.sql,44,imported_shop_raw,raw_rating,"double"
20260324071754_9e6b04ba-44c9-4652-ba14-2e116ec6d7b8.sql,45,imported_shop_raw,raw_reviews_count,"int"
20260324071754_9e6b04ba-44c9-4652-ba14-2e116ec6d7b8.sql,46,imported_shop_raw,raw_price_level,"int"
20260324071754_9e6b04ba-44c9-4652-ba14-2e116ec6d7b8.sql,47,imported_shop_raw,raw_hours,"jsonb"
20260324071754_9e6b04ba-44c9-4652-ba14-2e116ec6d7b8.sql,48,imported_shop_raw,raw_menu_json,"jsonb"
20260324071754_9e6b04ba-44c9-4652-ba14-2e116ec6d7b8.sql,49,imported_shop_raw,raw_images,"jsonb"
20260324071754_9e6b04ba-44c9-4652-ba14-2e116ec6d7b8.sql,50,imported_shop_raw,raw_website,"text"
20260324071754_9e6b04ba-44c9-4652-ba14-2e116ec6d7b8.sql,51,imported_shop_raw,raw_payload_json,"jsonb"
20260324071754_9e6b04ba-44c9-4652-ba14-2e116ec6d7b8.sql,52,imported_shop_raw,parsed_status,"text"
20260324071754_9e6b04ba-44c9-4652-ba14-2e116ec6d7b8.sql,53,imported_shop_raw,error_message,"text"
20260324071754_9e6b04ba-44c9-4652-ba14-2e116ec6d7b8.sql,54,imported_shop_raw,created_at,"timestamptz"
20260324071754_9e6b04ba-44c9-4652-ba14-2e116ec6d7b8.sql,67,onboarding_shop_candidates,id,"uuid"
20260324071754_9e6b04ba-44c9-4652-ba14-2e116ec6d7b8.sql,68,onboarding_shop_candidates,batch_id,"uuid"
20260324071754_9e6b04ba-44c9-4652-ba14-2e116ec6d7b8.sql,69,onboarding_shop_candidates,raw_id,"uuid"
20260324071754_9e6b04ba-44c9-4652-ba14-2e116ec6d7b8.sql,70,onboarding_shop_candidates,source_type,"text"
20260324071754_9e6b04ba-44c9-4652-ba14-2e116ec6d7b8.sql,71,onboarding_shop_candidates,source_external_id,"text"
20260324071754_9e6b04ba-44c9-4652-ba14-2e116ec6d7b8.sql,72,onboarding_shop_candidates,canonical_name,"text"
20260324071754_9e6b04ba-44c9-4652-ba14-2e116ec6d7b8.sql,73,onboarding_shop_candidates,canonical_slug,"text"
20260324071754_9e6b04ba-44c9-4652-ba14-2e116ec6d7b8.sql,74,onboarding_shop_candidates,canonical_vertical,"text"
20260324071754_9e6b04ba-44c9-4652-ba14-2e116ec6d7b8.sql,75,onboarding_shop_candidates,canonical_subcategory,"text"
20260324071754_9e6b04ba-44c9-4652-ba14-2e116ec6d7b8.sql,76,onboarding_shop_candidates,country,"text"
20260324071754_9e6b04ba-44c9-4652-ba14-2e116ec6d7b8.sql,77,onboarding_shop_candidates,city,"text"
20260324071754_9e6b04ba-44c9-4652-ba14-2e116ec6d7b8.sql,78,onboarding_shop_candidates,zone,"text"
20260324071754_9e6b04ba-44c9-4652-ba14-2e116ec6d7b8.sql,79,onboarding_shop_candidates,address,"text"
20260324071754_9e6b04ba-44c9-4652-ba14-2e116ec6d7b8.sql,80,onboarding_shop_candidates,latitude,"double"
20260324071754_9e6b04ba-44c9-4652-ba14-2e116ec6d7b8.sql,81,onboarding_shop_candidates,longitude,"double"
20260324071754_9e6b04ba-44c9-4652-ba14-2e116ec6d7b8.sql,82,onboarding_shop_candidates,phone,"text"
20260324071754_9e6b04ba-44c9-4652-ba14-2e116ec6d7b8.sql,83,onboarding_shop_candidates,website,"text"
20260324071754_9e6b04ba-44c9-4652-ba14-2e116ec6d7b8.sql,84,onboarding_shop_candidates,rating,"double"
20260324071754_9e6b04ba-44c9-4652-ba14-2e116ec6d7b8.sql,85,onboarding_shop_candidates,reviews_count,"int"
20260324071754_9e6b04ba-44c9-4652-ba14-2e116ec6d7b8.sql,86,onboarding_shop_candidates,price_tier,"int"
20260324071754_9e6b04ba-44c9-4652-ba14-2e116ec6d7b8.sql,87,onboarding_shop_candidates,quality_score,"int"
20260324071754_9e6b04ba-44c9-4652-ba14-2e116ec6d7b8.sql,88,onboarding_shop_candidates,duplicate_group_id,"uuid"
20260324071754_9e6b04ba-44c9-4652-ba14-2e116ec6d7b8.sql,89,onboarding_shop_candidates,candidate_status,"text"
20260324071754_9e6b04ba-44c9-4652-ba14-2e116ec6d7b8.sql,90,onboarding_shop_candidates,reason_json,"jsonb"
20260324071754_9e6b04ba-44c9-4652-ba14-2e116ec6d7b8.sql,91,onboarding_shop_candidates,entity_id,"uuid"
20260324071754_9e6b04ba-44c9-4652-ba14-2e116ec6d7b8.sql,92,onboarding_shop_candidates,created_at,"timestamptz"
20260324071754_9e6b04ba-44c9-4652-ba14-2e116ec6d7b8.sql,93,onboarding_shop_candidates,updated_at,"timestamptz"
20260324071754_9e6b04ba-44c9-4652-ba14-2e116ec6d7b8.sql,108,imported_shop_assets,id,"uuid"
20260324071754_9e6b04ba-44c9-4652-ba14-2e116ec6d7b8.sql,109,imported_shop_assets,candidate_id,"uuid"
20260324071754_9e6b04ba-44c9-4652-ba14-2e116ec6d7b8.sql,110,imported_shop_assets,asset_type,"text"
20260324071754_9e6b04ba-44c9-4652-ba14-2e116ec6d7b8.sql,111,imported_shop_assets,asset_url,"text"
20260324071754_9e6b04ba-44c9-4652-ba14-2e116ec6d7b8.sql,112,imported_shop_assets,asset_source,"text"
20260324071754_9e6b04ba-44c9-4652-ba14-2e116ec6d7b8.sql,113,imported_shop_assets,is_primary,"boolean"
20260324071754_9e6b04ba-44c9-4652-ba14-2e116ec6d7b8.sql,114,imported_shop_assets,status,"text"
20260324071754_9e6b04ba-44c9-4652-ba14-2e116ec6d7b8.sql,115,imported_shop_assets,created_at,"timestamptz"
20260324071754_9e6b04ba-44c9-4652-ba14-2e116ec6d7b8.sql,124,merchant_onboarding_state,id,"uuid"
20260324071754_9e6b04ba-44c9-4652-ba14-2e116ec6d7b8.sql,125,merchant_onboarding_state,entity_id,"uuid"
20260324071754_9e6b04ba-44c9-4652-ba14-2e116ec6d7b8.sql,126,merchant_onboarding_state,onboarding_mode,"text"
20260324071754_9e6b04ba-44c9-4652-ba14-2e116ec6d7b8.sql,127,merchant_onboarding_state,import_source,"text"
20260324071754_9e6b04ba-44c9-4652-ba14-2e116ec6d7b8.sql,128,merchant_onboarding_state,claim_status,"text"
20260324071754_9e6b04ba-44c9-4652-ba14-2e116ec6d7b8.sql,129,merchant_onboarding_state,contact_status,"text"
20260324071754_9e6b04ba-44c9-4652-ba14-2e116ec6d7b8.sql,130,merchant_onboarding_state,activation_status,"text"
20260324071754_9e6b04ba-44c9-4652-ba14-2e116ec6d7b8.sql,131,merchant_onboarding_state,review_status,"text"
20260324071754_9e6b04ba-44c9-4652-ba14-2e116ec6d7b8.sql,132,merchant_onboarding_state,menu_status,"text"
20260324071754_9e6b04ba-44c9-4652-ba14-2e116ec6d7b8.sql,133,merchant_onboarding_state,geo_status,"text"
20260324071754_9e6b04ba-44c9-4652-ba14-2e116ec6d7b8.sql,134,merchant_onboarding_state,taxonomy_status,"text"
20260324071754_9e6b04ba-44c9-4652-ba14-2e116ec6d7b8.sql,135,merchant_onboarding_state,seo_status,"text"
20260324071754_9e6b04ba-44c9-4652-ba14-2e116ec6d7b8.sql,136,merchant_onboarding_state,visibility_status,"text"
20260324071754_9e6b04ba-44c9-4652-ba14-2e116ec6d7b8.sql,137,merchant_onboarding_state,last_checked_at,"timestamptz"
20260324071754_9e6b04ba-44c9-4652-ba14-2e116ec6d7b8.sql,138,merchant_onboarding_state,created_at,"timestamptz"
20260324071754_9e6b04ba-44c9-4652-ba14-2e116ec6d7b8.sql,139,merchant_onboarding_state,updated_at,"timestamptz"
20260324075057_2fc2c206-9f18-444b-a88a-0578b2277cd9.sql,14,visual_audit_reports,id,"uuid"
20260324075057_2fc2c206-9f18-444b-a88a-0578b2277cd9.sql,15,visual_audit_reports,entity_id,"text"
20260324075057_2fc2c206-9f18-444b-a88a-0578b2277cd9.sql,16,visual_audit_reports,entity_type,"text"
20260324075057_2fc2c206-9f18-444b-a88a-0578b2277cd9.sql,17,visual_audit_reports,page_route,"text"
20260324075057_2fc2c206-9f18-444b-a88a-0578b2277cd9.sql,18,visual_audit_reports,engine_type,"text"
20260324075057_2fc2c206-9f18-444b-a88a-0578b2277cd9.sql,19,visual_audit_reports,score,"integer"
20260324075057_2fc2c206-9f18-444b-a88a-0578b2277cd9.sql,20,visual_audit_reports,issues_json,"jsonb"
20260324075057_2fc2c206-9f18-444b-a88a-0578b2277cd9.sql,21,visual_audit_reports,fixed_count,"integer"
20260324075057_2fc2c206-9f18-444b-a88a-0578b2277cd9.sql,22,visual_audit_reports,category_breakdown,"jsonb"
20260324075057_2fc2c206-9f18-444b-a88a-0578b2277cd9.sql,23,visual_audit_reports,created_at,"timestamptz"
20260324080627_eb1ae6e5-5b97-40ff-984f-8ce781086775.sql,4,ranking_snapshots,id,"uuid"
20260324080627_eb1ae6e5-5b97-40ff-984f-8ce781086775.sql,5,ranking_snapshots,entity_id,"text"
20260324080627_eb1ae6e5-5b97-40ff-984f-8ce781086775.sql,6,ranking_snapshots,entity_type,"text"
20260324080627_eb1ae6e5-5b97-40ff-984f-8ce781086775.sql,7,ranking_snapshots,global_rank_score,"numeric"
20260324080627_eb1ae6e5-5b97-40ff-984f-8ce781086775.sql,8,ranking_snapshots,visibility_class,"text"
20260324080627_eb1ae6e5-5b97-40ff-984f-8ce781086775.sql,9,ranking_snapshots,data_quality_score,"numeric"
20260324080627_eb1ae6e5-5b97-40ff-984f-8ce781086775.sql,10,ranking_snapshots,menu_quality_score,"numeric"
20260324080627_eb1ae6e5-5b97-40ff-984f-8ce781086775.sql,11,ranking_snapshots,visual_quality_score,"numeric"
20260324080627_eb1ae6e5-5b97-40ff-984f-8ce781086775.sql,12,ranking_snapshots,geo_confidence_score,"numeric"
20260324080627_eb1ae6e5-5b97-40ff-984f-8ce781086775.sql,13,ranking_snapshots,taxonomy_confidence_score,"numeric"
20260324080627_eb1ae6e5-5b97-40ff-984f-8ce781086775.sql,14,ranking_snapshots,dedup_risk_score,"numeric"
20260324080627_eb1ae6e5-5b97-40ff-984f-8ce781086775.sql,15,ranking_snapshots,reputation_score,"numeric"
20260324080627_eb1ae6e5-5b97-40ff-984f-8ce781086775.sql,16,ranking_snapshots,conversion_score,"numeric"
20260324080627_eb1ae6e5-5b97-40ff-984f-8ce781086775.sql,17,ranking_snapshots,claim_readiness_score,"numeric"
20260324080627_eb1ae6e5-5b97-40ff-984f-8ce781086775.sql,18,ranking_snapshots,boost_readiness_score,"numeric"
20260324080627_eb1ae6e5-5b97-40ff-984f-8ce781086775.sql,19,ranking_snapshots,freshness_score,"numeric"
20260324080627_eb1ae6e5-5b97-40ff-984f-8ce781086775.sql,20,ranking_snapshots,ranking_reason_json,"jsonb"
20260324080627_eb1ae6e5-5b97-40ff-984f-8ce781086775.sql,21,ranking_snapshots,created_at,"timestamptz"
20260324080627_eb1ae6e5-5b97-40ff-984f-8ce781086775.sql,25,current_ranking_state,entity_id,"text"
20260324080627_eb1ae6e5-5b97-40ff-984f-8ce781086775.sql,26,current_ranking_state,entity_type,"text"
20260324080627_eb1ae6e5-5b97-40ff-984f-8ce781086775.sql,27,current_ranking_state,global_rank_score,"numeric"
20260324080627_eb1ae6e5-5b97-40ff-984f-8ce781086775.sql,28,current_ranking_state,visibility_class,"text"
20260324080627_eb1ae6e5-5b97-40ff-984f-8ce781086775.sql,29,current_ranking_state,claim_ready,"boolean"
20260324080627_eb1ae6e5-5b97-40ff-984f-8ce781086775.sql,30,current_ranking_state,boost_ready,"boolean"
20260324080627_eb1ae6e5-5b97-40ff-984f-8ce781086775.sql,31,current_ranking_state,ranking_reason_json,"jsonb"
20260324080627_eb1ae6e5-5b97-40ff-984f-8ce781086775.sql,32,current_ranking_state,updated_at,"timestamptz"
20260324091334_da61d18c-ed31-40d8-bc61-3ee759d89383.sql,8,canonical_unit_groups,id,"uuid"
20260324091334_da61d18c-ed31-40d8-bc61-3ee759d89383.sql,9,canonical_unit_groups,key,"text"
20260324091334_da61d18c-ed31-40d8-bc61-3ee759d89383.sql,10,canonical_unit_groups,label,"text"
20260324091334_da61d18c-ed31-40d8-bc61-3ee759d89383.sql,11,canonical_unit_groups,created_at,"timestamptz"
20260324091334_da61d18c-ed31-40d8-bc61-3ee759d89383.sql,18,canonical_units,id,"uuid"
20260324091334_da61d18c-ed31-40d8-bc61-3ee759d89383.sql,19,canonical_units,group_id,"uuid"
20260324091334_da61d18c-ed31-40d8-bc61-3ee759d89383.sql,20,canonical_units,key,"text"
20260324091334_da61d18c-ed31-40d8-bc61-3ee759d89383.sql,21,canonical_units,label,"text"
20260324091334_da61d18c-ed31-40d8-bc61-3ee759d89383.sql,22,canonical_units,symbol,"text"
20260324091334_da61d18c-ed31-40d8-bc61-3ee759d89383.sql,23,canonical_units,conversion_factor,"numeric"
20260324091334_da61d18c-ed31-40d8-bc61-3ee759d89383.sql,24,canonical_units,active,"boolean"
20260324091334_da61d18c-ed31-40d8-bc61-3ee759d89383.sql,25,canonical_units,created_at,"timestamptz"
20260324091334_da61d18c-ed31-40d8-bc61-3ee759d89383.sql,32,canonical_tags,id,"uuid"
20260324091334_da61d18c-ed31-40d8-bc61-3ee759d89383.sql,33,canonical_tags,key,"text"
20260324091334_da61d18c-ed31-40d8-bc61-3ee759d89383.sql,34,canonical_tags,label,"text"
20260324091334_da61d18c-ed31-40d8-bc61-3ee759d89383.sql,35,canonical_tags,tag_type,"text"
20260324091334_da61d18c-ed31-40d8-bc61-3ee759d89383.sql,36,canonical_tags,active,"boolean"
20260324091334_da61d18c-ed31-40d8-bc61-3ee759d89383.sql,37,canonical_tags,created_at,"timestamptz"
20260324091334_da61d18c-ed31-40d8-bc61-3ee759d89383.sql,44,canonical_attribute_definitions,id,"uuid"
20260324091334_da61d18c-ed31-40d8-bc61-3ee759d89383.sql,45,canonical_attribute_definitions,vertical,"text"
20260324091334_da61d18c-ed31-40d8-bc61-3ee759d89383.sql,46,canonical_attribute_definitions,category,"text"
20260324091334_da61d18c-ed31-40d8-bc61-3ee759d89383.sql,47,canonical_attribute_definitions,subcategory,"text"
20260324091334_da61d18c-ed31-40d8-bc61-3ee759d89383.sql,48,canonical_attribute_definitions,key,"text"
20260324091334_da61d18c-ed31-40d8-bc61-3ee759d89383.sql,49,canonical_attribute_definitions,label,"text"
20260324091334_da61d18c-ed31-40d8-bc61-3ee759d89383.sql,50,canonical_attribute_definitions,value_type,"text"
20260324091334_da61d18c-ed31-40d8-bc61-3ee759d89383.sql,51,canonical_attribute_definitions,unit_group_id,"uuid"
20260324091334_da61d18c-ed31-40d8-bc61-3ee759d89383.sql,52,canonical_attribute_definitions,filterable,"boolean"
20260324091334_da61d18c-ed31-40d8-bc61-3ee759d89383.sql,53,canonical_attribute_definitions,searchable,"boolean"
20260324091334_da61d18c-ed31-40d8-bc61-3ee759d89383.sql,54,canonical_attribute_definitions,sortable,"boolean"
20260324091334_da61d18c-ed31-40d8-bc61-3ee759d89383.sql,55,canonical_attribute_definitions,required,"boolean"
20260324091334_da61d18c-ed31-40d8-bc61-3ee759d89383.sql,56,canonical_attribute_definitions,active,"boolean"
20260324091334_da61d18c-ed31-40d8-bc61-3ee759d89383.sql,57,canonical_attribute_definitions,created_at,"timestamptz"
20260324091334_da61d18c-ed31-40d8-bc61-3ee759d89383.sql,65,canonical_synonyms,id,"uuid"
20260324091334_da61d18c-ed31-40d8-bc61-3ee759d89383.sql,66,canonical_synonyms,language,"text"
20260324091334_da61d18c-ed31-40d8-bc61-3ee759d89383.sql,67,canonical_synonyms,source_term,"text"
20260324091334_da61d18c-ed31-40d8-bc61-3ee759d89383.sql,68,canonical_synonyms,normalized_term,"text"
20260324091334_da61d18c-ed31-40d8-bc61-3ee759d89383.sql,69,canonical_synonyms,category,"text"
20260324091334_da61d18c-ed31-40d8-bc61-3ee759d89383.sql,70,canonical_synonyms,subcategory,"text"
20260324091334_da61d18c-ed31-40d8-bc61-3ee759d89383.sql,71,canonical_synonyms,active,"boolean"
20260324091334_da61d18c-ed31-40d8-bc61-3ee759d89383.sql,72,canonical_synonyms,created_at,"timestamptz"
20260324091334_da61d18c-ed31-40d8-bc61-3ee759d89383.sql,125,catalog_product_attributes,id,"uuid"
20260324091334_da61d18c-ed31-40d8-bc61-3ee759d89383.sql,126,catalog_product_attributes,product_id,"uuid"
20260324091334_da61d18c-ed31-40d8-bc61-3ee759d89383.sql,127,catalog_product_attributes,attribute_definition_id,"uuid"
20260324091334_da61d18c-ed31-40d8-bc61-3ee759d89383.sql,128,catalog_product_attributes,value_text,"text"
20260324091334_da61d18c-ed31-40d8-bc61-3ee759d89383.sql,129,catalog_product_attributes,value_number,"numeric"
20260324091334_da61d18c-ed31-40d8-bc61-3ee759d89383.sql,130,catalog_product_attributes,value_bool,"boolean"
20260324091334_da61d18c-ed31-40d8-bc61-3ee759d89383.sql,131,catalog_product_attributes,value_json,"jsonb"
20260324091334_da61d18c-ed31-40d8-bc61-3ee759d89383.sql,141,catalog_product_tags,id,"uuid"
20260324091334_da61d18c-ed31-40d8-bc61-3ee759d89383.sql,142,catalog_product_tags,product_id,"uuid"
20260324091334_da61d18c-ed31-40d8-bc61-3ee759d89383.sql,143,catalog_product_tags,tag_id,"uuid"
20260324091334_da61d18c-ed31-40d8-bc61-3ee759d89383.sql,157,catalog_media,id,"uuid"
20260324091334_da61d18c-ed31-40d8-bc61-3ee759d89383.sql,158,catalog_media,entity_id,"uuid"
20260324091334_da61d18c-ed31-40d8-bc61-3ee759d89383.sql,159,catalog_media,product_id,"uuid"
20260324091334_da61d18c-ed31-40d8-bc61-3ee759d89383.sql,160,catalog_media,variant_id,"uuid"
20260324091334_da61d18c-ed31-40d8-bc61-3ee759d89383.sql,161,catalog_media,media_type,"text"
20260324091334_da61d18c-ed31-40d8-bc61-3ee759d89383.sql,162,catalog_media,url,"text"
20260324091334_da61d18c-ed31-40d8-bc61-3ee759d89383.sql,163,catalog_media,alt_text,"text"
20260324091334_da61d18c-ed31-40d8-bc61-3ee759d89383.sql,164,catalog_media,source_type,"text"
20260324091334_da61d18c-ed31-40d8-bc61-3ee759d89383.sql,165,catalog_media,width,"integer"
20260324091334_da61d18c-ed31-40d8-bc61-3ee759d89383.sql,166,catalog_media,height,"integer"
20260324091334_da61d18c-ed31-40d8-bc61-3ee759d89383.sql,167,catalog_media,sort_order,"integer"
20260324091334_da61d18c-ed31-40d8-bc61-3ee759d89383.sql,168,catalog_media,is_primary,"boolean"
20260324091334_da61d18c-ed31-40d8-bc61-3ee759d89383.sql,169,catalog_media,quality_score,"numeric"
20260324091334_da61d18c-ed31-40d8-bc61-3ee759d89383.sql,170,catalog_media,moderation_status,"text"
20260324091334_da61d18c-ed31-40d8-bc61-3ee759d89383.sql,171,catalog_media,active,"boolean"
20260324091334_da61d18c-ed31-40d8-bc61-3ee759d89383.sql,172,catalog_media,created_at,"timestamptz"
20260324091334_da61d18c-ed31-40d8-bc61-3ee759d89383.sql,186,catalog_translations,id,"uuid"
20260324091334_da61d18c-ed31-40d8-bc61-3ee759d89383.sql,187,catalog_translations,entity_id,"uuid"
20260324091334_da61d18c-ed31-40d8-bc61-3ee759d89383.sql,188,catalog_translations,product_id,"uuid"
20260324091334_da61d18c-ed31-40d8-bc61-3ee759d89383.sql,189,catalog_translations,language,"text"
20260324091334_da61d18c-ed31-40d8-bc61-3ee759d89383.sql,190,catalog_translations,field_key,"text"
20260324091334_da61d18c-ed31-40d8-bc61-3ee759d89383.sql,191,catalog_translations,translated_value,"text"
20260324091334_da61d18c-ed31-40d8-bc61-3ee759d89383.sql,192,catalog_translations,created_at,"timestamptz"
20260324091334_da61d18c-ed31-40d8-bc61-3ee759d89383.sql,206,product_search_index,product_id,"uuid"
20260324091334_da61d18c-ed31-40d8-bc61-3ee759d89383.sql,207,product_search_index,entity_id,"uuid"
20260324091334_da61d18c-ed31-40d8-bc61-3ee759d89383.sql,208,product_search_index,vertical,"text"
20260324091334_da61d18c-ed31-40d8-bc61-3ee759d89383.sql,209,product_search_index,family,"text"
20260324091334_da61d18c-ed31-40d8-bc61-3ee759d89383.sql,210,product_search_index,category,"text"
20260324091334_da61d18c-ed31-40d8-bc61-3ee759d89383.sql,211,product_search_index,subcategory,"text"
20260324091334_da61d18c-ed31-40d8-bc61-3ee759d89383.sql,212,product_search_index,searchable_text,"tsvector"
20260324091334_da61d18c-ed31-40d8-bc61-3ee759d89383.sql,213,product_search_index,searchable_plain,"text"
20260324091334_da61d18c-ed31-40d8-bc61-3ee759d89383.sql,214,product_search_index,synonyms_json,"jsonb"
20260324091334_da61d18c-ed31-40d8-bc61-3ee759d89383.sql,215,product_search_index,tags_json,"jsonb"
20260324091334_da61d18c-ed31-40d8-bc61-3ee759d89383.sql,216,product_search_index,brand,"text"
20260324091334_da61d18c-ed31-40d8-bc61-3ee759d89383.sql,217,product_search_index,country,"text"
20260324091334_da61d18c-ed31-40d8-bc61-3ee759d89383.sql,218,product_search_index,city,"text"
20260324091334_da61d18c-ed31-40d8-bc61-3ee759d89383.sql,219,product_search_index,language,"text"
20260324091334_da61d18c-ed31-40d8-bc61-3ee759d89383.sql,220,product_search_index,popularity_score,"numeric"
20260324091334_da61d18c-ed31-40d8-bc61-3ee759d89383.sql,221,product_search_index,freshness_score,"numeric"
20260324091334_da61d18c-ed31-40d8-bc61-3ee759d89383.sql,222,product_search_index,quality_score,"numeric"
20260324091334_da61d18c-ed31-40d8-bc61-3ee759d89383.sql,223,product_search_index,availability_score,"numeric"
20260324091334_da61d18c-ed31-40d8-bc61-3ee759d89383.sql,224,product_search_index,final_rank_score,"numeric"
20260324091334_da61d18c-ed31-40d8-bc61-3ee759d89383.sql,225,product_search_index,updated_at,"timestamptz"
20260324093425_0509bd49-6908-4620-aba1-e835f0e550c5.sql,7,canonical_verticals,id,"uuid"
20260324093425_0509bd49-6908-4620-aba1-e835f0e550c5.sql,8,canonical_verticals,key,"text"
20260324093425_0509bd49-6908-4620-aba1-e835f0e550c5.sql,9,canonical_verticals,label,"text"
20260324093425_0509bd49-6908-4620-aba1-e835f0e550c5.sql,10,canonical_verticals,emoji,"text"
20260324093425_0509bd49-6908-4620-aba1-e835f0e550c5.sql,11,canonical_verticals,active,"boolean"
20260324093425_0509bd49-6908-4620-aba1-e835f0e550c5.sql,12,canonical_verticals,sort_order,"integer"
20260324093425_0509bd49-6908-4620-aba1-e835f0e550c5.sql,13,canonical_verticals,created_at,"timestamptz"
20260324093425_0509bd49-6908-4620-aba1-e835f0e550c5.sql,19,canonical_families,id,"uuid"
20260324093425_0509bd49-6908-4620-aba1-e835f0e550c5.sql,20,canonical_families,vertical_id,"uuid"
20260324093425_0509bd49-6908-4620-aba1-e835f0e550c5.sql,21,canonical_families,key,"text"
20260324093425_0509bd49-6908-4620-aba1-e835f0e550c5.sql,22,canonical_families,label,"text"
20260324093425_0509bd49-6908-4620-aba1-e835f0e550c5.sql,23,canonical_families,emoji,"text"
20260324093425_0509bd49-6908-4620-aba1-e835f0e550c5.sql,24,canonical_families,active,"boolean"
20260324093425_0509bd49-6908-4620-aba1-e835f0e550c5.sql,25,canonical_families,sort_order,"integer"
20260324093425_0509bd49-6908-4620-aba1-e835f0e550c5.sql,26,canonical_families,created_at,"timestamptz"
20260324093425_0509bd49-6908-4620-aba1-e835f0e550c5.sql,34,canonical_categories,id,"uuid"
20260324093425_0509bd49-6908-4620-aba1-e835f0e550c5.sql,35,canonical_categories,family_id,"uuid"
20260324093425_0509bd49-6908-4620-aba1-e835f0e550c5.sql,36,canonical_categories,key,"text"
20260324093425_0509bd49-6908-4620-aba1-e835f0e550c5.sql,37,canonical_categories,label,"text"
20260324093425_0509bd49-6908-4620-aba1-e835f0e550c5.sql,38,canonical_categories,icon,"text"
20260324093425_0509bd49-6908-4620-aba1-e835f0e550c5.sql,39,canonical_categories,emoji,"text"
20260324093425_0509bd49-6908-4620-aba1-e835f0e550c5.sql,40,canonical_categories,image_url,"text"
20260324093425_0509bd49-6908-4620-aba1-e835f0e550c5.sql,41,canonical_categories,active,"boolean"
20260324093425_0509bd49-6908-4620-aba1-e835f0e550c5.sql,42,canonical_categories,sort_order,"integer"
20260324093425_0509bd49-6908-4620-aba1-e835f0e550c5.sql,43,canonical_categories,created_at,"timestamptz"
20260324093425_0509bd49-6908-4620-aba1-e835f0e550c5.sql,51,canonical_subcategories,id,"uuid"
20260324093425_0509bd49-6908-4620-aba1-e835f0e550c5.sql,52,canonical_subcategories,category_id,"uuid"
20260324093425_0509bd49-6908-4620-aba1-e835f0e550c5.sql,53,canonical_subcategories,key,"text"
20260324093425_0509bd49-6908-4620-aba1-e835f0e550c5.sql,54,canonical_subcategories,label,"text"
20260324093425_0509bd49-6908-4620-aba1-e835f0e550c5.sql,55,canonical_subcategories,description,"text"
20260324093425_0509bd49-6908-4620-aba1-e835f0e550c5.sql,56,canonical_subcategories,active,"boolean"
20260324093425_0509bd49-6908-4620-aba1-e835f0e550c5.sql,57,canonical_subcategories,sort_order,"integer"
20260324093425_0509bd49-6908-4620-aba1-e835f0e550c5.sql,58,canonical_subcategories,created_at,"timestamptz"
20260324094813_2e22c32d-37de-4703-8cee-6bd1a0f1b3ef.sql,3,live_status_snapshots,id,"uuid"
20260324094813_2e22c32d-37de-4703-8cee-6bd1a0f1b3ef.sql,4,live_status_snapshots,entity_id,"uuid"
20260324094813_2e22c32d-37de-4703-8cee-6bd1a0f1b3ef.sql,5,live_status_snapshots,entity_type,"text"
20260324094813_2e22c32d-37de-4703-8cee-6bd1a0f1b3ef.sql,6,live_status_snapshots,user_id,"uuid"
20260324094813_2e22c32d-37de-4703-8cee-6bd1a0f1b3ef.sql,7,live_status_snapshots,status_label,"text"
20260324094813_2e22c32d-37de-4703-8cee-6bd1a0f1b3ef.sql,8,live_status_snapshots,status_subtitle,"text"
20260324094813_2e22c32d-37de-4703-8cee-6bd1a0f1b3ef.sql,9,live_status_snapshots,status_code,"text"
20260324094813_2e22c32d-37de-4703-8cee-6bd1a0f1b3ef.sql,10,live_status_snapshots,eta_min,"integer"
20260324094813_2e22c32d-37de-4703-8cee-6bd1a0f1b3ef.sql,11,live_status_snapshots,eta_max,"integer"
20260324094813_2e22c32d-37de-4703-8cee-6bd1a0f1b3ef.sql,12,live_status_snapshots,progress_percent,"integer"
20260324094813_2e22c32d-37de-4703-8cee-6bd1a0f1b3ef.sql,13,live_status_snapshots,live_step_index,"integer"
20260324094813_2e22c32d-37de-4703-8cee-6bd1a0f1b3ef.sql,14,live_status_snapshots,live_step_total,"integer"
20260324094813_2e22c32d-37de-4703-8cee-6bd1a0f1b3ef.sql,15,live_status_snapshots,live_visual_type,"text"
20260324094813_2e22c32d-37de-4703-8cee-6bd1a0f1b3ef.sql,16,live_status_snapshots,actor_name,"text"
20260324094813_2e22c32d-37de-4703-8cee-6bd1a0f1b3ef.sql,17,live_status_snapshots,context_action_url,"text"
20260324094813_2e22c32d-37de-4703-8cee-6bd1a0f1b3ef.sql,18,live_status_snapshots,metadata_json,"jsonb"
20260324094813_2e22c32d-37de-4703-8cee-6bd1a0f1b3ef.sql,19,live_status_snapshots,is_active,"boolean"
20260324094813_2e22c32d-37de-4703-8cee-6bd1a0f1b3ef.sql,20,live_status_snapshots,created_at,"timestamptz"
20260324094813_2e22c32d-37de-4703-8cee-6bd1a0f1b3ef.sql,21,live_status_snapshots,updated_at,"timestamptz"
20260324095034_5efd01b0-99f5-437b-831e-e291247ef03f.sql,4,merchant_field_overrides,id,"uuid"
20260324095034_5efd01b0-99f5-437b-831e-e291247ef03f.sql,5,merchant_field_overrides,entity_id,"uuid"
20260324095034_5efd01b0-99f5-437b-831e-e291247ef03f.sql,6,merchant_field_overrides,entity_type,"text"
20260324095034_5efd01b0-99f5-437b-831e-e291247ef03f.sql,7,merchant_field_overrides,field_key,"text"
20260324095034_5efd01b0-99f5-437b-831e-e291247ef03f.sql,8,merchant_field_overrides,auto_value_json,"jsonb"
20260324095034_5efd01b0-99f5-437b-831e-e291247ef03f.sql,9,merchant_field_overrides,merchant_value_json,"jsonb"
20260324095034_5efd01b0-99f5-437b-831e-e291247ef03f.sql,10,merchant_field_overrides,is_auto_generated,"boolean"
20260324095034_5efd01b0-99f5-437b-831e-e291247ef03f.sql,11,merchant_field_overrides,is_merchant_locked,"boolean"
20260324095034_5efd01b0-99f5-437b-831e-e291247ef03f.sql,12,merchant_field_overrides,auto_source,"text"
20260324095034_5efd01b0-99f5-437b-831e-e291247ef03f.sql,13,merchant_field_overrides,override_source,"text"
20260324095034_5efd01b0-99f5-437b-831e-e291247ef03f.sql,14,merchant_field_overrides,suggestion_available,"boolean"
20260324095034_5efd01b0-99f5-437b-831e-e291247ef03f.sql,15,merchant_field_overrides,suggested_value_json,"jsonb"
20260324095034_5efd01b0-99f5-437b-831e-e291247ef03f.sql,16,merchant_field_overrides,last_auto_update_at,"timestamptz"
20260324095034_5efd01b0-99f5-437b-831e-e291247ef03f.sql,17,merchant_field_overrides,last_merchant_update_at,"timestamptz"
20260324095034_5efd01b0-99f5-437b-831e-e291247ef03f.sql,18,merchant_field_overrides,created_at,"timestamptz"
20260324095034_5efd01b0-99f5-437b-831e-e291247ef03f.sql,19,merchant_field_overrides,updated_at,"timestamptz"
20260324095034_5efd01b0-99f5-437b-831e-e291247ef03f.sql,32,merchant_override_history,id,"uuid"
20260324095034_5efd01b0-99f5-437b-831e-e291247ef03f.sql,33,merchant_override_history,override_id,"uuid"
20260324095034_5efd01b0-99f5-437b-831e-e291247ef03f.sql,34,merchant_override_history,entity_id,"uuid"
20260324095034_5efd01b0-99f5-437b-831e-e291247ef03f.sql,35,merchant_override_history,field_key,"text"
20260324095034_5efd01b0-99f5-437b-831e-e291247ef03f.sql,36,merchant_override_history,previous_value_json,"jsonb"
20260324095034_5efd01b0-99f5-437b-831e-e291247ef03f.sql,37,merchant_override_history,new_value_json,"jsonb"
20260324095034_5efd01b0-99f5-437b-831e-e291247ef03f.sql,38,merchant_override_history,change_source,"text"
20260324095034_5efd01b0-99f5-437b-831e-e291247ef03f.sql,39,merchant_override_history,change_reason,"text"
20260324095034_5efd01b0-99f5-437b-831e-e291247ef03f.sql,40,merchant_override_history,changed_by,"uuid"
20260324095034_5efd01b0-99f5-437b-831e-e291247ef03f.sql,41,merchant_override_history,created_at,"timestamptz"
20260324095034_5efd01b0-99f5-437b-831e-e291247ef03f.sql,54,notification_templates,id,"uuid"
20260324095034_5efd01b0-99f5-437b-831e-e291247ef03f.sql,55,notification_templates,template_key,"text"
20260324095034_5efd01b0-99f5-437b-831e-e291247ef03f.sql,56,notification_templates,event_type,"text"
20260324095034_5efd01b0-99f5-437b-831e-e291247ef03f.sql,57,notification_templates,notification_type,"text"
20260324095034_5efd01b0-99f5-437b-831e-e291247ef03f.sql,58,notification_templates,priority,"text"
20260324095034_5efd01b0-99f5-437b-831e-e291247ef03f.sql,59,notification_templates,default_channel,"text"
20260324095034_5efd01b0-99f5-437b-831e-e291247ef03f.sql,60,notification_templates,title_template,"text"
20260324095034_5efd01b0-99f5-437b-831e-e291247ef03f.sql,61,notification_templates,body_template,"text"
20260324095034_5efd01b0-99f5-437b-831e-e291247ef03f.sql,62,notification_templates,subtitle_template,"text"
20260324095034_5efd01b0-99f5-437b-831e-e291247ef03f.sql,63,notification_templates,icon_key,"text"
20260324095034_5efd01b0-99f5-437b-831e-e291247ef03f.sql,64,notification_templates,cta_label_template,"text"
20260324095034_5efd01b0-99f5-437b-831e-e291247ef03f.sql,65,notification_templates,cta_url_template,"text"
20260324095034_5efd01b0-99f5-437b-831e-e291247ef03f.sql,66,notification_templates,cooldown_seconds,"integer"
20260324095034_5efd01b0-99f5-437b-831e-e291247ef03f.sql,67,notification_templates,groupable,"boolean"
20260324095034_5efd01b0-99f5-437b-831e-e291247ef03f.sql,68,notification_templates,group_key_template,"text"
20260324095034_5efd01b0-99f5-437b-831e-e291247ef03f.sql,69,notification_templates,active,"boolean"
20260324095034_5efd01b0-99f5-437b-831e-e291247ef03f.sql,70,notification_templates,created_at,"timestamptz"
20260324101352_643d2a79-1893-422c-b067-450c4108f36e.sql,4,user_addresses,id,"uuid"
20260324101352_643d2a79-1893-422c-b067-450c4108f36e.sql,5,user_addresses,user_id,"uuid"
20260324101352_643d2a79-1893-422c-b067-450c4108f36e.sql,6,user_addresses,label,"text"
20260324101352_643d2a79-1893-422c-b067-450c4108f36e.sql,7,user_addresses,icon,"text"
20260324101352_643d2a79-1893-422c-b067-450c4108f36e.sql,8,user_addresses,line1,"text"
20260324101352_643d2a79-1893-422c-b067-450c4108f36e.sql,9,user_addresses,line2,"text"
20260324101352_643d2a79-1893-422c-b067-450c4108f36e.sql,10,user_addresses,city,"text"
20260324101352_643d2a79-1893-422c-b067-450c4108f36e.sql,11,user_addresses,country,"text"
20260324101352_643d2a79-1893-422c-b067-450c4108f36e.sql,12,user_addresses,country_code,"text"
20260324101352_643d2a79-1893-422c-b067-450c4108f36e.sql,13,user_addresses,lat,"numeric"
20260324101352_643d2a79-1893-422c-b067-450c4108f36e.sql,14,user_addresses,lng,"numeric"
20260324101352_643d2a79-1893-422c-b067-450c4108f36e.sql,15,user_addresses,delivery_notes,"text"
20260324101352_643d2a79-1893-422c-b067-450c4108f36e.sql,16,user_addresses,is_default,"boolean"
20260324101352_643d2a79-1893-422c-b067-450c4108f36e.sql,17,user_addresses,created_at,"timestamptz"
20260324101352_643d2a79-1893-422c-b067-450c4108f36e.sql,18,user_addresses,updated_at,"timestamptz"
20260324101352_643d2a79-1893-422c-b067-450c4108f36e.sql,31,user_payment_preferences,id,"uuid"
20260324101352_643d2a79-1893-422c-b067-450c4108f36e.sql,32,user_payment_preferences,user_id,"uuid"
20260324101352_643d2a79-1893-422c-b067-450c4108f36e.sql,33,user_payment_preferences,default_method,"text"
20260324101352_643d2a79-1893-422c-b067-450c4108f36e.sql,34,user_payment_preferences,saved_methods_json,"jsonb"
20260324101352_643d2a79-1893-422c-b067-450c4108f36e.sql,35,user_payment_preferences,created_at,"timestamptz"
20260324101352_643d2a79-1893-422c-b067-450c4108f36e.sql,36,user_payment_preferences,updated_at,"timestamptz"
20260324141323_527a260e-ac93-4b35-8aac-c79693a815b0.sql,4,canonical_taxonomy,id,"uuid"
20260324141323_527a260e-ac93-4b35-8aac-c79693a815b0.sql,5,canonical_taxonomy,vertical,"text"
20260324141323_527a260e-ac93-4b35-8aac-c79693a815b0.sql,6,canonical_taxonomy,parent_id,"uuid"
20260324141323_527a260e-ac93-4b35-8aac-c79693a815b0.sql,7,canonical_taxonomy,slug,"text"
20260324141323_527a260e-ac93-4b35-8aac-c79693a815b0.sql,8,canonical_taxonomy,canonical_name,"text"
20260324141323_527a260e-ac93-4b35-8aac-c79693a815b0.sql,9,canonical_taxonomy,description,"text"
20260324141323_527a260e-ac93-4b35-8aac-c79693a815b0.sql,10,canonical_taxonomy,depth_level,"integer"
20260324141323_527a260e-ac93-4b35-8aac-c79693a815b0.sql,11,canonical_taxonomy,is_active,"boolean"
20260324141323_527a260e-ac93-4b35-8aac-c79693a815b0.sql,12,canonical_taxonomy,is_system,"boolean"
20260324141323_527a260e-ac93-4b35-8aac-c79693a815b0.sql,13,canonical_taxonomy,created_at,"timestamptz"
20260324141323_527a260e-ac93-4b35-8aac-c79693a815b0.sql,21,taxonomy_aliases,id,"uuid"
20260324141323_527a260e-ac93-4b35-8aac-c79693a815b0.sql,22,taxonomy_aliases,canonical_id,"uuid"
20260324141323_527a260e-ac93-4b35-8aac-c79693a815b0.sql,23,taxonomy_aliases,alias,"text"
20260324141323_527a260e-ac93-4b35-8aac-c79693a815b0.sql,24,taxonomy_aliases,language,"text"
20260324141323_527a260e-ac93-4b35-8aac-c79693a815b0.sql,25,taxonomy_aliases,country_scope,"text"
20260324141323_527a260e-ac93-4b35-8aac-c79693a815b0.sql,26,taxonomy_aliases,confidence,"integer"
20260324141323_527a260e-ac93-4b35-8aac-c79693a815b0.sql,27,taxonomy_aliases,created_at,"timestamptz"
20260324141323_527a260e-ac93-4b35-8aac-c79693a815b0.sql,35,taxonomy_gap_candidates,id,"uuid"
20260324141323_527a260e-ac93-4b35-8aac-c79693a815b0.sql,36,taxonomy_gap_candidates,proposed_name,"text"
20260324141323_527a260e-ac93-4b35-8aac-c79693a815b0.sql,37,taxonomy_gap_candidates,proposed_slug,"text"
20260324141323_527a260e-ac93-4b35-8aac-c79693a815b0.sql,38,taxonomy_gap_candidates,proposed_parent_id,"uuid"
20260324141323_527a260e-ac93-4b35-8aac-c79693a815b0.sql,39,taxonomy_gap_candidates,source_vertical,"text"
20260324141323_527a260e-ac93-4b35-8aac-c79693a815b0.sql,40,taxonomy_gap_candidates,source_keywords_json,"jsonb"
20260324141323_527a260e-ac93-4b35-8aac-c79693a815b0.sql,41,taxonomy_gap_candidates,entity_count,"integer"
20260324141323_527a260e-ac93-4b35-8aac-c79693a815b0.sql,42,taxonomy_gap_candidates,country_count,"integer"
20260324141323_527a260e-ac93-4b35-8aac-c79693a815b0.sql,43,taxonomy_gap_candidates,city_count,"integer"
20260324141323_527a260e-ac93-4b35-8aac-c79693a815b0.sql,44,taxonomy_gap_candidates,confidence_score,"integer"
20260324141323_527a260e-ac93-4b35-8aac-c79693a815b0.sql,45,taxonomy_gap_candidates,status,"text"
20260324141323_527a260e-ac93-4b35-8aac-c79693a815b0.sql,46,taxonomy_gap_candidates,created_at,"timestamptz"
20260324141323_527a260e-ac93-4b35-8aac-c79693a815b0.sql,55,entity_taxonomy_mapping,id,"uuid"
20260324141323_527a260e-ac93-4b35-8aac-c79693a815b0.sql,56,entity_taxonomy_mapping,entity_id,"text"
20260324141323_527a260e-ac93-4b35-8aac-c79693a815b0.sql,57,entity_taxonomy_mapping,entity_type,"text"
20260324141323_527a260e-ac93-4b35-8aac-c79693a815b0.sql,58,entity_taxonomy_mapping,canonical_id,"uuid"
20260324141323_527a260e-ac93-4b35-8aac-c79693a815b0.sql,59,entity_taxonomy_mapping,match_type,"text"
20260324141323_527a260e-ac93-4b35-8aac-c79693a815b0.sql,60,entity_taxonomy_mapping,confidence_score,"integer"
20260324141323_527a260e-ac93-4b35-8aac-c79693a815b0.sql,61,entity_taxonomy_mapping,needs_review,"boolean"
20260324141323_527a260e-ac93-4b35-8aac-c79693a815b0.sql,62,entity_taxonomy_mapping,created_at,"timestamptz"
20260324141323_527a260e-ac93-4b35-8aac-c79693a815b0.sql,71,engine_reports,id,"uuid"
20260324141323_527a260e-ac93-4b35-8aac-c79693a815b0.sql,72,engine_reports,engine_name,"text"
20260324141323_527a260e-ac93-4b35-8aac-c79693a815b0.sql,73,engine_reports,category,"text"
20260324141323_527a260e-ac93-4b35-8aac-c79693a815b0.sql,74,engine_reports,status,"text"
20260324141323_527a260e-ac93-4b35-8aac-c79693a815b0.sql,75,engine_reports,items_processed,"integer"
20260324141323_527a260e-ac93-4b35-8aac-c79693a815b0.sql,76,engine_reports,report_json,"jsonb"
20260324141323_527a260e-ac93-4b35-8aac-c79693a815b0.sql,77,engine_reports,duration_ms,"integer"
20260324141323_527a260e-ac93-4b35-8aac-c79693a815b0.sql,78,engine_reports,created_at,"timestamptz"
20260324153043_306b0cf8-1c1f-408c-88af-aa983e57aeec.sql,4,entity_feedback_signals,id,"uuid"
20260324153043_306b0cf8-1c1f-408c-88af-aa983e57aeec.sql,5,entity_feedback_signals,entity_id,"uuid"
20260324153043_306b0cf8-1c1f-408c-88af-aa983e57aeec.sql,6,entity_feedback_signals,entity_type,"text"
20260324153043_306b0cf8-1c1f-408c-88af-aa983e57aeec.sql,7,entity_feedback_signals,event_type,"text"
20260324153043_306b0cf8-1c1f-408c-88af-aa983e57aeec.sql,8,entity_feedback_signals,user_id,"uuid"
20260324153043_306b0cf8-1c1f-408c-88af-aa983e57aeec.sql,9,entity_feedback_signals,session_id,"text"
20260324153043_306b0cf8-1c1f-408c-88af-aa983e57aeec.sql,10,entity_feedback_signals,weight,"numeric"
20260324153043_306b0cf8-1c1f-408c-88af-aa983e57aeec.sql,11,entity_feedback_signals,metadata_json,"jsonb"
20260324153043_306b0cf8-1c1f-408c-88af-aa983e57aeec.sql,12,entity_feedback_signals,created_at,"timestamptz"
20260324153043_306b0cf8-1c1f-408c-88af-aa983e57aeec.sql,23,entity_ai_scores,entity_id,"uuid"
20260324153043_306b0cf8-1c1f-408c-88af-aa983e57aeec.sql,24,entity_ai_scores,entity_type,"text"
20260324153043_306b0cf8-1c1f-408c-88af-aa983e57aeec.sql,25,entity_ai_scores,interest_score,"numeric"
20260324153043_306b0cf8-1c1f-408c-88af-aa983e57aeec.sql,26,entity_ai_scores,conversion_score,"numeric"
20260324153043_306b0cf8-1c1f-408c-88af-aa983e57aeec.sql,27,entity_ai_scores,trust_score,"numeric"
20260324153043_306b0cf8-1c1f-408c-88af-aa983e57aeec.sql,28,entity_ai_scores,momentum_score,"numeric"
20260324153043_306b0cf8-1c1f-408c-88af-aa983e57aeec.sql,29,entity_ai_scores,freshness_score,"numeric"
20260324153043_306b0cf8-1c1f-408c-88af-aa983e57aeec.sql,30,entity_ai_scores,recommendation_score,"numeric"
20260324153043_306b0cf8-1c1f-408c-88af-aa983e57aeec.sql,31,entity_ai_scores,updated_at,"timestamptz"
20260324161709_2ac7de52-43de-4520-bd84-020990c68877.sql,3,user_ai_profiles,user_id,"uuid"
20260324161709_2ac7de52-43de-4520-bd84-020990c68877.sql,4,user_ai_profiles,preferred_categories,"jsonb"
20260324161709_2ac7de52-43de-4520-bd84-020990c68877.sql,5,user_ai_profiles,preferred_price_range,"text"
20260324161709_2ac7de52-43de-4520-bd84-020990c68877.sql,6,user_ai_profiles,preferred_locations,"jsonb"
20260324161709_2ac7de52-43de-4520-bd84-020990c68877.sql,7,user_ai_profiles,activity_score,"numeric"
20260324161709_2ac7de52-43de-4520-bd84-020990c68877.sql,8,user_ai_profiles,engagement_score,"numeric"
20260324161709_2ac7de52-43de-4520-bd84-020990c68877.sql,9,user_ai_profiles,last_active_at,"timestamptz"
20260324161709_2ac7de52-43de-4520-bd84-020990c68877.sql,10,user_ai_profiles,updated_at,"timestamptz"
20260325070901_749bb3d1-8a3d-4167-977a-6b229932ad14.sql,2,verified_reviews,id,"uuid"
20260325070901_749bb3d1-8a3d-4167-977a-6b229932ad14.sql,3,verified_reviews,user_id,"uuid"
20260325070901_749bb3d1-8a3d-4167-977a-6b229932ad14.sql,4,verified_reviews,order_id,"uuid"
20260325070901_749bb3d1-8a3d-4167-977a-6b229932ad14.sql,5,verified_reviews,merchant_id,"uuid"
20260325070901_749bb3d1-8a3d-4167-977a-6b229932ad14.sql,6,verified_reviews,rating,"integer"
20260325070901_749bb3d1-8a3d-4167-977a-6b229932ad14.sql,7,verified_reviews,comment,"text"
20260325070901_749bb3d1-8a3d-4167-977a-6b229932ad14.sql,8,verified_reviews,verified,"boolean"
20260325070901_749bb3d1-8a3d-4167-977a-6b229932ad14.sql,9,verified_reviews,created_at,"timestamptz"
20260325071226_579d6f49-a086-4504-9f74-673f9b38db19.sql,3,saved_carts,id,"uuid"
20260325071226_579d6f49-a086-4504-9f74-673f9b38db19.sql,4,saved_carts,user_id,"uuid"
20260325071226_579d6f49-a086-4504-9f74-673f9b38db19.sql,5,saved_carts,merchant_id,"uuid"
20260325071226_579d6f49-a086-4504-9f74-673f9b38db19.sql,6,saved_carts,merchant_name,"text"
20260325071226_579d6f49-a086-4504-9f74-673f9b38db19.sql,7,saved_carts,label,"text"
20260325071226_579d6f49-a086-4504-9f74-673f9b38db19.sql,8,saved_carts,items_json,"jsonb"
20260325071226_579d6f49-a086-4504-9f74-673f9b38db19.sql,9,saved_carts,created_at,"timestamptz"
20260325071226_579d6f49-a086-4504-9f74-673f9b38db19.sql,10,saved_carts,updated_at,"timestamptz"
20260325071226_579d6f49-a086-4504-9f74-673f9b38db19.sql,17,merchant_staff,id,"uuid"
20260325071226_579d6f49-a086-4504-9f74-673f9b38db19.sql,18,merchant_staff,merchant_id,"uuid"
20260325071226_579d6f49-a086-4504-9f74-673f9b38db19.sql,19,merchant_staff,full_name,"text"
20260325071226_579d6f49-a086-4504-9f74-673f9b38db19.sql,20,merchant_staff,email,"text"
20260325071226_579d6f49-a086-4504-9f74-673f9b38db19.sql,21,merchant_staff,role,"text"
20260325071226_579d6f49-a086-4504-9f74-673f9b38db19.sql,22,merchant_staff,status,"text"
20260325071226_579d6f49-a086-4504-9f74-673f9b38db19.sql,23,merchant_staff,user_id,"uuid"
20260325071226_579d6f49-a086-4504-9f74-673f9b38db19.sql,24,merchant_staff,created_at,"timestamptz"
20260325071226_579d6f49-a086-4504-9f74-673f9b38db19.sql,25,merchant_staff,updated_at,"timestamptz"
20260325071226_579d6f49-a086-4504-9f74-673f9b38db19.sql,34,auto_repeat_orders,id,"uuid"
20260325071226_579d6f49-a086-4504-9f74-673f9b38db19.sql,35,auto_repeat_orders,user_id,"uuid"
20260325071226_579d6f49-a086-4504-9f74-673f9b38db19.sql,36,auto_repeat_orders,source_order_id,"uuid"
20260325071226_579d6f49-a086-4504-9f74-673f9b38db19.sql,37,auto_repeat_orders,frequency,"text"
20260325071226_579d6f49-a086-4504-9f74-673f9b38db19.sql,38,auto_repeat_orders,enabled,"boolean"
20260325071226_579d6f49-a086-4504-9f74-673f9b38db19.sql,39,auto_repeat_orders,last_triggered_at,"timestamptz"
20260325071226_579d6f49-a086-4504-9f74-673f9b38db19.sql,40,auto_repeat_orders,created_at,"timestamptz"
20260325071226_579d6f49-a086-4504-9f74-673f9b38db19.sql,41,auto_repeat_orders,updated_at,"timestamptz"
20260325080938_41296ce7-61a9-43da-ac52-e2c82d1c70ed.sql,10,storefront_invoices,id,"uuid"
20260325080938_41296ce7-61a9-43da-ac52-e2c82d1c70ed.sql,11,storefront_invoices,shop_id,"uuid"
20260325080938_41296ce7-61a9-43da-ac52-e2c82d1c70ed.sql,12,storefront_invoices,order_id,"uuid"
20260325080938_41296ce7-61a9-43da-ac52-e2c82d1c70ed.sql,13,storefront_invoices,invoice_number,"text"
20260325080938_41296ce7-61a9-43da-ac52-e2c82d1c70ed.sql,14,storefront_invoices,status,"text"
20260325080938_41296ce7-61a9-43da-ac52-e2c82d1c70ed.sql,15,storefront_invoices,subtotal,"numeric"
20260325080938_41296ce7-61a9-43da-ac52-e2c82d1c70ed.sql,16,storefront_invoices,tax_rate,"numeric"
20260325080938_41296ce7-61a9-43da-ac52-e2c82d1c70ed.sql,17,storefront_invoices,tax_name,"text"
20260325080938_41296ce7-61a9-43da-ac52-e2c82d1c70ed.sql,18,storefront_invoices,tax_amount,"numeric"
20260325080938_41296ce7-61a9-43da-ac52-e2c82d1c70ed.sql,19,storefront_invoices,total,"numeric"
20260325080938_41296ce7-61a9-43da-ac52-e2c82d1c70ed.sql,20,storefront_invoices,currency,"text"
20260325080938_41296ce7-61a9-43da-ac52-e2c82d1c70ed.sql,21,storefront_invoices,buyer_email,"text"
20260325080938_41296ce7-61a9-43da-ac52-e2c82d1c70ed.sql,22,storefront_invoices,buyer_name,"text"
20260325080938_41296ce7-61a9-43da-ac52-e2c82d1c70ed.sql,23,storefront_invoices,issued_at,"timestamptz"
20260325080938_41296ce7-61a9-43da-ac52-e2c82d1c70ed.sql,24,storefront_invoices,paid_at,"timestamptz"
20260325080938_41296ce7-61a9-43da-ac52-e2c82d1c70ed.sql,25,storefront_invoices,created_at,"timestamptz"
20260325083844_403ce4d5-0b00-4684-b8a5-9efc559c0e15.sql,9,loyalty_transactions,id,"uuid"
20260325083844_403ce4d5-0b00-4684-b8a5-9efc559c0e15.sql,10,loyalty_transactions,user_id,"uuid"
20260325083844_403ce4d5-0b00-4684-b8a5-9efc559c0e15.sql,11,loyalty_transactions,points,"integer"
20260325083844_403ce4d5-0b00-4684-b8a5-9efc559c0e15.sql,12,loyalty_transactions,transaction_type,"text"
20260325083844_403ce4d5-0b00-4684-b8a5-9efc559c0e15.sql,13,loyalty_transactions,reference_id,"text"
20260325083844_403ce4d5-0b00-4684-b8a5-9efc559c0e15.sql,14,loyalty_transactions,reference_type,"text"
20260325083844_403ce4d5-0b00-4684-b8a5-9efc559c0e15.sql,15,loyalty_transactions,description,"text"
20260325083844_403ce4d5-0b00-4684-b8a5-9efc559c0e15.sql,16,loyalty_transactions,created_at,"timestamptz"
20260325083844_403ce4d5-0b00-4684-b8a5-9efc559c0e15.sql,24,coupons,id,"uuid"
20260325083844_403ce4d5-0b00-4684-b8a5-9efc559c0e15.sql,25,coupons,code,"text"
20260325083844_403ce4d5-0b00-4684-b8a5-9efc559c0e15.sql,26,coupons,shop_id,"text"
20260325083844_403ce4d5-0b00-4684-b8a5-9efc559c0e15.sql,27,coupons,discount_type,"text"
20260325083844_403ce4d5-0b00-4684-b8a5-9efc559c0e15.sql,28,coupons,discount_value,"numeric"
20260325083844_403ce4d5-0b00-4684-b8a5-9efc559c0e15.sql,29,coupons,min_order_amount,"numeric"
20260325083844_403ce4d5-0b00-4684-b8a5-9efc559c0e15.sql,30,coupons,max_uses,"integer"
20260325083844_403ce4d5-0b00-4684-b8a5-9efc559c0e15.sql,31,coupons,used_count,"integer"
20260325083844_403ce4d5-0b00-4684-b8a5-9efc559c0e15.sql,32,coupons,status,"text"
20260325083844_403ce4d5-0b00-4684-b8a5-9efc559c0e15.sql,33,coupons,expires_at,"timestamptz"
20260325083844_403ce4d5-0b00-4684-b8a5-9efc559c0e15.sql,34,coupons,created_at,"timestamptz"
20260325083844_403ce4d5-0b00-4684-b8a5-9efc559c0e15.sql,41,catalog_items,id,"uuid"
20260325083844_403ce4d5-0b00-4684-b8a5-9efc559c0e15.sql,42,catalog_items,shop_id,"text"
20260325083844_403ce4d5-0b00-4684-b8a5-9efc559c0e15.sql,43,catalog_items,title,"text"
20260325083844_403ce4d5-0b00-4684-b8a5-9efc559c0e15.sql,44,catalog_items,description,"text"
20260325083844_403ce4d5-0b00-4684-b8a5-9efc559c0e15.sql,45,catalog_items,price,"numeric"
20260325083844_403ce4d5-0b00-4684-b8a5-9efc559c0e15.sql,46,catalog_items,photo_url,"text"
20260325083844_403ce4d5-0b00-4684-b8a5-9efc559c0e15.sql,47,catalog_items,stock_quantity,"integer"
20260325083844_403ce4d5-0b00-4684-b8a5-9efc559c0e15.sql,48,catalog_items,is_active,"boolean"
20260325083844_403ce4d5-0b00-4684-b8a5-9efc559c0e15.sql,49,catalog_items,category,"text"
20260325083844_403ce4d5-0b00-4684-b8a5-9efc559c0e15.sql,50,catalog_items,created_at,"timestamptz"
20260325104429_d56267f0-b5ca-4ec1-af5d-aea48128a3f7.sql,4,engine_run_logs,id,"uuid"
20260325104429_d56267f0-b5ca-4ec1-af5d-aea48128a3f7.sql,5,engine_run_logs,engine_name,"text"
20260325104429_d56267f0-b5ca-4ec1-af5d-aea48128a3f7.sql,6,engine_run_logs,category,"text"
20260325104429_d56267f0-b5ca-4ec1-af5d-aea48128a3f7.sql,7,engine_run_logs,started_at,"timestamptz"
20260325104429_d56267f0-b5ca-4ec1-af5d-aea48128a3f7.sql,8,engine_run_logs,finished_at,"timestamptz"
20260325104429_d56267f0-b5ca-4ec1-af5d-aea48128a3f7.sql,9,engine_run_logs,duration_ms,"integer"
20260325104429_d56267f0-b5ca-4ec1-af5d-aea48128a3f7.sql,10,engine_run_logs,status,"text"
20260325104429_d56267f0-b5ca-4ec1-af5d-aea48128a3f7.sql,11,engine_run_logs,effect_summary,"text"
20260325104429_d56267f0-b5ca-4ec1-af5d-aea48128a3f7.sql,12,engine_run_logs,db_rows_affected,"integer"
20260325104429_d56267f0-b5ca-4ec1-af5d-aea48128a3f7.sql,13,engine_run_logs,error_message,"text"
20260325104429_d56267f0-b5ca-4ec1-af5d-aea48128a3f7.sql,14,engine_run_logs,metadata_json,"jsonb"
20260325122227_06fac2ec-3d60-4853-916a-1008728abb65.sql,4,platform_actions_log,id,"uuid"
20260325122227_06fac2ec-3d60-4853-916a-1008728abb65.sql,5,platform_actions_log,created_at,"timestamptz"
20260325122227_06fac2ec-3d60-4853-916a-1008728abb65.sql,6,platform_actions_log,engine_source,"text"
20260325122227_06fac2ec-3d60-4853-916a-1008728abb65.sql,7,platform_actions_log,action_type,"text"
20260325122227_06fac2ec-3d60-4853-916a-1008728abb65.sql,8,platform_actions_log,severity,"text"
20260325122227_06fac2ec-3d60-4853-916a-1008728abb65.sql,9,platform_actions_log,target_type,"text"
20260325122227_06fac2ec-3d60-4853-916a-1008728abb65.sql,10,platform_actions_log,target_path,"text"
20260325122227_06fac2ec-3d60-4853-916a-1008728abb65.sql,11,platform_actions_log,description,"text"
20260325122227_06fac2ec-3d60-4853-916a-1008728abb65.sql,12,platform_actions_log,decision,"text"
20260325122227_06fac2ec-3d60-4853-916a-1008728abb65.sql,13,platform_actions_log,auto_applied,"boolean"
20260325122227_06fac2ec-3d60-4853-916a-1008728abb65.sql,14,platform_actions_log,result,"text"
20260325122227_06fac2ec-3d60-4853-916a-1008728abb65.sql,15,platform_actions_log,metadata_json,"jsonb"
20260325122227_06fac2ec-3d60-4853-916a-1008728abb65.sql,20,platform_policy_rules,id,"uuid"
20260325122227_06fac2ec-3d60-4853-916a-1008728abb65.sql,21,platform_policy_rules,created_at,"timestamptz"
20260325122227_06fac2ec-3d60-4853-916a-1008728abb65.sql,22,platform_policy_rules,updated_at,"timestamptz"
20260325122227_06fac2ec-3d60-4853-916a-1008728abb65.sql,23,platform_policy_rules,rule_name,"text"
20260325122227_06fac2ec-3d60-4853-916a-1008728abb65.sql,24,platform_policy_rules,condition_type,"text"
20260325122227_06fac2ec-3d60-4853-916a-1008728abb65.sql,25,platform_policy_rules,condition_value,"text"
20260325122227_06fac2ec-3d60-4853-916a-1008728abb65.sql,26,platform_policy_rules,action_type,"text"
20260325122227_06fac2ec-3d60-4853-916a-1008728abb65.sql,27,platform_policy_rules,priority,"integer"
20260325122227_06fac2ec-3d60-4853-916a-1008728abb65.sql,28,platform_policy_rules,auto_fix_allowed,"boolean"
20260325122227_06fac2ec-3d60-4853-916a-1008728abb65.sql,29,platform_policy_rules,enabled,"boolean"
20260325122227_06fac2ec-3d60-4853-916a-1008728abb65.sql,30,platform_policy_rules,description,"text"
20260325122227_06fac2ec-3d60-4853-916a-1008728abb65.sql,31,platform_policy_rules,vertical,"text"
20260325122227_06fac2ec-3d60-4853-916a-1008728abb65.sql,32,platform_policy_rules,risk_level,"text"
20260325122227_06fac2ec-3d60-4853-916a-1008728abb65.sql,37,platform_health_scores,id,"uuid"
20260325122227_06fac2ec-3d60-4853-916a-1008728abb65.sql,38,platform_health_scores,created_at,"timestamptz"
20260325122227_06fac2ec-3d60-4853-916a-1008728abb65.sql,39,platform_health_scores,performance_score,"integer"
20260325122227_06fac2ec-3d60-4853-916a-1008728abb65.sql,40,platform_health_scores,coherence_score,"integer"
20260325122227_06fac2ec-3d60-4853-916a-1008728abb65.sql,41,platform_health_scores,i18n_score,"integer"
20260325122227_06fac2ec-3d60-4853-916a-1008728abb65.sql,42,platform_health_scores,cleanup_score,"integer"
20260325122227_06fac2ec-3d60-4853-916a-1008728abb65.sql,43,platform_health_scores,routing_score,"integer"
20260325122227_06fac2ec-3d60-4853-916a-1008728abb65.sql,44,platform_health_scores,global_score,"integer"
20260325122227_06fac2ec-3d60-4853-916a-1008728abb65.sql,45,platform_health_scores,details_json,"jsonb"
20260325140338_9486c959-34ae-454b-8707-a2c944a1ec9c.sql,4,user_radar_profiles,id,"uuid"
20260325140338_9486c959-34ae-454b-8707-a2c944a1ec9c.sql,5,user_radar_profiles,user_id,"uuid"
20260325140338_9486c959-34ae-454b-8707-a2c944a1ec9c.sql,6,user_radar_profiles,lifestyle_tags,"text[]"
20260325140338_9486c959-34ae-454b-8707-a2c944a1ec9c.sql,7,user_radar_profiles,budget_profile,"text"
20260325140338_9486c959-34ae-454b-8707-a2c944a1ec9c.sql,8,user_radar_profiles,travel_profile,"text"
20260325140338_9486c959-34ae-454b-8707-a2c944a1ec9c.sql,9,user_radar_profiles,preferred_verticals,"text[]"
20260325140338_9486c959-34ae-454b-8707-a2c944a1ec9c.sql,10,user_radar_profiles,preferred_categories,"text[]"
20260325140338_9486c959-34ae-454b-8707-a2c944a1ec9c.sql,11,user_radar_profiles,taste_scores_json,"jsonb"
20260325140338_9486c959-34ae-454b-8707-a2c944a1ec9c.sql,12,user_radar_profiles,session_count,"integer"
20260325140338_9486c959-34ae-454b-8707-a2c944a1ec9c.sql,13,user_radar_profiles,last_updated_at,"timestamptz"
20260325140338_9486c959-34ae-454b-8707-a2c944a1ec9c.sql,14,user_radar_profiles,created_at,"timestamptz"
20260325140338_9486c959-34ae-454b-8707-a2c944a1ec9c.sql,19,user_radar_events,id,"uuid"
20260325140338_9486c959-34ae-454b-8707-a2c944a1ec9c.sql,20,user_radar_events,user_id,"uuid"
20260325140338_9486c959-34ae-454b-8707-a2c944a1ec9c.sql,21,user_radar_events,event_type,"text"
20260325140338_9486c959-34ae-454b-8707-a2c944a1ec9c.sql,22,user_radar_events,entity_id,"text"
20260325140338_9486c959-34ae-454b-8707-a2c944a1ec9c.sql,23,user_radar_events,category,"text"
20260325140338_9486c959-34ae-454b-8707-a2c944a1ec9c.sql,24,user_radar_events,subcategory,"text"
20260325140338_9486c959-34ae-454b-8707-a2c944a1ec9c.sql,25,user_radar_events,context,"text"
20260325140338_9486c959-34ae-454b-8707-a2c944a1ec9c.sql,26,user_radar_events,zone_id,"text"
20260325140338_9486c959-34ae-454b-8707-a2c944a1ec9c.sql,27,user_radar_events,created_at,"timestamptz"
20260325140338_9486c959-34ae-454b-8707-a2c944a1ec9c.sql,31,user_radar_sessions,id,"uuid"
20260325140338_9486c959-34ae-454b-8707-a2c944a1ec9c.sql,32,user_radar_sessions,user_id,"uuid"
20260325140338_9486c959-34ae-454b-8707-a2c944a1ec9c.sql,33,user_radar_sessions,session_id,"text"
20260325140338_9486c959-34ae-454b-8707-a2c944a1ec9c.sql,34,user_radar_sessions,detected_intent,"text"
20260325140338_9486c959-34ae-454b-8707-a2c944a1ec9c.sql,35,user_radar_sessions,time_slot,"text"
20260325140338_9486c959-34ae-454b-8707-a2c944a1ec9c.sql,36,user_radar_sessions,context_type,"text"
20260325140338_9486c959-34ae-454b-8707-a2c944a1ec9c.sql,37,user_radar_sessions,zone_id,"text"
20260325140338_9486c959-34ae-454b-8707-a2c944a1ec9c.sql,38,user_radar_sessions,started_at,"timestamptz"
20260325140338_9486c959-34ae-454b-8707-a2c944a1ec9c.sql,39,user_radar_sessions,ended_at,"timestamptz"
20260325140338_9486c959-34ae-454b-8707-a2c944a1ec9c.sql,43,user_radar_recommendations,id,"uuid"
20260325140338_9486c959-34ae-454b-8707-a2c944a1ec9c.sql,44,user_radar_recommendations,user_id,"uuid"
20260325140338_9486c959-34ae-454b-8707-a2c944a1ec9c.sql,45,user_radar_recommendations,recommendation_type,"text"
20260325140338_9486c959-34ae-454b-8707-a2c944a1ec9c.sql,46,user_radar_recommendations,entity_id,"text"
20260325140338_9486c959-34ae-454b-8707-a2c944a1ec9c.sql,47,user_radar_recommendations,category,"text"
20260325140338_9486c959-34ae-454b-8707-a2c944a1ec9c.sql,48,user_radar_recommendations,personal_score,"numeric"
20260325140338_9486c959-34ae-454b-8707-a2c944a1ec9c.sql,49,user_radar_recommendations,shown_at,"timestamptz"
20260325140338_9486c959-34ae-454b-8707-a2c944a1ec9c.sql,50,user_radar_recommendations,clicked,"boolean"
20260325140338_9486c959-34ae-454b-8707-a2c944a1ec9c.sql,51,user_radar_recommendations,converted,"boolean"
20260325140338_9486c959-34ae-454b-8707-a2c944a1ec9c.sql,55,zone_live_profiles,id,"uuid"
20260325140338_9486c959-34ae-454b-8707-a2c944a1ec9c.sql,56,zone_live_profiles,zone_id,"text"
20260325140338_9486c959-34ae-454b-8707-a2c944a1ec9c.sql,57,zone_live_profiles,lat,"numeric"
20260325140338_9486c959-34ae-454b-8707-a2c944a1ec9c.sql,58,zone_live_profiles,lng,"numeric"
20260325140338_9486c959-34ae-454b-8707-a2c944a1ec9c.sql,59,zone_live_profiles,vibe,"text"
20260325140338_9486c959-34ae-454b-8707-a2c944a1ec9c.sql,60,zone_live_profiles,density,"integer"
20260325140338_9486c959-34ae-454b-8707-a2c944a1ec9c.sql,61,zone_live_profiles,activity_score,"integer"
20260325140338_9486c959-34ae-454b-8707-a2c944a1ec9c.sql,62,zone_live_profiles,dominant_categories,"text[]"
20260325140338_9486c959-34ae-454b-8707-a2c944a1ec9c.sql,63,zone_live_profiles,entity_count,"integer"
20260325140338_9486c959-34ae-454b-8707-a2c944a1ec9c.sql,64,zone_live_profiles,updated_at,"timestamptz"
20260325144232_6c8f65e2-69e5-4e01-8e64-1259c9bfa9c0.sql,2,engine_supervisor,id,"uuid"
20260325144232_6c8f65e2-69e5-4e01-8e64-1259c9bfa9c0.sql,3,engine_supervisor,engine_name,"text"
20260325144232_6c8f65e2-69e5-4e01-8e64-1259c9bfa9c0.sql,4,engine_supervisor,engine_tier,"text"
20260325144232_6c8f65e2-69e5-4e01-8e64-1259c9bfa9c0.sql,5,engine_supervisor,runtime_class,"text"
20260325144232_6c8f65e2-69e5-4e01-8e64-1259c9bfa9c0.sql,6,engine_supervisor,status,"text"
20260325144232_6c8f65e2-69e5-4e01-8e64-1259c9bfa9c0.sql,7,engine_supervisor,last_run_at,"timestamptz"
20260325144232_6c8f65e2-69e5-4e01-8e64-1259c9bfa9c0.sql,8,engine_supervisor,last_success_at,"timestamptz"
20260325144232_6c8f65e2-69e5-4e01-8e64-1259c9bfa9c0.sql,9,engine_supervisor,last_error_at,"timestamptz"
20260325144232_6c8f65e2-69e5-4e01-8e64-1259c9bfa9c0.sql,10,engine_supervisor,last_error_message,"text"
20260325144232_6c8f65e2-69e5-4e01-8e64-1259c9bfa9c0.sql,11,engine_supervisor,last_duration_ms,"integer"
20260325144232_6c8f65e2-69e5-4e01-8e64-1259c9bfa9c0.sql,12,engine_supervisor,restart_count,"integer"
20260325144232_6c8f65e2-69e5-4e01-8e64-1259c9bfa9c0.sql,13,engine_supervisor,consecutive_failures,"integer"
20260325144232_6c8f65e2-69e5-4e01-8e64-1259c9bfa9c0.sql,14,engine_supervisor,max_retries,"integer"
20260325144232_6c8f65e2-69e5-4e01-8e64-1259c9bfa9c0.sql,15,engine_supervisor,cron_interval,"text"
20260325144232_6c8f65e2-69e5-4e01-8e64-1259c9bfa9c0.sql,16,engine_supervisor,enabled,"boolean"
20260325144232_6c8f65e2-69e5-4e01-8e64-1259c9bfa9c0.sql,17,engine_supervisor,created_at,"timestamptz"
20260325144232_6c8f65e2-69e5-4e01-8e64-1259c9bfa9c0.sql,18,engine_supervisor,updated_at,"timestamptz"
20260325173108_fd2d0030-d609-44fe-8ec1-e622dd64b5f3.sql,4,entity_pipeline_queue,id,"uuid"
20260325173108_fd2d0030-d609-44fe-8ec1-e622dd64b5f3.sql,5,entity_pipeline_queue,entity_id,"uuid"
20260325173108_fd2d0030-d609-44fe-8ec1-e622dd64b5f3.sql,6,entity_pipeline_queue,entity_type,"text"
20260325173108_fd2d0030-d609-44fe-8ec1-e622dd64b5f3.sql,7,entity_pipeline_queue,source_type,"text"
20260325173108_fd2d0030-d609-44fe-8ec1-e622dd64b5f3.sql,8,entity_pipeline_queue,current_stage,"text"
20260325173108_fd2d0030-d609-44fe-8ec1-e622dd64b5f3.sql,9,entity_pipeline_queue,next_stage,"text"
20260325173108_fd2d0030-d609-44fe-8ec1-e622dd64b5f3.sql,10,entity_pipeline_queue,priority,"int"
20260325173108_fd2d0030-d609-44fe-8ec1-e622dd64b5f3.sql,11,entity_pipeline_queue,status,"text"
20260325173108_fd2d0030-d609-44fe-8ec1-e622dd64b5f3.sql,12,entity_pipeline_queue,retries,"int"
20260325173108_fd2d0030-d609-44fe-8ec1-e622dd64b5f3.sql,13,entity_pipeline_queue,max_retries,"int"
20260325173108_fd2d0030-d609-44fe-8ec1-e622dd64b5f3.sql,14,entity_pipeline_queue,locked_by,"text"
20260325173108_fd2d0030-d609-44fe-8ec1-e622dd64b5f3.sql,15,entity_pipeline_queue,locked_at,"timestamptz"
20260325173108_fd2d0030-d609-44fe-8ec1-e622dd64b5f3.sql,16,entity_pipeline_queue,last_error,"text"
20260325173108_fd2d0030-d609-44fe-8ec1-e622dd64b5f3.sql,17,entity_pipeline_queue,payload_json,"jsonb"
20260325173108_fd2d0030-d609-44fe-8ec1-e622dd64b5f3.sql,18,entity_pipeline_queue,stage_results_json,"jsonb"
20260325173108_fd2d0030-d609-44fe-8ec1-e622dd64b5f3.sql,19,entity_pipeline_queue,created_at,"timestamptz"
20260325173108_fd2d0030-d609-44fe-8ec1-e622dd64b5f3.sql,20,entity_pipeline_queue,updated_at,"timestamptz"
20260325173108_fd2d0030-d609-44fe-8ec1-e622dd64b5f3.sql,38,engine_registry,id,"uuid"
20260325173108_fd2d0030-d609-44fe-8ec1-e622dd64b5f3.sql,39,engine_registry,engine_name,"text"
20260325173108_fd2d0030-d609-44fe-8ec1-e622dd64b5f3.sql,40,engine_registry,pipeline_stage,"text"
20260325173108_fd2d0030-d609-44fe-8ec1-e622dd64b5f3.sql,41,engine_registry,layer,"text"
20260325173108_fd2d0030-d609-44fe-8ec1-e622dd64b5f3.sql,42,engine_registry,status,"text"
20260325173108_fd2d0030-d609-44fe-8ec1-e622dd64b5f3.sql,43,engine_registry,tier,"text"
20260325173108_fd2d0030-d609-44fe-8ec1-e622dd64b5f3.sql,44,engine_registry,business_function,"text"
20260325173108_fd2d0030-d609-44fe-8ec1-e622dd64b5f3.sql,45,engine_registry,description,"text"
20260325173108_fd2d0030-d609-44fe-8ec1-e622dd64b5f3.sql,46,engine_registry,fields_modified,"text[]"
20260325173108_fd2d0030-d609-44fe-8ec1-e622dd64b5f3.sql,47,engine_registry,tables_modified,"text[]"
20260325173108_fd2d0030-d609-44fe-8ec1-e622dd64b5f3.sql,48,engine_registry,merged_into,"text"
20260325173108_fd2d0030-d609-44fe-8ec1-e622dd64b5f3.sql,49,engine_registry,created_at,"timestamptz"
20260325173108_fd2d0030-d609-44fe-8ec1-e622dd64b5f3.sql,50,engine_registry,updated_at,"timestamptz"
20260325202831_83145e28-1e6f-47bb-a8c5-fcf6eb139b98.sql,2,module_health,id,"uuid"
20260325202831_83145e28-1e6f-47bb-a8c5-fcf6eb139b98.sql,3,module_health,module,"text"
20260325202831_83145e28-1e6f-47bb-a8c5-fcf6eb139b98.sql,4,module_health,status,"text"
20260325202831_83145e28-1e6f-47bb-a8c5-fcf6eb139b98.sql,5,module_health,last_success_at,"timestamptz"
20260325202831_83145e28-1e6f-47bb-a8c5-fcf6eb139b98.sql,6,module_health,last_error_at,"timestamptz"
20260325202831_83145e28-1e6f-47bb-a8c5-fcf6eb139b98.sql,7,module_health,error_count_1h,"integer"
20260325202831_83145e28-1e6f-47bb-a8c5-fcf6eb139b98.sql,8,module_health,p95_latency_ms,"integer"
20260325202831_83145e28-1e6f-47bb-a8c5-fcf6eb139b98.sql,9,module_health,auto_fix_enabled,"boolean"
20260325202831_83145e28-1e6f-47bb-a8c5-fcf6eb139b98.sql,10,module_health,repair_mode,"text"
20260325202831_83145e28-1e6f-47bb-a8c5-fcf6eb139b98.sql,11,module_health,current_incident,"text"
20260325202831_83145e28-1e6f-47bb-a8c5-fcf6eb139b98.sql,12,module_health,metadata_json,"jsonb"
20260325202831_83145e28-1e6f-47bb-a8c5-fcf6eb139b98.sql,13,module_health,updated_at,"timestamptz"
20260325233133_f292dfe8-6c7f-4a59-ac7e-c0a6b334bf61.sql,3,rides,id,"uuid"
20260325233133_f292dfe8-6c7f-4a59-ac7e-c0a6b334bf61.sql,4,rides,rider_user_id,"uuid"
20260325233133_f292dfe8-6c7f-4a59-ac7e-c0a6b334bf61.sql,5,rides,driver_user_id,"uuid"
20260325233133_f292dfe8-6c7f-4a59-ac7e-c0a6b334bf61.sql,6,rides,ride_type,"text"
20260325233133_f292dfe8-6c7f-4a59-ac7e-c0a6b334bf61.sql,7,rides,booking_mode,"text"
20260325233133_f292dfe8-6c7f-4a59-ac7e-c0a6b334bf61.sql,8,rides,status,"text"
20260325233133_f292dfe8-6c7f-4a59-ac7e-c0a6b334bf61.sql,9,rides,pickup_label,"text"
20260325233133_f292dfe8-6c7f-4a59-ac7e-c0a6b334bf61.sql,10,rides,pickup_lat,"double"
20260325233133_f292dfe8-6c7f-4a59-ac7e-c0a6b334bf61.sql,11,rides,pickup_lng,"double"
20260325233133_f292dfe8-6c7f-4a59-ac7e-c0a6b334bf61.sql,12,rides,dropoff_label,"text"
20260325233133_f292dfe8-6c7f-4a59-ac7e-c0a6b334bf61.sql,13,rides,dropoff_lat,"double"
20260325233133_f292dfe8-6c7f-4a59-ac7e-c0a6b334bf61.sql,14,rides,dropoff_lng,"double"
20260325233133_f292dfe8-6c7f-4a59-ac7e-c0a6b334bf61.sql,15,rides,scheduled_for,"timestamptz"
20260325233133_f292dfe8-6c7f-4a59-ac7e-c0a6b334bf61.sql,16,rides,notes,"text"
20260325233133_f292dfe8-6c7f-4a59-ac7e-c0a6b334bf61.sql,17,rides,currency,"text"
20260325233133_f292dfe8-6c7f-4a59-ac7e-c0a6b334bf61.sql,18,rides,estimated_price,"numeric(12,2)"
20260325233133_f292dfe8-6c7f-4a59-ac7e-c0a6b334bf61.sql,19,rides,final_price,"numeric(12,2)"
20260325233133_f292dfe8-6c7f-4a59-ac7e-c0a6b334bf61.sql,20,rides,passenger_name,"text"
20260325233133_f292dfe8-6c7f-4a59-ac7e-c0a6b334bf61.sql,21,rides,passenger_phone,"text"
20260325233133_f292dfe8-6c7f-4a59-ac7e-c0a6b334bf61.sql,22,rides,created_at,"timestamptz"
20260325233133_f292dfe8-6c7f-4a59-ac7e-c0a6b334bf61.sql,23,rides,updated_at,"timestamptz"
20260325233133_f292dfe8-6c7f-4a59-ac7e-c0a6b334bf61.sql,27,ride_events,id,"uuid"
20260325233133_f292dfe8-6c7f-4a59-ac7e-c0a6b334bf61.sql,28,ride_events,ride_id,"uuid"
20260325233133_f292dfe8-6c7f-4a59-ac7e-c0a6b334bf61.sql,29,ride_events,event_type,"text"
20260325233133_f292dfe8-6c7f-4a59-ac7e-c0a6b334bf61.sql,30,ride_events,actor_user_id,"uuid"
20260325233133_f292dfe8-6c7f-4a59-ac7e-c0a6b334bf61.sql,31,ride_events,payload,"jsonb"
20260325233133_f292dfe8-6c7f-4a59-ac7e-c0a6b334bf61.sql,32,ride_events,created_at,"timestamptz"
20260326073735_d427c403-1646-4844-9374-ac7e671a456c.sql,4,rider_presence,rider_user_id,"uuid"
20260326073735_d427c403-1646-4844-9374-ac7e671a456c.sql,5,rider_presence,is_online,"boolean"
20260326073735_d427c403-1646-4844-9374-ac7e671a456c.sql,6,rider_presence,is_available,"boolean"
20260326073735_d427c403-1646-4844-9374-ac7e671a456c.sql,7,rider_presence,current_lat,"double"
20260326073735_d427c403-1646-4844-9374-ac7e671a456c.sql,8,rider_presence,current_lng,"double"
20260326073735_d427c403-1646-4844-9374-ac7e671a456c.sql,9,rider_presence,heading,"double"
20260326073735_d427c403-1646-4844-9374-ac7e671a456c.sql,10,rider_presence,speed_kmh,"double"
20260326073735_d427c403-1646-4844-9374-ac7e671a456c.sql,11,rider_presence,accuracy_m,"double"
20260326073735_d427c403-1646-4844-9374-ac7e671a456c.sql,12,rider_presence,vehicle_type,"text"
20260326073735_d427c403-1646-4844-9374-ac7e671a456c.sql,13,rider_presence,last_seen_at,"timestamptz"
20260326073735_d427c403-1646-4844-9374-ac7e671a456c.sql,14,rider_presence,updated_at,"timestamptz"
20260326073735_d427c403-1646-4844-9374-ac7e671a456c.sql,28,delivery_job_offers,id,"uuid"
20260326073735_d427c403-1646-4844-9374-ac7e671a456c.sql,29,delivery_job_offers,job_id,"uuid"
20260326073735_d427c403-1646-4844-9374-ac7e671a456c.sql,30,delivery_job_offers,rider_user_id,"uuid"
20260326073735_d427c403-1646-4844-9374-ac7e671a456c.sql,31,delivery_job_offers,status,"text"
20260326073735_d427c403-1646-4844-9374-ac7e671a456c.sql,32,delivery_job_offers,offered_at,"timestamptz"
20260326073735_d427c403-1646-4844-9374-ac7e671a456c.sql,33,delivery_job_offers,responded_at,"timestamptz"
20260326073735_d427c403-1646-4844-9374-ac7e671a456c.sql,34,delivery_job_offers,distance_km,"double"
20260326073735_d427c403-1646-4844-9374-ac7e671a456c.sql,35,delivery_job_offers,eta_minutes,"integer"
20260326073735_d427c403-1646-4844-9374-ac7e671a456c.sql,36,delivery_job_offers,score,"integer"
20260326073735_d427c403-1646-4844-9374-ac7e671a456c.sql,37,delivery_job_offers,created_at,"timestamptz"
20260326073735_d427c403-1646-4844-9374-ac7e671a456c.sql,51,delivery_dispatch_attempts,id,"uuid"
20260326073735_d427c403-1646-4844-9374-ac7e671a456c.sql,52,delivery_dispatch_attempts,job_id,"uuid"
20260326073735_d427c403-1646-4844-9374-ac7e671a456c.sql,53,delivery_dispatch_attempts,radius_km,"double"
20260326073735_d427c403-1646-4844-9374-ac7e671a456c.sql,54,delivery_dispatch_attempts,offered_count,"integer"
20260326073735_d427c403-1646-4844-9374-ac7e671a456c.sql,55,delivery_dispatch_attempts,accepted_count,"integer"
20260326073735_d427c403-1646-4844-9374-ac7e671a456c.sql,56,delivery_dispatch_attempts,pricing_multiplier,"double"
20260326073735_d427c403-1646-4844-9374-ac7e671a456c.sql,57,delivery_dispatch_attempts,attempted_at,"timestamptz"
20260326073735_d427c403-1646-4844-9374-ac7e671a456c.sql,70,delivery_fare_quotes,id,"uuid"
20260326073735_d427c403-1646-4844-9374-ac7e671a456c.sql,71,delivery_fare_quotes,job_id,"uuid"
20260326073735_d427c403-1646-4844-9374-ac7e671a456c.sql,72,delivery_fare_quotes,base_fare,"numeric(10,2)"
20260326073735_d427c403-1646-4844-9374-ac7e671a456c.sql,73,delivery_fare_quotes,current_fare,"numeric(10,2)"
20260326073735_d427c403-1646-4844-9374-ac7e671a456c.sql,74,delivery_fare_quotes,surge_multiplier,"double"
20260326073735_d427c403-1646-4844-9374-ac7e671a456c.sql,75,delivery_fare_quotes,reason,"text"
20260326073735_d427c403-1646-4844-9374-ac7e671a456c.sql,76,delivery_fare_quotes,created_at,"timestamptz"
20260326073735_d427c403-1646-4844-9374-ac7e671a456c.sql,89,trip_location_points,id,"uuid"
20260326073735_d427c403-1646-4844-9374-ac7e671a456c.sql,90,trip_location_points,job_id,"uuid"
20260326073735_d427c403-1646-4844-9374-ac7e671a456c.sql,91,trip_location_points,rider_user_id,"uuid"
20260326073735_d427c403-1646-4844-9374-ac7e671a456c.sql,92,trip_location_points,lat,"double"
20260326073735_d427c403-1646-4844-9374-ac7e671a456c.sql,93,trip_location_points,lng,"double"
20260326073735_d427c403-1646-4844-9374-ac7e671a456c.sql,94,trip_location_points,heading,"double"
20260326073735_d427c403-1646-4844-9374-ac7e671a456c.sql,95,trip_location_points,speed_kmh,"double"
20260326073735_d427c403-1646-4844-9374-ac7e671a456c.sql,96,trip_location_points,accuracy_m,"double"
20260326073735_d427c403-1646-4844-9374-ac7e671a456c.sql,97,trip_location_points,recorded_at,"timestamptz"
20260326073735_d427c403-1646-4844-9374-ac7e671a456c.sql,110,trip_live_state,job_id,"uuid"
20260326073735_d427c403-1646-4844-9374-ac7e671a456c.sql,111,trip_live_state,rider_lat,"double"
20260326073735_d427c403-1646-4844-9374-ac7e671a456c.sql,112,trip_live_state,rider_lng,"double"
20260326073735_d427c403-1646-4844-9374-ac7e671a456c.sql,113,trip_live_state,rider_heading,"double"
20260326073735_d427c403-1646-4844-9374-ac7e671a456c.sql,114,trip_live_state,rider_speed_kmh,"double"
20260326073735_d427c403-1646-4844-9374-ac7e671a456c.sql,115,trip_live_state,customer_lat,"double"
20260326073735_d427c403-1646-4844-9374-ac7e671a456c.sql,116,trip_live_state,customer_lng,"double"
20260326073735_d427c403-1646-4844-9374-ac7e671a456c.sql,117,trip_live_state,updated_at,"timestamptz"
20260326074753_8f92b48e-a393-4ec5-a5c2-ee44839da260.sql,8,customer_profiles,id,"uuid"
20260326074753_8f92b48e-a393-4ec5-a5c2-ee44839da260.sql,9,customer_profiles,user_id,"uuid"
20260326074753_8f92b48e-a393-4ec5-a5c2-ee44839da260.sql,10,customer_profiles,full_name,"text"
20260326074753_8f92b48e-a393-4ec5-a5c2-ee44839da260.sql,11,customer_profiles,phone,"text"
20260326074753_8f92b48e-a393-4ec5-a5c2-ee44839da260.sql,12,customer_profiles,default_pickup_label,"text"
20260326074753_8f92b48e-a393-4ec5-a5c2-ee44839da260.sql,13,customer_profiles,default_dropoff_label,"text"
20260326074753_8f92b48e-a393-4ec5-a5c2-ee44839da260.sql,14,customer_profiles,created_at,"timestamptz"
20260326074753_8f92b48e-a393-4ec5-a5c2-ee44839da260.sql,15,customer_profiles,updated_at,"timestamptz"
20260326074753_8f92b48e-a393-4ec5-a5c2-ee44839da260.sql,23,rider_profiles,id,"uuid"
20260326074753_8f92b48e-a393-4ec5-a5c2-ee44839da260.sql,24,rider_profiles,user_id,"uuid"
20260326074753_8f92b48e-a393-4ec5-a5c2-ee44839da260.sql,25,rider_profiles,full_name,"text"
20260326074753_8f92b48e-a393-4ec5-a5c2-ee44839da260.sql,26,rider_profiles,phone,"text"
20260326074753_8f92b48e-a393-4ec5-a5c2-ee44839da260.sql,27,rider_profiles,rider_mode,"text"
20260326074753_8f92b48e-a393-4ec5-a5c2-ee44839da260.sql,28,rider_profiles,vehicle_type,"text"
20260326074753_8f92b48e-a393-4ec5-a5c2-ee44839da260.sql,29,rider_profiles,vehicle_brand,"text"
20260326074753_8f92b48e-a393-4ec5-a5c2-ee44839da260.sql,30,rider_profiles,vehicle_model,"text"
20260326074753_8f92b48e-a393-4ec5-a5c2-ee44839da260.sql,31,rider_profiles,plate_number,"text"
20260326074753_8f92b48e-a393-4ec5-a5c2-ee44839da260.sql,32,rider_profiles,seats,"integer"
20260326074753_8f92b48e-a393-4ec5-a5c2-ee44839da260.sql,33,rider_profiles,is_verified,"boolean"
20260326074753_8f92b48e-a393-4ec5-a5c2-ee44839da260.sql,34,rider_profiles,is_online,"boolean"
20260326074753_8f92b48e-a393-4ec5-a5c2-ee44839da260.sql,35,rider_profiles,is_available,"boolean"
20260326074753_8f92b48e-a393-4ec5-a5c2-ee44839da260.sql,36,rider_profiles,rating,"numeric"
20260326074753_8f92b48e-a393-4ec5-a5c2-ee44839da260.sql,37,rider_profiles,created_at,"timestamptz"
20260326074753_8f92b48e-a393-4ec5-a5c2-ee44839da260.sql,38,rider_profiles,updated_at,"timestamptz"
20260326074753_8f92b48e-a393-4ec5-a5c2-ee44839da260.sql,48,merchant_profiles,id,"uuid"
20260326074753_8f92b48e-a393-4ec5-a5c2-ee44839da260.sql,49,merchant_profiles,user_id,"uuid"
20260326074753_8f92b48e-a393-4ec5-a5c2-ee44839da260.sql,50,merchant_profiles,storefront_page_id,"uuid"
20260326074753_8f92b48e-a393-4ec5-a5c2-ee44839da260.sql,51,merchant_profiles,business_name,"text"
20260326074753_8f92b48e-a393-4ec5-a5c2-ee44839da260.sql,52,merchant_profiles,merchant_type,"text"
20260326074753_8f92b48e-a393-4ec5-a5c2-ee44839da260.sql,53,merchant_profiles,phone,"text"
20260326074753_8f92b48e-a393-4ec5-a5c2-ee44839da260.sql,54,merchant_profiles,prep_time_minutes,"integer"
20260326074753_8f92b48e-a393-4ec5-a5c2-ee44839da260.sql,55,merchant_profiles,pickup_buffer_minutes,"integer"
20260326074753_8f92b48e-a393-4ec5-a5c2-ee44839da260.sql,56,merchant_profiles,lat,"numeric"
20260326074753_8f92b48e-a393-4ec5-a5c2-ee44839da260.sql,57,merchant_profiles,lng,"numeric"
20260326074753_8f92b48e-a393-4ec5-a5c2-ee44839da260.sql,58,merchant_profiles,address,"text"
20260326074753_8f92b48e-a393-4ec5-a5c2-ee44839da260.sql,59,merchant_profiles,is_open,"boolean"
20260326074753_8f92b48e-a393-4ec5-a5c2-ee44839da260.sql,60,merchant_profiles,created_at,"timestamptz"
20260326074753_8f92b48e-a393-4ec5-a5c2-ee44839da260.sql,61,merchant_profiles,updated_at,"timestamptz"
20260326074753_8f92b48e-a393-4ec5-a5c2-ee44839da260.sql,71,mobility_jobs,id,"uuid"
20260326074753_8f92b48e-a393-4ec5-a5c2-ee44839da260.sql,72,mobility_jobs,job_type,"text"
20260326074753_8f92b48e-a393-4ec5-a5c2-ee44839da260.sql,73,mobility_jobs,service_level,"text"
20260326074753_8f92b48e-a393-4ec5-a5c2-ee44839da260.sql,78,mobility_jobs,customer_user_id,"uuid"
20260326074753_8f92b48e-a393-4ec5-a5c2-ee44839da260.sql,79,mobility_jobs,customer_profile_id,"uuid"
20260326074753_8f92b48e-a393-4ec5-a5c2-ee44839da260.sql,80,mobility_jobs,rider_user_id,"uuid"
20260326074753_8f92b48e-a393-4ec5-a5c2-ee44839da260.sql,81,mobility_jobs,rider_profile_id,"uuid"
20260326074753_8f92b48e-a393-4ec5-a5c2-ee44839da260.sql,82,mobility_jobs,merchant_id,"uuid"
20260326074753_8f92b48e-a393-4ec5-a5c2-ee44839da260.sql,83,mobility_jobs,storefront_page_id,"uuid"
20260326074753_8f92b48e-a393-4ec5-a5c2-ee44839da260.sql,84,mobility_jobs,order_id,"uuid"
20260326074753_8f92b48e-a393-4ec5-a5c2-ee44839da260.sql,85,mobility_jobs,parcel_reference,"text"
20260326074753_8f92b48e-a393-4ec5-a5c2-ee44839da260.sql,86,mobility_jobs,status,"text"
20260326074753_8f92b48e-a393-4ec5-a5c2-ee44839da260.sql,92,mobility_jobs,pickup_label,"text"
20260326074753_8f92b48e-a393-4ec5-a5c2-ee44839da260.sql,93,mobility_jobs,pickup_address,"text"
20260326074753_8f92b48e-a393-4ec5-a5c2-ee44839da260.sql,94,mobility_jobs,pickup_lat,"numeric"
20260326074753_8f92b48e-a393-4ec5-a5c2-ee44839da260.sql,95,mobility_jobs,pickup_lng,"numeric"
20260326074753_8f92b48e-a393-4ec5-a5c2-ee44839da260.sql,96,mobility_jobs,dropoff_label,"text"
20260326074753_8f92b48e-a393-4ec5-a5c2-ee44839da260.sql,97,mobility_jobs,dropoff_address,"text"
20260326074753_8f92b48e-a393-4ec5-a5c2-ee44839da260.sql,98,mobility_jobs,dropoff_lat,"numeric"
20260326074753_8f92b48e-a393-4ec5-a5c2-ee44839da260.sql,99,mobility_jobs,dropoff_lng,"numeric"
20260326074753_8f92b48e-a393-4ec5-a5c2-ee44839da260.sql,100,mobility_jobs,seats_requested,"integer"
20260326074753_8f92b48e-a393-4ec5-a5c2-ee44839da260.sql,101,mobility_jobs,item_type,"text"
20260326074753_8f92b48e-a393-4ec5-a5c2-ee44839da260.sql,102,mobility_jobs,package_size,"text"
20260326074753_8f92b48e-a393-4ec5-a5c2-ee44839da260.sql,103,mobility_jobs,notes,"text"
20260326074753_8f92b48e-a393-4ec5-a5c2-ee44839da260.sql,104,mobility_jobs,merchant_status,"text"
20260326074753_8f92b48e-a393-4ec5-a5c2-ee44839da260.sql,105,mobility_jobs,prep_time_minutes,"integer"
20260326074753_8f92b48e-a393-4ec5-a5c2-ee44839da260.sql,106,mobility_jobs,ready_at,"timestamptz"
20260326074753_8f92b48e-a393-4ec5-a5c2-ee44839da260.sql,107,mobility_jobs,quoted_price,"numeric"
20260326074753_8f92b48e-a393-4ec5-a5c2-ee44839da260.sql,108,mobility_jobs,current_price,"numeric"
20260326074753_8f92b48e-a393-4ec5-a5c2-ee44839da260.sql,109,mobility_jobs,surge_multiplier,"numeric"
20260326074753_8f92b48e-a393-4ec5-a5c2-ee44839da260.sql,110,mobility_jobs,currency,"text"
20260326074753_8f92b48e-a393-4ec5-a5c2-ee44839da260.sql,111,mobility_jobs,pricing_version,"integer"
20260326074753_8f92b48e-a393-4ec5-a5c2-ee44839da260.sql,112,mobility_jobs,payment_status,"text"
20260326074753_8f92b48e-a393-4ec5-a5c2-ee44839da260.sql,113,mobility_jobs,dispatch_attempt_count,"integer"
20260326074753_8f92b48e-a393-4ec5-a5c2-ee44839da260.sql,114,mobility_jobs,search_radius_km,"numeric"
20260326074753_8f92b48e-a393-4ec5-a5c2-ee44839da260.sql,115,mobility_jobs,last_dispatch_at,"timestamptz"
20260326074753_8f92b48e-a393-4ec5-a5c2-ee44839da260.sql,116,mobility_jobs,dispatch_status,"text"
20260326074753_8f92b48e-a393-4ec5-a5c2-ee44839da260.sql,117,mobility_jobs,confirmation_code,"text"
20260326074753_8f92b48e-a393-4ec5-a5c2-ee44839da260.sql,118,mobility_jobs,accepted_at,"timestamptz"
20260326074753_8f92b48e-a393-4ec5-a5c2-ee44839da260.sql,119,mobility_jobs,arrived_pickup_at,"timestamptz"
20260326074753_8f92b48e-a393-4ec5-a5c2-ee44839da260.sql,120,mobility_jobs,picked_up_at,"timestamptz"
20260326074753_8f92b48e-a393-4ec5-a5c2-ee44839da260.sql,121,mobility_jobs,started_at,"timestamptz"
20260326074753_8f92b48e-a393-4ec5-a5c2-ee44839da260.sql,122,mobility_jobs,completed_at,"timestamptz"
20260326074753_8f92b48e-a393-4ec5-a5c2-ee44839da260.sql,123,mobility_jobs,cancelled_at,"timestamptz"
20260326074753_8f92b48e-a393-4ec5-a5c2-ee44839da260.sql,124,mobility_jobs,cancel_reason,"text"
20260326074753_8f92b48e-a393-4ec5-a5c2-ee44839da260.sql,125,mobility_jobs,cancelled_by,"uuid"
20260326074753_8f92b48e-a393-4ec5-a5c2-ee44839da260.sql,126,mobility_jobs,created_at,"timestamptz"
20260326074753_8f92b48e-a393-4ec5-a5c2-ee44839da260.sql,127,mobility_jobs,updated_at,"timestamptz"
20260326074753_8f92b48e-a393-4ec5-a5c2-ee44839da260.sql,142,mobility_job_offers,id,"uuid"
20260326074753_8f92b48e-a393-4ec5-a5c2-ee44839da260.sql,143,mobility_job_offers,job_id,"uuid"
20260326074753_8f92b48e-a393-4ec5-a5c2-ee44839da260.sql,144,mobility_job_offers,rider_user_id,"uuid"
20260326074753_8f92b48e-a393-4ec5-a5c2-ee44839da260.sql,145,mobility_job_offers,rider_profile_id,"uuid"
20260326074753_8f92b48e-a393-4ec5-a5c2-ee44839da260.sql,146,mobility_job_offers,status,"text"
20260326074753_8f92b48e-a393-4ec5-a5c2-ee44839da260.sql,147,mobility_job_offers,radius_km,"numeric"
20260326074753_8f92b48e-a393-4ec5-a5c2-ee44839da260.sql,148,mobility_job_offers,fare_at_offer,"numeric"
20260326074753_8f92b48e-a393-4ec5-a5c2-ee44839da260.sql,149,mobility_job_offers,surge_multiplier,"numeric"
20260326074753_8f92b48e-a393-4ec5-a5c2-ee44839da260.sql,150,mobility_job_offers,distance_km,"numeric"
20260326074753_8f92b48e-a393-4ec5-a5c2-ee44839da260.sql,151,mobility_job_offers,eta_minutes,"numeric"
20260326074753_8f92b48e-a393-4ec5-a5c2-ee44839da260.sql,152,mobility_job_offers,offered_at,"timestamptz"
20260326074753_8f92b48e-a393-4ec5-a5c2-ee44839da260.sql,153,mobility_job_offers,responded_at,"timestamptz"
20260326074753_8f92b48e-a393-4ec5-a5c2-ee44839da260.sql,154,mobility_job_offers,expires_at,"timestamptz"
20260326074753_8f92b48e-a393-4ec5-a5c2-ee44839da260.sql,155,mobility_job_offers,created_at,"timestamptz"
20260326074753_8f92b48e-a393-4ec5-a5c2-ee44839da260.sql,156,mobility_job_offers,updated_at,"timestamptz"
20260326074753_8f92b48e-a393-4ec5-a5c2-ee44839da260.sql,168,mobility_dispatch_attempts,id,"uuid"
20260326074753_8f92b48e-a393-4ec5-a5c2-ee44839da260.sql,169,mobility_dispatch_attempts,job_id,"uuid"
20260326074753_8f92b48e-a393-4ec5-a5c2-ee44839da260.sql,170,mobility_dispatch_attempts,attempt_number,"integer"
20260326074753_8f92b48e-a393-4ec5-a5c2-ee44839da260.sql,171,mobility_dispatch_attempts,radius_km,"numeric"
20260326074753_8f92b48e-a393-4ec5-a5c2-ee44839da260.sql,172,mobility_dispatch_attempts,riders_targeted,"integer"
20260326074753_8f92b48e-a393-4ec5-a5c2-ee44839da260.sql,173,mobility_dispatch_attempts,riders_notified,"integer"
20260326074753_8f92b48e-a393-4ec5-a5c2-ee44839da260.sql,174,mobility_dispatch_attempts,accepted_count,"integer"
20260326074753_8f92b48e-a393-4ec5-a5c2-ee44839da260.sql,175,mobility_dispatch_attempts,fare_before,"numeric"
20260326074753_8f92b48e-a393-4ec5-a5c2-ee44839da260.sql,176,mobility_dispatch_attempts,fare_after,"numeric"
20260326074753_8f92b48e-a393-4ec5-a5c2-ee44839da260.sql,177,mobility_dispatch_attempts,surge_multiplier,"numeric"
20260326074753_8f92b48e-a393-4ec5-a5c2-ee44839da260.sql,178,mobility_dispatch_attempts,strategy,"text"
20260326074753_8f92b48e-a393-4ec5-a5c2-ee44839da260.sql,179,mobility_dispatch_attempts,created_at,"timestamptz"
20260326074753_8f92b48e-a393-4ec5-a5c2-ee44839da260.sql,189,mobility_fare_quotes,id,"uuid"
20260326074753_8f92b48e-a393-4ec5-a5c2-ee44839da260.sql,190,mobility_fare_quotes,job_id,"uuid"
20260326074753_8f92b48e-a393-4ec5-a5c2-ee44839da260.sql,191,mobility_fare_quotes,job_type,"text"
20260326074753_8f92b48e-a393-4ec5-a5c2-ee44839da260.sql,192,mobility_fare_quotes,service_level,"text"
20260326074753_8f92b48e-a393-4ec5-a5c2-ee44839da260.sql,193,mobility_fare_quotes,base_fare,"numeric"
20260326074753_8f92b48e-a393-4ec5-a5c2-ee44839da260.sql,194,mobility_fare_quotes,distance_fare,"numeric"
20260326074753_8f92b48e-a393-4ec5-a5c2-ee44839da260.sql,195,mobility_fare_quotes,time_fare,"numeric"
20260326074753_8f92b48e-a393-4ec5-a5c2-ee44839da260.sql,196,mobility_fare_quotes,merchant_component,"numeric"
20260326074753_8f92b48e-a393-4ec5-a5c2-ee44839da260.sql,197,mobility_fare_quotes,demand_component,"numeric"
20260326074753_8f92b48e-a393-4ec5-a5c2-ee44839da260.sql,198,mobility_fare_quotes,surge_multiplier,"numeric"
20260326074753_8f92b48e-a393-4ec5-a5c2-ee44839da260.sql,199,mobility_fare_quotes,total_fare,"numeric"
20260326074753_8f92b48e-a393-4ec5-a5c2-ee44839da260.sql,200,mobility_fare_quotes,currency,"text"
20260326074753_8f92b48e-a393-4ec5-a5c2-ee44839da260.sql,201,mobility_fare_quotes,reason,"text"
20260326074753_8f92b48e-a393-4ec5-a5c2-ee44839da260.sql,202,mobility_fare_quotes,created_at,"timestamptz"
20260326074753_8f92b48e-a393-4ec5-a5c2-ee44839da260.sql,214,rider_presence,rider_profile_id,"uuid"
20260326074753_8f92b48e-a393-4ec5-a5c2-ee44839da260.sql,215,rider_presence,user_id,"uuid"
20260326074753_8f92b48e-a393-4ec5-a5c2-ee44839da260.sql,216,rider_presence,actor,"text"
20260326074753_8f92b48e-a393-4ec5-a5c2-ee44839da260.sql,217,rider_presence,vehicle_type,"text"
20260326074753_8f92b48e-a393-4ec5-a5c2-ee44839da260.sql,218,rider_presence,service_modes,"text[]"
20260326074753_8f92b48e-a393-4ec5-a5c2-ee44839da260.sql,219,rider_presence,is_online,"boolean"
20260326074753_8f92b48e-a393-4ec5-a5c2-ee44839da260.sql,220,rider_presence,is_available,"boolean"
20260326074753_8f92b48e-a393-4ec5-a5c2-ee44839da260.sql,221,rider_presence,lat,"numeric"
20260326074753_8f92b48e-a393-4ec5-a5c2-ee44839da260.sql,222,rider_presence,lng,"numeric"
20260326074753_8f92b48e-a393-4ec5-a5c2-ee44839da260.sql,223,rider_presence,heading,"numeric"
20260326074753_8f92b48e-a393-4ec5-a5c2-ee44839da260.sql,224,rider_presence,speed,"numeric"
20260326074753_8f92b48e-a393-4ec5-a5c2-ee44839da260.sql,225,rider_presence,accuracy,"numeric"
20260326074753_8f92b48e-a393-4ec5-a5c2-ee44839da260.sql,226,rider_presence,battery_level,"numeric"
20260326074753_8f92b48e-a393-4ec5-a5c2-ee44839da260.sql,227,rider_presence,last_seen_at,"timestamptz"
20260326074753_8f92b48e-a393-4ec5-a5c2-ee44839da260.sql,228,rider_presence,updated_at,"timestamptz"
20260326074753_8f92b48e-a393-4ec5-a5c2-ee44839da260.sql,241,trip_location_points,id,"uuid"
20260326074753_8f92b48e-a393-4ec5-a5c2-ee44839da260.sql,242,trip_location_points,job_id,"uuid"
20260326074753_8f92b48e-a393-4ec5-a5c2-ee44839da260.sql,243,trip_location_points,rider_user_id,"uuid"
20260326074753_8f92b48e-a393-4ec5-a5c2-ee44839da260.sql,244,trip_location_points,rider_profile_id,"uuid"
20260326074753_8f92b48e-a393-4ec5-a5c2-ee44839da260.sql,245,trip_location_points,lat,"numeric"
20260326074753_8f92b48e-a393-4ec5-a5c2-ee44839da260.sql,246,trip_location_points,lng,"numeric"
20260326074753_8f92b48e-a393-4ec5-a5c2-ee44839da260.sql,247,trip_location_points,heading,"numeric"
20260326074753_8f92b48e-a393-4ec5-a5c2-ee44839da260.sql,248,trip_location_points,speed,"numeric"
20260326074753_8f92b48e-a393-4ec5-a5c2-ee44839da260.sql,249,trip_location_points,accuracy,"numeric"
20260326074753_8f92b48e-a393-4ec5-a5c2-ee44839da260.sql,250,trip_location_points,recorded_at,"timestamptz"
20260326074753_8f92b48e-a393-4ec5-a5c2-ee44839da260.sql,251,trip_location_points,created_at,"timestamptz"
20260326074753_8f92b48e-a393-4ec5-a5c2-ee44839da260.sql,264,trip_live_state,job_id,"uuid"
20260326074753_8f92b48e-a393-4ec5-a5c2-ee44839da260.sql,265,trip_live_state,rider_user_id,"uuid"
20260326074753_8f92b48e-a393-4ec5-a5c2-ee44839da260.sql,266,trip_live_state,rider_profile_id,"uuid"
20260326074753_8f92b48e-a393-4ec5-a5c2-ee44839da260.sql,267,trip_live_state,lat,"numeric"
20260326074753_8f92b48e-a393-4ec5-a5c2-ee44839da260.sql,268,trip_live_state,lng,"numeric"
20260326074753_8f92b48e-a393-4ec5-a5c2-ee44839da260.sql,269,trip_live_state,heading,"numeric"
20260326074753_8f92b48e-a393-4ec5-a5c2-ee44839da260.sql,270,trip_live_state,speed,"numeric"
20260326074753_8f92b48e-a393-4ec5-a5c2-ee44839da260.sql,271,trip_live_state,accuracy,"numeric"
20260326074753_8f92b48e-a393-4ec5-a5c2-ee44839da260.sql,272,trip_live_state,customer_lat,"numeric"
20260326074753_8f92b48e-a393-4ec5-a5c2-ee44839da260.sql,273,trip_live_state,customer_lng,"numeric"
20260326074753_8f92b48e-a393-4ec5-a5c2-ee44839da260.sql,274,trip_live_state,updated_at,"timestamptz"
20260326075750_8441fe50-e79a-475e-b42a-c2e01666d3f4.sql,8,notifications_v2,id,"uuid"
20260326075750_8441fe50-e79a-475e-b42a-c2e01666d3f4.sql,9,notifications_v2,user_id,"uuid"
20260326075750_8441fe50-e79a-475e-b42a-c2e01666d3f4.sql,10,notifications_v2,actor,"text"
20260326075750_8441fe50-e79a-475e-b42a-c2e01666d3f4.sql,11,notifications_v2,domain,"text"
20260326075750_8441fe50-e79a-475e-b42a-c2e01666d3f4.sql,12,notifications_v2,type,"text"
20260326075750_8441fe50-e79a-475e-b42a-c2e01666d3f4.sql,13,notifications_v2,title,"text"
20260326075750_8441fe50-e79a-475e-b42a-c2e01666d3f4.sql,14,notifications_v2,body,"text"
20260326075750_8441fe50-e79a-475e-b42a-c2e01666d3f4.sql,15,notifications_v2,data,"jsonb"
20260326075750_8441fe50-e79a-475e-b42a-c2e01666d3f4.sql,16,notifications_v2,priority,"text"
20260326075750_8441fe50-e79a-475e-b42a-c2e01666d3f4.sql,17,notifications_v2,delivery_mode,"text[]"
20260326075750_8441fe50-e79a-475e-b42a-c2e01666d3f4.sql,18,notifications_v2,read_at,"timestamptz"
20260326075750_8441fe50-e79a-475e-b42a-c2e01666d3f4.sql,19,notifications_v2,clicked_at,"timestamptz"
20260326075750_8441fe50-e79a-475e-b42a-c2e01666d3f4.sql,20,notifications_v2,dismissed_at,"timestamptz"
20260326075750_8441fe50-e79a-475e-b42a-c2e01666d3f4.sql,21,notifications_v2,action_url,"text"
20260326075750_8441fe50-e79a-475e-b42a-c2e01666d3f4.sql,22,notifications_v2,orbit_context_id,"uuid"
20260326075750_8441fe50-e79a-475e-b42a-c2e01666d3f4.sql,23,notifications_v2,related_job_id,"uuid"
20260326075750_8441fe50-e79a-475e-b42a-c2e01666d3f4.sql,24,notifications_v2,related_order_id,"uuid"
20260326075750_8441fe50-e79a-475e-b42a-c2e01666d3f4.sql,25,notifications_v2,related_payment_intent_id,"uuid"
20260326075750_8441fe50-e79a-475e-b42a-c2e01666d3f4.sql,26,notifications_v2,related_conversation_id,"uuid"
20260326075750_8441fe50-e79a-475e-b42a-c2e01666d3f4.sql,27,notifications_v2,dedupe_key,"text"
20260326075750_8441fe50-e79a-475e-b42a-c2e01666d3f4.sql,28,notifications_v2,created_at,"timestamptz"
20260326081708_9001b85d-389c-4119-9bf4-463aac78710d.sql,4,category_fulfillment_rules,id,"uuid"
20260326081708_9001b85d-389c-4119-9bf4-463aac78710d.sql,5,category_fulfillment_rules,vertical,"text"
20260326081708_9001b85d-389c-4119-9bf4-463aac78710d.sql,6,category_fulfillment_rules,category,"text"
20260326081708_9001b85d-389c-4119-9bf4-463aac78710d.sql,7,category_fulfillment_rules,subcategory,"text"
20260326081708_9001b85d-389c-4119-9bf4-463aac78710d.sql,8,category_fulfillment_rules,is_deliverable,"boolean"
20260326081708_9001b85d-389c-4119-9bf4-463aac78710d.sql,9,category_fulfillment_rules,delivery_kind,"text"
20260326081708_9001b85d-389c-4119-9bf4-463aac78710d.sql,10,category_fulfillment_rules,requires_merchant_acceptance,"boolean"
20260326081708_9001b85d-389c-4119-9bf4-463aac78710d.sql,11,category_fulfillment_rules,requires_preparation_time,"boolean"
20260326081708_9001b85d-389c-4119-9bf4-463aac78710d.sql,12,category_fulfillment_rules,allows_scheduled,"boolean"
20260326081708_9001b85d-389c-4119-9bf4-463aac78710d.sql,13,category_fulfillment_rules,allows_live_dispatch,"boolean"
20260326081708_9001b85d-389c-4119-9bf4-463aac78710d.sql,14,category_fulfillment_rules,default_vehicle_types,"text[]"
20260326081708_9001b85d-389c-4119-9bf4-463aac78710d.sql,15,category_fulfillment_rules,pricing_strategy,"text"
20260326081708_9001b85d-389c-4119-9bf4-463aac78710d.sql,16,category_fulfillment_rules,supports_tracking,"boolean"
20260326081708_9001b85d-389c-4119-9bf4-463aac78710d.sql,17,category_fulfillment_rules,supports_orbit_chat,"boolean"
20260326081708_9001b85d-389c-4119-9bf4-463aac78710d.sql,18,category_fulfillment_rules,supports_orbit_call,"boolean"
20260326081708_9001b85d-389c-4119-9bf4-463aac78710d.sql,19,category_fulfillment_rules,supports_wallet_hold,"boolean"
20260326081708_9001b85d-389c-4119-9bf4-463aac78710d.sql,20,category_fulfillment_rules,supports_tip,"boolean"
20260326081708_9001b85d-389c-4119-9bf4-463aac78710d.sql,21,category_fulfillment_rules,supports_multi_stop,"boolean"
20260326081708_9001b85d-389c-4119-9bf4-463aac78710d.sql,22,category_fulfillment_rules,supports_return_flow,"boolean"
20260326081708_9001b85d-389c-4119-9bf4-463aac78710d.sql,23,category_fulfillment_rules,created_at,"timestamptz"
20260326081708_9001b85d-389c-4119-9bf4-463aac78710d.sql,24,category_fulfillment_rules,updated_at,"timestamptz"
20260326081708_9001b85d-389c-4119-9bf4-463aac78710d.sql,34,delivery_vehicle_capabilities,vehicle_type,"text"
20260326081708_9001b85d-389c-4119-9bf4-463aac78710d.sql,35,delivery_vehicle_capabilities,supports_food,"boolean"
20260326081708_9001b85d-389c-4119-9bf4-463aac78710d.sql,36,delivery_vehicle_capabilities,supports_grocery,"boolean"
20260326081708_9001b85d-389c-4119-9bf4-463aac78710d.sql,37,delivery_vehicle_capabilities,supports_parcel,"boolean"
20260326081708_9001b85d-389c-4119-9bf4-463aac78710d.sql,38,delivery_vehicle_capabilities,supports_taxi,"boolean"
20260326081708_9001b85d-389c-4119-9bf4-463aac78710d.sql,39,delivery_vehicle_capabilities,max_weight_kg,"numeric"
20260326081708_9001b85d-389c-4119-9bf4-463aac78710d.sql,40,delivery_vehicle_capabilities,max_volume_class,"text"
20260326081708_9001b85d-389c-4119-9bf4-463aac78710d.sql,41,delivery_vehicle_capabilities,max_passengers,"integer"
20260326081708_9001b85d-389c-4119-9bf4-463aac78710d.sql,42,delivery_vehicle_capabilities,temperature_control,"boolean"
20260326081708_9001b85d-389c-4119-9bf4-463aac78710d.sql,43,delivery_vehicle_capabilities,created_at,"timestamptz"
20260326082752_8aba3975-2d07-4ff8-8d1c-24cba9af31e5.sql,4,jurisdiction_rules,id,"uuid"
20260326082752_8aba3975-2d07-4ff8-8d1c-24cba9af31e5.sql,5,jurisdiction_rules,country_code,"text"
20260326082752_8aba3975-2d07-4ff8-8d1c-24cba9af31e5.sql,6,jurisdiction_rules,city_code,"text"
20260326082752_8aba3975-2d07-4ff8-8d1c-24cba9af31e5.sql,7,jurisdiction_rules,service_mode,"text"
20260326082752_8aba3975-2d07-4ff8-8d1c-24cba9af31e5.sql,8,jurisdiction_rules,vehicle_type,"text"
20260326082752_8aba3975-2d07-4ff8-8d1c-24cba9af31e5.sql,9,jurisdiction_rules,is_enabled,"boolean"
20260326082752_8aba3975-2d07-4ff8-8d1c-24cba9af31e5.sql,10,jurisdiction_rules,legal_requirements_json,"jsonb"
20260326082752_8aba3975-2d07-4ff8-8d1c-24cba9af31e5.sql,11,jurisdiction_rules,pricing_constraints_json,"jsonb"
20260326082752_8aba3975-2d07-4ff8-8d1c-24cba9af31e5.sql,12,jurisdiction_rules,document_requirements_json,"jsonb"
20260326082752_8aba3975-2d07-4ff8-8d1c-24cba9af31e5.sql,13,jurisdiction_rules,insurance_required,"boolean"
20260326082752_8aba3975-2d07-4ff8-8d1c-24cba9af31e5.sql,14,jurisdiction_rules,commercial_license_required,"boolean"
20260326082752_8aba3975-2d07-4ff8-8d1c-24cba9af31e5.sql,15,jurisdiction_rules,created_at,"timestamptz"
20260326082752_8aba3975-2d07-4ff8-8d1c-24cba9af31e5.sql,16,jurisdiction_rules,updated_at,"timestamptz"
20260326090534_9f83b409-1ee3-41b0-9482-9bdbe5e60ec7.sql,4,parcel_job_details,id,"uuid"
20260326090534_9f83b409-1ee3-41b0-9482-9bdbe5e60ec7.sql,5,parcel_job_details,job_id,"uuid"
20260326090534_9f83b409-1ee3-41b0-9482-9bdbe5e60ec7.sql,6,parcel_job_details,parcel_type,"text"
20260326090534_9f83b409-1ee3-41b0-9482-9bdbe5e60ec7.sql,7,parcel_job_details,package_size,"text"
20260326090534_9f83b409-1ee3-41b0-9482-9bdbe5e60ec7.sql,8,parcel_job_details,package_weight_kg,"numeric"
20260326090534_9f83b409-1ee3-41b0-9482-9bdbe5e60ec7.sql,9,parcel_job_details,package_count,"integer"
20260326090534_9f83b409-1ee3-41b0-9482-9bdbe5e60ec7.sql,10,parcel_job_details,fragile,"boolean"
20260326090534_9f83b409-1ee3-41b0-9482-9bdbe5e60ec7.sql,11,parcel_job_details,perishable,"boolean"
20260326090534_9f83b409-1ee3-41b0-9482-9bdbe5e60ec7.sql,12,parcel_job_details,temperature_sensitive,"boolean"
20260326090534_9f83b409-1ee3-41b0-9482-9bdbe5e60ec7.sql,13,parcel_job_details,contains_liquid,"boolean"
20260326090534_9f83b409-1ee3-41b0-9482-9bdbe5e60ec7.sql,14,parcel_job_details,contains_electronics,"boolean"
20260326090534_9f83b409-1ee3-41b0-9482-9bdbe5e60ec7.sql,15,parcel_job_details,contains_documents,"boolean"
20260326090534_9f83b409-1ee3-41b0-9482-9bdbe5e60ec7.sql,16,parcel_job_details,requires_signature,"boolean"
20260326090534_9f83b409-1ee3-41b0-9482-9bdbe5e60ec7.sql,17,parcel_job_details,requires_id_check,"boolean"
20260326090534_9f83b409-1ee3-41b0-9482-9bdbe5e60ec7.sql,18,parcel_job_details,requires_photo_proof,"boolean"
20260326090534_9f83b409-1ee3-41b0-9482-9bdbe5e60ec7.sql,19,parcel_job_details,requires_otp,"boolean"
20260326090534_9f83b409-1ee3-41b0-9482-9bdbe5e60ec7.sql,20,parcel_job_details,pickup_contact_name,"text"
20260326090534_9f83b409-1ee3-41b0-9482-9bdbe5e60ec7.sql,21,parcel_job_details,pickup_contact_phone,"text"
20260326090534_9f83b409-1ee3-41b0-9482-9bdbe5e60ec7.sql,22,parcel_job_details,dropoff_contact_name,"text"
20260326090534_9f83b409-1ee3-41b0-9482-9bdbe5e60ec7.sql,23,parcel_job_details,dropoff_contact_phone,"text"
20260326090534_9f83b409-1ee3-41b0-9482-9bdbe5e60ec7.sql,24,parcel_job_details,pickup_notes,"text"
20260326090534_9f83b409-1ee3-41b0-9482-9bdbe5e60ec7.sql,25,parcel_job_details,dropoff_notes,"text"
20260326090534_9f83b409-1ee3-41b0-9482-9bdbe5e60ec7.sql,26,parcel_job_details,declared_value_amount,"numeric"
20260326090534_9f83b409-1ee3-41b0-9482-9bdbe5e60ec7.sql,27,parcel_job_details,declared_value_currency,"text"
20260326090534_9f83b409-1ee3-41b0-9482-9bdbe5e60ec7.sql,28,parcel_job_details,special_instructions,"text"
20260326090534_9f83b409-1ee3-41b0-9482-9bdbe5e60ec7.sql,29,parcel_job_details,created_at,"timestamptz"
20260326090534_9f83b409-1ee3-41b0-9482-9bdbe5e60ec7.sql,30,parcel_job_details,updated_at,"timestamptz"
20260326095030_72a3ca9b-b9a0-490c-88be-dbf78a45a9b7.sql,4,geo_live_context,id,"uuid"
20260326095030_72a3ca9b-b9a0-490c-88be-dbf78a45a9b7.sql,5,geo_live_context,country_code,"text"
20260326095030_72a3ca9b-b9a0-490c-88be-dbf78a45a9b7.sql,6,geo_live_context,city,"text"
20260326095030_72a3ca9b-b9a0-490c-88be-dbf78a45a9b7.sql,7,geo_live_context,district,"text"
20260326095030_72a3ca9b-b9a0-490c-88be-dbf78a45a9b7.sql,8,geo_live_context,zone_key,"text"
20260326095030_72a3ca9b-b9a0-490c-88be-dbf78a45a9b7.sql,9,geo_live_context,center_lat,"numeric"
20260326095030_72a3ca9b-b9a0-490c-88be-dbf78a45a9b7.sql,10,geo_live_context,center_lng,"numeric"
20260326095030_72a3ca9b-b9a0-490c-88be-dbf78a45a9b7.sql,11,geo_live_context,traffic_level,"text"
20260326095030_72a3ca9b-b9a0-490c-88be-dbf78a45a9b7.sql,12,geo_live_context,traffic_speed_factor,"numeric"
20260326095030_72a3ca9b-b9a0-490c-88be-dbf78a45a9b7.sql,13,geo_live_context,weather_type,"text"
20260326095030_72a3ca9b-b9a0-490c-88be-dbf78a45a9b7.sql,14,geo_live_context,weather_speed_factor,"numeric"
20260326095030_72a3ca9b-b9a0-490c-88be-dbf78a45a9b7.sql,15,geo_live_context,demand_level,"text"
20260326095030_72a3ca9b-b9a0-490c-88be-dbf78a45a9b7.sql,16,geo_live_context,demand_multiplier,"numeric"
20260326095030_72a3ca9b-b9a0-490c-88be-dbf78a45a9b7.sql,17,geo_live_context,rider_supply_level,"text"
20260326095030_72a3ca9b-b9a0-490c-88be-dbf78a45a9b7.sql,18,geo_live_context,rider_supply_factor,"numeric"
20260326095030_72a3ca9b-b9a0-490c-88be-dbf78a45a9b7.sql,19,geo_live_context,updated_at,"timestamptz"
20260326095030_72a3ca9b-b9a0-490c-88be-dbf78a45a9b7.sql,28,merchant_delivery_runtime,merchant_id,"uuid"
20260326095030_72a3ca9b-b9a0-490c-88be-dbf78a45a9b7.sql,29,merchant_delivery_runtime,is_open_now,"boolean"
20260326095030_72a3ca9b-b9a0-490c-88be-dbf78a45a9b7.sql,30,merchant_delivery_runtime,accepting_orders,"boolean"
20260326095030_72a3ca9b-b9a0-490c-88be-dbf78a45a9b7.sql,31,merchant_delivery_runtime,prep_time_minutes,"integer"
20260326095030_72a3ca9b-b9a0-490c-88be-dbf78a45a9b7.sql,32,merchant_delivery_runtime,queue_load,"integer"
20260326095030_72a3ca9b-b9a0-490c-88be-dbf78a45a9b7.sql,33,merchant_delivery_runtime,avg_handover_delay_minutes,"integer"
20260326095030_72a3ca9b-b9a0-490c-88be-dbf78a45a9b7.sql,34,merchant_delivery_runtime,active_orders_count,"integer"
20260326095030_72a3ca9b-b9a0-490c-88be-dbf78a45a9b7.sql,35,merchant_delivery_runtime,active_delivery_jobs_count,"integer"
20260326095030_72a3ca9b-b9a0-490c-88be-dbf78a45a9b7.sql,36,merchant_delivery_runtime,delivery_capacity_score,"numeric"
20260326095030_72a3ca9b-b9a0-490c-88be-dbf78a45a9b7.sql,37,merchant_delivery_runtime,updated_at,"timestamptz"
20260326095030_72a3ca9b-b9a0-490c-88be-dbf78a45a9b7.sql,42,merchant_delivery_zones,id,"uuid"
20260326095030_72a3ca9b-b9a0-490c-88be-dbf78a45a9b7.sql,43,merchant_delivery_zones,merchant_id,"uuid"
20260326095030_72a3ca9b-b9a0-490c-88be-dbf78a45a9b7.sql,44,merchant_delivery_zones,zone_type,"text"
20260326095030_72a3ca9b-b9a0-490c-88be-dbf78a45a9b7.sql,45,merchant_delivery_zones,center_lat,"numeric"
20260326095030_72a3ca9b-b9a0-490c-88be-dbf78a45a9b7.sql,46,merchant_delivery_zones,center_lng,"numeric"
20260326095030_72a3ca9b-b9a0-490c-88be-dbf78a45a9b7.sql,47,merchant_delivery_zones,radius_km,"numeric"
20260326095030_72a3ca9b-b9a0-490c-88be-dbf78a45a9b7.sql,48,merchant_delivery_zones,polygon_geojson,"jsonb"
20260326095030_72a3ca9b-b9a0-490c-88be-dbf78a45a9b7.sql,49,merchant_delivery_zones,country_code,"text"
20260326095030_72a3ca9b-b9a0-490c-88be-dbf78a45a9b7.sql,50,merchant_delivery_zones,city,"text"
20260326095030_72a3ca9b-b9a0-490c-88be-dbf78a45a9b7.sql,51,merchant_delivery_zones,district,"text"
20260326095030_72a3ca9b-b9a0-490c-88be-dbf78a45a9b7.sql,52,merchant_delivery_zones,min_order_amount,"numeric"
20260326095030_72a3ca9b-b9a0-490c-88be-dbf78a45a9b7.sql,53,merchant_delivery_zones,base_delivery_fee,"numeric"
20260326095030_72a3ca9b-b9a0-490c-88be-dbf78a45a9b7.sql,54,merchant_delivery_zones,fee_per_km,"numeric"
20260326095030_72a3ca9b-b9a0-490c-88be-dbf78a45a9b7.sql,55,merchant_delivery_zones,max_eta_minutes,"integer"
20260326095030_72a3ca9b-b9a0-490c-88be-dbf78a45a9b7.sql,56,merchant_delivery_zones,is_active,"boolean"
20260326095030_72a3ca9b-b9a0-490c-88be-dbf78a45a9b7.sql,57,merchant_delivery_zones,updated_at,"timestamptz"
20260326095030_72a3ca9b-b9a0-490c-88be-dbf78a45a9b7.sql,66,rider_runtime_state,rider_user_id,"uuid"
20260326095030_72a3ca9b-b9a0-490c-88be-dbf78a45a9b7.sql,67,rider_runtime_state,is_online,"boolean"
20260326095030_72a3ca9b-b9a0-490c-88be-dbf78a45a9b7.sql,68,rider_runtime_state,is_available,"boolean"
20260326095030_72a3ca9b-b9a0-490c-88be-dbf78a45a9b7.sql,69,rider_runtime_state,current_lat,"numeric"
20260326095030_72a3ca9b-b9a0-490c-88be-dbf78a45a9b7.sql,70,rider_runtime_state,current_lng,"numeric"
20260326095030_72a3ca9b-b9a0-490c-88be-dbf78a45a9b7.sql,71,rider_runtime_state,vehicle_type,"text"
20260326095030_72a3ca9b-b9a0-490c-88be-dbf78a45a9b7.sql,72,rider_runtime_state,service_modes,"text[]"
20260326095030_72a3ca9b-b9a0-490c-88be-dbf78a45a9b7.sql,73,rider_runtime_state,last_seen_at,"timestamptz"
20260326095030_72a3ca9b-b9a0-490c-88be-dbf78a45a9b7.sql,74,rider_runtime_state,active_job_id,"uuid"
20260326095030_72a3ca9b-b9a0-490c-88be-dbf78a45a9b7.sql,75,rider_runtime_state,acceptance_rate,"numeric"
20260326095030_72a3ca9b-b9a0-490c-88be-dbf78a45a9b7.sql,76,rider_runtime_state,completion_rate,"numeric"
20260326095030_72a3ca9b-b9a0-490c-88be-dbf78a45a9b7.sql,77,rider_runtime_state,avg_speed_kmh,"numeric"
20260326095030_72a3ca9b-b9a0-490c-88be-dbf78a45a9b7.sql,78,rider_runtime_state,updated_at,"timestamptz"
20260326095030_72a3ca9b-b9a0-490c-88be-dbf78a45a9b7.sql,85,delivery_eta_context,id,"uuid"
20260326095030_72a3ca9b-b9a0-490c-88be-dbf78a45a9b7.sql,86,delivery_eta_context,merchant_id,"uuid"
20260326095030_72a3ca9b-b9a0-490c-88be-dbf78a45a9b7.sql,87,delivery_eta_context,customer_address_id,"uuid"
20260326095030_72a3ca9b-b9a0-490c-88be-dbf78a45a9b7.sql,88,delivery_eta_context,rider_user_id,"uuid"
20260326095030_72a3ca9b-b9a0-490c-88be-dbf78a45a9b7.sql,89,delivery_eta_context,zone_key,"text"
20260326095030_72a3ca9b-b9a0-490c-88be-dbf78a45a9b7.sql,90,delivery_eta_context,estimated_prep_minutes,"integer"
20260326095030_72a3ca9b-b9a0-490c-88be-dbf78a45a9b7.sql,91,delivery_eta_context,estimated_pickup_minutes,"integer"
20260326095030_72a3ca9b-b9a0-490c-88be-dbf78a45a9b7.sql,92,delivery_eta_context,estimated_travel_minutes,"integer"
20260326095030_72a3ca9b-b9a0-490c-88be-dbf78a45a9b7.sql,93,delivery_eta_context,estimated_total_minutes,"integer"
20260326095030_72a3ca9b-b9a0-490c-88be-dbf78a45a9b7.sql,94,delivery_eta_context,traffic_factor,"numeric"
20260326095030_72a3ca9b-b9a0-490c-88be-dbf78a45a9b7.sql,95,delivery_eta_context,weather_factor,"numeric"
20260326095030_72a3ca9b-b9a0-490c-88be-dbf78a45a9b7.sql,96,delivery_eta_context,demand_factor,"numeric"
20260326095030_72a3ca9b-b9a0-490c-88be-dbf78a45a9b7.sql,97,delivery_eta_context,rider_supply_factor,"numeric"
20260326095030_72a3ca9b-b9a0-490c-88be-dbf78a45a9b7.sql,98,delivery_eta_context,computed_at,"timestamptz"
20260326101258_229058ee-6191-422d-8410-9715d9612750.sql,8,canonical_places,id,"uuid"
20260326101258_229058ee-6191-422d-8410-9715d9612750.sql,9,canonical_places,provider,"text"
20260326101258_229058ee-6191-422d-8410-9715d9612750.sql,10,canonical_places,provider_place_id,"text"
20260326101258_229058ee-6191-422d-8410-9715d9612750.sql,11,canonical_places,place_type,"text"
20260326101258_229058ee-6191-422d-8410-9715d9612750.sql,12,canonical_places,country_code,"text"
20260326101258_229058ee-6191-422d-8410-9715d9612750.sql,13,canonical_places,country_name,"text"
20260326101258_229058ee-6191-422d-8410-9715d9612750.sql,14,canonical_places,city,"text"
20260326101258_229058ee-6191-422d-8410-9715d9612750.sql,15,canonical_places,district,"text"
20260326101258_229058ee-6191-422d-8410-9715d9612750.sql,16,canonical_places,subdistrict,"text"
20260326101258_229058ee-6191-422d-8410-9715d9612750.sql,17,canonical_places,postal_code,"text"
20260326101258_229058ee-6191-422d-8410-9715d9612750.sql,18,canonical_places,street,"text"
20260326101258_229058ee-6191-422d-8410-9715d9612750.sql,19,canonical_places,building,"text"
20260326101258_229058ee-6191-422d-8410-9715d9612750.sql,20,canonical_places,landmark,"text"
20260326101258_229058ee-6191-422d-8410-9715d9612750.sql,21,canonical_places,formatted_address,"text"
20260326101258_229058ee-6191-422d-8410-9715d9612750.sql,22,canonical_places,short_label,"text"
20260326101258_229058ee-6191-422d-8410-9715d9612750.sql,23,canonical_places,lat,"numeric"
20260326101258_229058ee-6191-422d-8410-9715d9612750.sql,24,canonical_places,lng,"numeric"
20260326101258_229058ee-6191-422d-8410-9715d9612750.sql,25,canonical_places,timezone,"text"
20260326101258_229058ee-6191-422d-8410-9715d9612750.sql,26,canonical_places,geohash,"text"
20260326101258_229058ee-6191-422d-8410-9715d9612750.sql,27,canonical_places,parent_place_id,"uuid"
20260326101258_229058ee-6191-422d-8410-9715d9612750.sql,28,canonical_places,popularity_score,"numeric"
20260326101258_229058ee-6191-422d-8410-9715d9612750.sql,29,canonical_places,search_text,"tsvector"
20260326101258_229058ee-6191-422d-8410-9715d9612750.sql,30,canonical_places,created_at,"timestamptz"
20260326101258_229058ee-6191-422d-8410-9715d9612750.sql,31,canonical_places,updated_at,"timestamptz"
20260326101258_229058ee-6191-422d-8410-9715d9612750.sql,48,user_saved_addresses,id,"uuid"
20260326101258_229058ee-6191-422d-8410-9715d9612750.sql,49,user_saved_addresses,user_id,"uuid"
20260326101258_229058ee-6191-422d-8410-9715d9612750.sql,50,user_saved_addresses,canonical_place_id,"uuid"
20260326101258_229058ee-6191-422d-8410-9715d9612750.sql,51,user_saved_addresses,label,"text"
20260326101258_229058ee-6191-422d-8410-9715d9612750.sql,52,user_saved_addresses,contact_name,"text"
20260326101258_229058ee-6191-422d-8410-9715d9612750.sql,53,user_saved_addresses,contact_phone,"text"
20260326101258_229058ee-6191-422d-8410-9715d9612750.sql,54,user_saved_addresses,apartment,"text"
20260326101258_229058ee-6191-422d-8410-9715d9612750.sql,55,user_saved_addresses,floor,"text"
20260326101258_229058ee-6191-422d-8410-9715d9612750.sql,56,user_saved_addresses,unit_number,"text"
20260326101258_229058ee-6191-422d-8410-9715d9612750.sql,57,user_saved_addresses,entrance,"text"
20260326101258_229058ee-6191-422d-8410-9715d9612750.sql,58,user_saved_addresses,delivery_note,"text"
20260326101258_229058ee-6191-422d-8410-9715d9612750.sql,59,user_saved_addresses,is_default,"boolean"
20260326101258_229058ee-6191-422d-8410-9715d9612750.sql,60,user_saved_addresses,last_used_at,"timestamptz"
20260326101258_229058ee-6191-422d-8410-9715d9612750.sql,61,user_saved_addresses,created_at,"timestamptz"
20260326101258_229058ee-6191-422d-8410-9715d9612750.sql,62,user_saved_addresses,updated_at,"timestamptz"
20260326101258_229058ee-6191-422d-8410-9715d9612750.sql,76,user_active_address_context,user_id,"uuid"
20260326101258_229058ee-6191-422d-8410-9715d9612750.sql,77,user_active_address_context,canonical_place_id,"uuid"
20260326101258_229058ee-6191-422d-8410-9715d9612750.sql,78,user_active_address_context,source,"text"
20260326101258_229058ee-6191-422d-8410-9715d9612750.sql,79,user_active_address_context,lat,"numeric"
20260326101258_229058ee-6191-422d-8410-9715d9612750.sql,80,user_active_address_context,lng,"numeric"
20260326101258_229058ee-6191-422d-8410-9715d9612750.sql,81,user_active_address_context,country_code,"text"
20260326101258_229058ee-6191-422d-8410-9715d9612750.sql,82,user_active_address_context,city,"text"
20260326101258_229058ee-6191-422d-8410-9715d9612750.sql,83,user_active_address_context,district,"text"
20260326101258_229058ee-6191-422d-8410-9715d9612750.sql,84,user_active_address_context,updated_at,"timestamptz"
20260326101258_229058ee-6191-422d-8410-9715d9612750.sql,94,address_usage_events,id,"uuid"
20260326101258_229058ee-6191-422d-8410-9715d9612750.sql,95,address_usage_events,user_id,"uuid"
20260326101258_229058ee-6191-422d-8410-9715d9612750.sql,96,address_usage_events,canonical_place_id,"uuid"
20260326101258_229058ee-6191-422d-8410-9715d9612750.sql,97,address_usage_events,context_type,"text"
20260326101258_229058ee-6191-422d-8410-9715d9612750.sql,98,address_usage_events,action_type,"text"
20260326101258_229058ee-6191-422d-8410-9715d9612750.sql,99,address_usage_events,created_at,"timestamptz"
20260326102140_8b72aba8-aafc-4a21-988f-c4965697e0c0.sql,36,merchant_geo_context,merchant_id,"uuid"
20260326102140_8b72aba8-aafc-4a21-988f-c4965697e0c0.sql,37,merchant_geo_context,canonical_place_id,"uuid"
20260326102140_8b72aba8-aafc-4a21-988f-c4965697e0c0.sql,38,merchant_geo_context,lat,"numeric"
20260326102140_8b72aba8-aafc-4a21-988f-c4965697e0c0.sql,39,merchant_geo_context,lng,"numeric"
20260326102140_8b72aba8-aafc-4a21-988f-c4965697e0c0.sql,40,merchant_geo_context,zone_key,"text"
20260326102140_8b72aba8-aafc-4a21-988f-c4965697e0c0.sql,41,merchant_geo_context,delivery_radius_km,"numeric"
20260326102140_8b72aba8-aafc-4a21-988f-c4965697e0c0.sql,42,merchant_geo_context,pickup_enabled,"boolean"
20260326102140_8b72aba8-aafc-4a21-988f-c4965697e0c0.sql,43,merchant_geo_context,delivery_enabled,"boolean"
20260326102140_8b72aba8-aafc-4a21-988f-c4965697e0c0.sql,44,merchant_geo_context,service_area_json,"jsonb"
20260326102140_8b72aba8-aafc-4a21-988f-c4965697e0c0.sql,45,merchant_geo_context,updated_at,"timestamptz"
20260326102140_8b72aba8-aafc-4a21-988f-c4965697e0c0.sql,58,address_search_cache,search_hash,"text"
20260326102140_8b72aba8-aafc-4a21-988f-c4965697e0c0.sql,59,address_search_cache,locale,"text"
20260326102140_8b72aba8-aafc-4a21-988f-c4965697e0c0.sql,60,address_search_cache,query_text,"text"
20260326102140_8b72aba8-aafc-4a21-988f-c4965697e0c0.sql,61,address_search_cache,result_json,"jsonb"
20260326102140_8b72aba8-aafc-4a21-988f-c4965697e0c0.sql,62,address_search_cache,expires_at,"timestamptz"
20260326103451_df297d2d-25f7-4c62-a66d-b8ba440be153.sql,4,canonical_place_viewports,canonical_place_id,"uuid"
20260326103451_df297d2d-25f7-4c62-a66d-b8ba440be153.sql,5,canonical_place_viewports,center_lat,"numeric"
20260326103451_df297d2d-25f7-4c62-a66d-b8ba440be153.sql,6,canonical_place_viewports,center_lng,"numeric"
20260326103451_df297d2d-25f7-4c62-a66d-b8ba440be153.sql,7,canonical_place_viewports,viewport_north,"numeric"
20260326103451_df297d2d-25f7-4c62-a66d-b8ba440be153.sql,8,canonical_place_viewports,viewport_south,"numeric"
20260326103451_df297d2d-25f7-4c62-a66d-b8ba440be153.sql,9,canonical_place_viewports,viewport_east,"numeric"
20260326103451_df297d2d-25f7-4c62-a66d-b8ba440be153.sql,10,canonical_place_viewports,viewport_west,"numeric"
20260326103451_df297d2d-25f7-4c62-a66d-b8ba440be153.sql,11,canonical_place_viewports,recommended_zoom,"numeric"
20260326103451_df297d2d-25f7-4c62-a66d-b8ba440be153.sql,12,canonical_place_viewports,polygon_geojson,"jsonb"
20260326103451_df297d2d-25f7-4c62-a66d-b8ba440be153.sql,13,canonical_place_viewports,updated_at,"timestamptz"
20260326103451_df297d2d-25f7-4c62-a66d-b8ba440be153.sql,36,geo_live_zone_overlays,zone_key,"text"
20260326103451_df297d2d-25f7-4c62-a66d-b8ba440be153.sql,37,geo_live_zone_overlays,traffic_level,"text"
20260326103451_df297d2d-25f7-4c62-a66d-b8ba440be153.sql,38,geo_live_zone_overlays,traffic_speed_factor,"numeric"
20260326103451_df297d2d-25f7-4c62-a66d-b8ba440be153.sql,39,geo_live_zone_overlays,weather_type,"text"
20260326103451_df297d2d-25f7-4c62-a66d-b8ba440be153.sql,40,geo_live_zone_overlays,weather_intensity,"numeric"
20260326103451_df297d2d-25f7-4c62-a66d-b8ba440be153.sql,41,geo_live_zone_overlays,flood_risk_level,"text"
20260326103451_df297d2d-25f7-4c62-a66d-b8ba440be153.sql,42,geo_live_zone_overlays,demand_level,"numeric"
20260326103451_df297d2d-25f7-4c62-a66d-b8ba440be153.sql,43,geo_live_zone_overlays,rider_supply,"numeric"
20260326103451_df297d2d-25f7-4c62-a66d-b8ba440be153.sql,44,geo_live_zone_overlays,merchant_count,"integer"
20260326103451_df297d2d-25f7-4c62-a66d-b8ba440be153.sql,45,geo_live_zone_overlays,avg_food_eta_minutes,"numeric"
20260326103451_df297d2d-25f7-4c62-a66d-b8ba440be153.sql,46,geo_live_zone_overlays,avg_taxi_eta_minutes,"numeric"
20260326103451_df297d2d-25f7-4c62-a66d-b8ba440be153.sql,47,geo_live_zone_overlays,avg_parcel_eta_minutes,"numeric"
20260326103451_df297d2d-25f7-4c62-a66d-b8ba440be153.sql,48,geo_live_zone_overlays,updated_at,"timestamptz"
20260326105212_30f4942d-5573-409e-b217-b94480393940.sql,13,eta_projection_cache,id,"uuid"
20260326105212_30f4942d-5573-409e-b217-b94480393940.sql,14,eta_projection_cache,zone_key,"text"
20260326105212_30f4942d-5573-409e-b217-b94480393940.sql,15,eta_projection_cache,canonical_place_id,"uuid"
20260326105212_30f4942d-5573-409e-b217-b94480393940.sql,16,eta_projection_cache,category,"text"
20260326105212_30f4942d-5573-409e-b217-b94480393940.sql,17,eta_projection_cache,eta_minutes,"numeric"
20260326105212_30f4942d-5573-409e-b217-b94480393940.sql,18,eta_projection_cache,traffic_factor,"numeric"
20260326105212_30f4942d-5573-409e-b217-b94480393940.sql,19,eta_projection_cache,weather_factor,"numeric"
20260326105212_30f4942d-5573-409e-b217-b94480393940.sql,20,eta_projection_cache,rider_supply_factor,"numeric"
20260326105212_30f4942d-5573-409e-b217-b94480393940.sql,21,eta_projection_cache,merchant_count,"integer"
20260326105212_30f4942d-5573-409e-b217-b94480393940.sql,22,eta_projection_cache,confidence,"numeric"
20260326105212_30f4942d-5573-409e-b217-b94480393940.sql,23,eta_projection_cache,computed_at,"timestamptz"
20260326105212_30f4942d-5573-409e-b217-b94480393940.sql,24,eta_projection_cache,expires_at,"timestamptz"
20260326152202_64fee04d-db46-42ce-b13c-f31b09791717.sql,4,radar_signals,id,"uuid"
20260326152202_64fee04d-db46-42ce-b13c-f31b09791717.sql,5,radar_signals,signal_type,"text"
20260326152202_64fee04d-db46-42ce-b13c-f31b09791717.sql,6,radar_signals,source_module,"text"
20260326152202_64fee04d-db46-42ce-b13c-f31b09791717.sql,7,radar_signals,entity_id,"text"
20260326152202_64fee04d-db46-42ce-b13c-f31b09791717.sql,8,radar_signals,entity_type,"text"
20260326152202_64fee04d-db46-42ce-b13c-f31b09791717.sql,9,radar_signals,zone_key,"text"
20260326152202_64fee04d-db46-42ce-b13c-f31b09791717.sql,10,radar_signals,city,"text"
20260326152202_64fee04d-db46-42ce-b13c-f31b09791717.sql,11,radar_signals,country,"text"
20260326152202_64fee04d-db46-42ce-b13c-f31b09791717.sql,12,radar_signals,user_id,"uuid"
20260326152202_64fee04d-db46-42ce-b13c-f31b09791717.sql,13,radar_signals,lat,"double"
20260326152202_64fee04d-db46-42ce-b13c-f31b09791717.sql,14,radar_signals,lng,"double"
20260326152202_64fee04d-db46-42ce-b13c-f31b09791717.sql,15,radar_signals,intensity,"double"
20260326152202_64fee04d-db46-42ce-b13c-f31b09791717.sql,16,radar_signals,metadata_json,"jsonb"
20260326152202_64fee04d-db46-42ce-b13c-f31b09791717.sql,17,radar_signals,created_at,"timestamptz"
20260326152202_64fee04d-db46-42ce-b13c-f31b09791717.sql,44,radar_opportunities,id,"uuid"
20260326152202_64fee04d-db46-42ce-b13c-f31b09791717.sql,45,radar_opportunities,opportunity_type,"text"
20260326152202_64fee04d-db46-42ce-b13c-f31b09791717.sql,46,radar_opportunities,title,"text"
20260326152202_64fee04d-db46-42ce-b13c-f31b09791717.sql,47,radar_opportunities,description,"text"
20260326152202_64fee04d-db46-42ce-b13c-f31b09791717.sql,48,radar_opportunities,score,"double"
20260326152202_64fee04d-db46-42ce-b13c-f31b09791717.sql,49,radar_opportunities,proximity_score,"double"
20260326152202_64fee04d-db46-42ce-b13c-f31b09791717.sql,50,radar_opportunities,demand_score,"double"
20260326152202_64fee04d-db46-42ce-b13c-f31b09791717.sql,51,radar_opportunities,urgency_score,"double"
20260326152202_64fee04d-db46-42ce-b13c-f31b09791717.sql,52,radar_opportunities,timing_score,"double"
20260326152202_64fee04d-db46-42ce-b13c-f31b09791717.sql,53,radar_opportunities,route_module,"text"
20260326152202_64fee04d-db46-42ce-b13c-f31b09791717.sql,54,radar_opportunities,route_path,"text"
20260326152202_64fee04d-db46-42ce-b13c-f31b09791717.sql,55,radar_opportunities,zone_key,"text"
20260326152202_64fee04d-db46-42ce-b13c-f31b09791717.sql,56,radar_opportunities,city,"text"
20260326152202_64fee04d-db46-42ce-b13c-f31b09791717.sql,57,radar_opportunities,country,"text"
20260326152202_64fee04d-db46-42ce-b13c-f31b09791717.sql,58,radar_opportunities,lat,"double"
20260326152202_64fee04d-db46-42ce-b13c-f31b09791717.sql,59,radar_opportunities,lng,"double"
20260326152202_64fee04d-db46-42ce-b13c-f31b09791717.sql,60,radar_opportunities,entity_id,"text"
20260326152202_64fee04d-db46-42ce-b13c-f31b09791717.sql,61,radar_opportunities,entity_type,"text"
20260326152202_64fee04d-db46-42ce-b13c-f31b09791717.sql,62,radar_opportunities,icon_key,"text"
20260326152202_64fee04d-db46-42ce-b13c-f31b09791717.sql,63,radar_opportunities,metadata_json,"jsonb"
20260326152202_64fee04d-db46-42ce-b13c-f31b09791717.sql,64,radar_opportunities,status,"text"
20260326152202_64fee04d-db46-42ce-b13c-f31b09791717.sql,65,radar_opportunities,expires_at,"timestamptz"
20260326152202_64fee04d-db46-42ce-b13c-f31b09791717.sql,66,radar_opportunities,created_at,"timestamptz"
20260326152202_64fee04d-db46-42ce-b13c-f31b09791717.sql,67,radar_opportunities,updated_at,"timestamptz"
20260326153826_05266996-b459-4f21-91ab-d123d06aee28.sql,36,radar_rules,id,"uuid"
20260326153826_05266996-b459-4f21-91ab-d123d06aee28.sql,37,radar_rules,created_at,"timestamptz"
20260326153826_05266996-b459-4f21-91ab-d123d06aee28.sql,38,radar_rules,updated_at,"timestamptz"
20260326153826_05266996-b459-4f21-91ab-d123d06aee28.sql,39,radar_rules,signal_type,"text"
20260326153826_05266996-b459-4f21-91ab-d123d06aee28.sql,40,radar_rules,opportunity_type,"text"
20260326153826_05266996-b459-4f21-91ab-d123d06aee28.sql,41,radar_rules,enabled,"boolean"
20260326153826_05266996-b459-4f21-91ab-d123d06aee28.sql,42,radar_rules,threshold_json,"jsonb"
20260326153826_05266996-b459-4f21-91ab-d123d06aee28.sql,43,radar_rules,weights_json,"jsonb"
20260326153826_05266996-b459-4f21-91ab-d123d06aee28.sql,44,radar_rules,route_module,"text"
20260326153826_05266996-b459-4f21-91ab-d123d06aee28.sql,45,radar_rules,target_action,"text"
20260326153826_05266996-b459-4f21-91ab-d123d06aee28.sql,46,radar_rules,target_payload_template_json,"jsonb"
20260326153826_05266996-b459-4f21-91ab-d123d06aee28.sql,47,radar_rules,audience_json,"jsonb"
20260326153826_05266996-b459-4f21-91ab-d123d06aee28.sql,48,radar_rules,city_filter,"text"
20260326153826_05266996-b459-4f21-91ab-d123d06aee28.sql,49,radar_rules,zone_filter,"text"
20260326153826_05266996-b459-4f21-91ab-d123d06aee28.sql,50,radar_rules,icon_key,"text"
20260326153826_05266996-b459-4f21-91ab-d123d06aee28.sql,51,radar_rules,title_template,"text"
20260326153826_05266996-b459-4f21-91ab-d123d06aee28.sql,52,radar_rules,description_template,"text"
20260326153826_05266996-b459-4f21-91ab-d123d06aee28.sql,53,radar_rules,ttl_minutes,"integer"
20260326153826_05266996-b459-4f21-91ab-d123d06aee28.sql,54,radar_rules,max_active,"integer"
20260326153826_05266996-b459-4f21-91ab-d123d06aee28.sql,55,radar_rules,priority,"integer"
20260326171606_50f3fcfa-7ec3-46ea-8663-6ca3b4f36f63.sql,3,mobility_dispatch_runs,id,"uuid"
20260326171606_50f3fcfa-7ec3-46ea-8663-6ca3b4f36f63.sql,4,mobility_dispatch_runs,created_at,"timestamptz"
20260326171606_50f3fcfa-7ec3-46ea-8663-6ca3b4f36f63.sql,5,mobility_dispatch_runs,updated_at,"timestamptz"
20260326171606_50f3fcfa-7ec3-46ea-8663-6ca3b4f36f63.sql,6,mobility_dispatch_runs,job_id,"uuid"
20260326171606_50f3fcfa-7ec3-46ea-8663-6ca3b4f36f63.sql,7,mobility_dispatch_runs,status,"text"
20260326171606_50f3fcfa-7ec3-46ea-8663-6ca3b4f36f63.sql,8,mobility_dispatch_runs,dispatch_strategy,"text"
20260326171606_50f3fcfa-7ec3-46ea-8663-6ca3b4f36f63.sql,9,mobility_dispatch_runs,current_wave,"integer"
20260326171606_50f3fcfa-7ec3-46ea-8663-6ca3b4f36f63.sql,10,mobility_dispatch_runs,max_waves,"integer"
20260326171606_50f3fcfa-7ec3-46ea-8663-6ca3b4f36f63.sql,11,mobility_dispatch_runs,zone_key,"text"
20260326171606_50f3fcfa-7ec3-46ea-8663-6ca3b4f36f63.sql,12,mobility_dispatch_runs,score_summary_json,"jsonb"
20260326171606_50f3fcfa-7ec3-46ea-8663-6ca3b4f36f63.sql,13,mobility_dispatch_runs,metadata_json,"jsonb"
20260326171606_50f3fcfa-7ec3-46ea-8663-6ca3b4f36f63.sql,17,mobility_driver_scores,id,"uuid"
20260326171606_50f3fcfa-7ec3-46ea-8663-6ca3b4f36f63.sql,18,mobility_driver_scores,created_at,"timestamptz"
20260326171606_50f3fcfa-7ec3-46ea-8663-6ca3b4f36f63.sql,19,mobility_driver_scores,job_id,"uuid"
20260326171606_50f3fcfa-7ec3-46ea-8663-6ca3b4f36f63.sql,20,mobility_driver_scores,rider_user_id,"uuid"
20260326171606_50f3fcfa-7ec3-46ea-8663-6ca3b4f36f63.sql,21,mobility_driver_scores,score_total,"numeric"
20260326171606_50f3fcfa-7ec3-46ea-8663-6ca3b4f36f63.sql,22,mobility_driver_scores,score_distance,"numeric"
20260326171606_50f3fcfa-7ec3-46ea-8663-6ca3b4f36f63.sql,23,mobility_driver_scores,score_acceptance,"numeric"
20260326171606_50f3fcfa-7ec3-46ea-8663-6ca3b4f36f63.sql,24,mobility_driver_scores,score_response,"numeric"
20260326171606_50f3fcfa-7ec3-46ea-8663-6ca3b4f36f63.sql,25,mobility_driver_scores,score_reliability,"numeric"
20260326171606_50f3fcfa-7ec3-46ea-8663-6ca3b4f36f63.sql,26,mobility_driver_scores,score_zone,"numeric"
20260326171606_50f3fcfa-7ec3-46ea-8663-6ca3b4f36f63.sql,27,mobility_driver_scores,score_activity,"numeric"
20260326171606_50f3fcfa-7ec3-46ea-8663-6ca3b4f36f63.sql,28,mobility_driver_scores,score_vehicle_fit,"numeric"
20260326171606_50f3fcfa-7ec3-46ea-8663-6ca3b4f36f63.sql,29,mobility_driver_scores,score_gps_quality,"numeric"
20260326171606_50f3fcfa-7ec3-46ea-8663-6ca3b4f36f63.sql,30,mobility_driver_scores,rank_index,"integer"
20260326171606_50f3fcfa-7ec3-46ea-8663-6ca3b4f36f63.sql,31,mobility_driver_scores,explanation_json,"jsonb"
20260326171606_50f3fcfa-7ec3-46ea-8663-6ca3b4f36f63.sql,35,mobility_driver_stats,rider_user_id,"uuid"
20260326171606_50f3fcfa-7ec3-46ea-8663-6ca3b4f36f63.sql,36,mobility_driver_stats,updated_at,"timestamptz"
20260326171606_50f3fcfa-7ec3-46ea-8663-6ca3b4f36f63.sql,37,mobility_driver_stats,acceptance_rate,"numeric"
20260326171606_50f3fcfa-7ec3-46ea-8663-6ca3b4f36f63.sql,38,mobility_driver_stats,cancellation_rate,"numeric"
20260326171606_50f3fcfa-7ec3-46ea-8663-6ca3b4f36f63.sql,39,mobility_driver_stats,avg_response_seconds,"numeric"
20260326171606_50f3fcfa-7ec3-46ea-8663-6ca3b4f36f63.sql,40,mobility_driver_stats,avg_pickup_arrival_minutes,"numeric"
20260326171606_50f3fcfa-7ec3-46ea-8663-6ca3b4f36f63.sql,41,mobility_driver_stats,avg_trip_completion_rate,"numeric"
20260326171606_50f3fcfa-7ec3-46ea-8663-6ca3b4f36f63.sql,42,mobility_driver_stats,gps_reliability_score,"numeric"
20260326171606_50f3fcfa-7ec3-46ea-8663-6ca3b4f36f63.sql,43,mobility_driver_stats,zone_success_json,"jsonb"
20260326171606_50f3fcfa-7ec3-46ea-8663-6ca3b4f36f63.sql,44,mobility_driver_stats,metadata_json,"jsonb"
20260326171606_50f3fcfa-7ec3-46ea-8663-6ca3b4f36f63.sql,48,mobility_pricing_snapshots,id,"uuid"
20260326171606_50f3fcfa-7ec3-46ea-8663-6ca3b4f36f63.sql,49,mobility_pricing_snapshots,created_at,"timestamptz"
20260326171606_50f3fcfa-7ec3-46ea-8663-6ca3b4f36f63.sql,50,mobility_pricing_snapshots,job_id,"uuid"
20260326171606_50f3fcfa-7ec3-46ea-8663-6ca3b4f36f63.sql,51,mobility_pricing_snapshots,zone_key,"text"
20260326171606_50f3fcfa-7ec3-46ea-8663-6ca3b4f36f63.sql,52,mobility_pricing_snapshots,distance_km,"numeric"
20260326171606_50f3fcfa-7ec3-46ea-8663-6ca3b4f36f63.sql,53,mobility_pricing_snapshots,duration_min,"numeric"
20260326171606_50f3fcfa-7ec3-46ea-8663-6ca3b4f36f63.sql,54,mobility_pricing_snapshots,base_fare,"numeric"
20260326171606_50f3fcfa-7ec3-46ea-8663-6ca3b4f36f63.sql,55,mobility_pricing_snapshots,distance_fare,"numeric"
20260326171606_50f3fcfa-7ec3-46ea-8663-6ca3b4f36f63.sql,56,mobility_pricing_snapshots,time_fare,"numeric"
20260326171606_50f3fcfa-7ec3-46ea-8663-6ca3b4f36f63.sql,57,mobility_pricing_snapshots,surge_multiplier,"numeric"
20260326171606_50f3fcfa-7ec3-46ea-8663-6ca3b4f36f63.sql,58,mobility_pricing_snapshots,traffic_multiplier,"numeric"
20260326171606_50f3fcfa-7ec3-46ea-8663-6ca3b4f36f63.sql,59,mobility_pricing_snapshots,demand_multiplier,"numeric"
20260326171606_50f3fcfa-7ec3-46ea-8663-6ca3b4f36f63.sql,60,mobility_pricing_snapshots,weather_multiplier,"numeric"
20260326171606_50f3fcfa-7ec3-46ea-8663-6ca3b4f36f63.sql,61,mobility_pricing_snapshots,final_price,"numeric"
20260326171606_50f3fcfa-7ec3-46ea-8663-6ca3b4f36f63.sql,62,mobility_pricing_snapshots,explanation_json,"jsonb"
20260326172438_9de94e6a-0d69-4ce9-846f-c42f227173b0.sql,3,mobility_ai_logs,id,"uuid"
20260326172438_9de94e6a-0d69-4ce9-846f-c42f227173b0.sql,4,mobility_ai_logs,created_at,"timestamptz"
20260326172438_9de94e6a-0d69-4ce9-846f-c42f227173b0.sql,5,mobility_ai_logs,job_id,"uuid"
20260326172438_9de94e6a-0d69-4ce9-846f-c42f227173b0.sql,6,mobility_ai_logs,log_type,"text"
20260326172438_9de94e6a-0d69-4ce9-846f-c42f227173b0.sql,7,mobility_ai_logs,log_level,"text"
20260326172438_9de94e6a-0d69-4ce9-846f-c42f227173b0.sql,8,mobility_ai_logs,message,"text"
20260326172438_9de94e6a-0d69-4ce9-846f-c42f227173b0.sql,9,mobility_ai_logs,metadata_json,"jsonb"
20260326210054_14a5077d-f6a3-4a50-874e-fb27db8cde14.sql,4,onboarding_import_runs,id,"uuid"
20260326210054_14a5077d-f6a3-4a50-874e-fb27db8cde14.sql,5,onboarding_import_runs,created_at,"timestamptz"
20260326210054_14a5077d-f6a3-4a50-874e-fb27db8cde14.sql,6,onboarding_import_runs,vertical,"text"
20260326210054_14a5077d-f6a3-4a50-874e-fb27db8cde14.sql,7,onboarding_import_runs,input_json,"jsonb"
20260326210054_14a5077d-f6a3-4a50-874e-fb27db8cde14.sql,8,onboarding_import_runs,status,"text"
20260326210054_14a5077d-f6a3-4a50-874e-fb27db8cde14.sql,9,onboarding_import_runs,result_json,"jsonb"
20260326210054_14a5077d-f6a3-4a50-874e-fb27db8cde14.sql,10,onboarding_import_runs,error_message,"text"
20260326210054_14a5077d-f6a3-4a50-874e-fb27db8cde14.sql,17,onboarding_source_records,id,"uuid"
20260326210054_14a5077d-f6a3-4a50-874e-fb27db8cde14.sql,18,onboarding_source_records,created_at,"timestamptz"
20260326210054_14a5077d-f6a3-4a50-874e-fb27db8cde14.sql,19,onboarding_source_records,import_run_id,"uuid"
20260326210054_14a5077d-f6a3-4a50-874e-fb27db8cde14.sql,20,onboarding_source_records,source,"text"
20260326210054_14a5077d-f6a3-4a50-874e-fb27db8cde14.sql,21,onboarding_source_records,source_entity_id,"text"
20260326210054_14a5077d-f6a3-4a50-874e-fb27db8cde14.sql,22,onboarding_source_records,vertical,"text"
20260326210054_14a5077d-f6a3-4a50-874e-fb27db8cde14.sql,23,onboarding_source_records,payload_json,"jsonb"
20260326210054_14a5077d-f6a3-4a50-874e-fb27db8cde14.sql,30,onboarding_canonical_records,id,"uuid"
20260326210054_14a5077d-f6a3-4a50-874e-fb27db8cde14.sql,31,onboarding_canonical_records,created_at,"timestamptz"
20260326210054_14a5077d-f6a3-4a50-874e-fb27db8cde14.sql,32,onboarding_canonical_records,updated_at,"timestamptz"
20260326210054_14a5077d-f6a3-4a50-874e-fb27db8cde14.sql,33,onboarding_canonical_records,import_run_id,"uuid"
20260326210054_14a5077d-f6a3-4a50-874e-fb27db8cde14.sql,34,onboarding_canonical_records,entity_id,"text"
20260326210054_14a5077d-f6a3-4a50-874e-fb27db8cde14.sql,35,onboarding_canonical_records,vertical,"text"
20260326210054_14a5077d-f6a3-4a50-874e-fb27db8cde14.sql,36,onboarding_canonical_records,canonical_name,"text"
20260326210054_14a5077d-f6a3-4a50-874e-fb27db8cde14.sql,37,onboarding_canonical_records,address,"text"
20260326210054_14a5077d-f6a3-4a50-874e-fb27db8cde14.sql,38,onboarding_canonical_records,city,"text"
20260326210054_14a5077d-f6a3-4a50-874e-fb27db8cde14.sql,39,onboarding_canonical_records,district,"text"
20260326210054_14a5077d-f6a3-4a50-874e-fb27db8cde14.sql,40,onboarding_canonical_records,country,"text"
20260326210054_14a5077d-f6a3-4a50-874e-fb27db8cde14.sql,41,onboarding_canonical_records,lat,"double"
20260326210054_14a5077d-f6a3-4a50-874e-fb27db8cde14.sql,42,onboarding_canonical_records,lng,"double"
20260326210054_14a5077d-f6a3-4a50-874e-fb27db8cde14.sql,43,onboarding_canonical_records,phone,"text"
20260326210054_14a5077d-f6a3-4a50-874e-fb27db8cde14.sql,44,onboarding_canonical_records,website,"text"
20260326210054_14a5077d-f6a3-4a50-874e-fb27db8cde14.sql,45,onboarding_canonical_records,categories_json,"jsonb"
20260326210054_14a5077d-f6a3-4a50-874e-fb27db8cde14.sql,46,onboarding_canonical_records,subcategories_json,"jsonb"
20260326210054_14a5077d-f6a3-4a50-874e-fb27db8cde14.sql,47,onboarding_canonical_records,opening_hours_json,"jsonb"
20260326210054_14a5077d-f6a3-4a50-874e-fb27db8cde14.sql,48,onboarding_canonical_records,menu_items_json,"jsonb"
20260326210054_14a5077d-f6a3-4a50-874e-fb27db8cde14.sql,49,onboarding_canonical_records,hotel_inventory_json,"jsonb"
20260326210054_14a5077d-f6a3-4a50-874e-fb27db8cde14.sql,50,onboarding_canonical_records,service_items_json,"jsonb"
20260326210054_14a5077d-f6a3-4a50-874e-fb27db8cde14.sql,51,onboarding_canonical_records,photos_json,"jsonb"
20260326210054_14a5077d-f6a3-4a50-874e-fb27db8cde14.sql,52,onboarding_canonical_records,source_proofs_json,"jsonb"
20260326210054_14a5077d-f6a3-4a50-874e-fb27db8cde14.sql,53,onboarding_canonical_records,merge_confidence,"numeric"
20260326210054_14a5077d-f6a3-4a50-874e-fb27db8cde14.sql,54,onboarding_canonical_records,missing_fields_json,"jsonb"
20260326210054_14a5077d-f6a3-4a50-874e-fb27db8cde14.sql,55,onboarding_canonical_records,needs_review,"boolean"
20260326210054_14a5077d-f6a3-4a50-874e-fb27db8cde14.sql,56,onboarding_canonical_records,publish_visibility,"text"
20260326212349_9feda17d-f36c-4188-b76e-8d4f683a7276.sql,3,onboarding_review_queue,id,"uuid"
20260326212349_9feda17d-f36c-4188-b76e-8d4f683a7276.sql,4,onboarding_review_queue,created_at,"timestamptz"
20260326212349_9feda17d-f36c-4188-b76e-8d4f683a7276.sql,5,onboarding_review_queue,updated_at,"timestamptz"
20260326212349_9feda17d-f36c-4188-b76e-8d4f683a7276.sql,6,onboarding_review_queue,canonical_record_id,"uuid"
20260326212349_9feda17d-f36c-4188-b76e-8d4f683a7276.sql,7,onboarding_review_queue,entity_id,"text"
20260326212349_9feda17d-f36c-4188-b76e-8d4f683a7276.sql,8,onboarding_review_queue,vertical,"text"
20260326212349_9feda17d-f36c-4188-b76e-8d4f683a7276.sql,9,onboarding_review_queue,priority,"integer"
20260326212349_9feda17d-f36c-4188-b76e-8d4f683a7276.sql,10,onboarding_review_queue,review_status,"text"
20260326212349_9feda17d-f36c-4188-b76e-8d4f683a7276.sql,11,onboarding_review_queue,review_reason,"text"
20260326212349_9feda17d-f36c-4188-b76e-8d4f683a7276.sql,12,onboarding_review_queue,assigned_to,"uuid"
20260326212349_9feda17d-f36c-4188-b76e-8d4f683a7276.sql,13,onboarding_review_queue,reviewed_by,"uuid"
20260326212349_9feda17d-f36c-4188-b76e-8d4f683a7276.sql,14,onboarding_review_queue,reviewed_at,"timestamptz"
20260326212349_9feda17d-f36c-4188-b76e-8d4f683a7276.sql,15,onboarding_review_queue,quality_score,"numeric"
20260326212349_9feda17d-f36c-4188-b76e-8d4f683a7276.sql,16,onboarding_review_queue,missing_fields_json,"jsonb"
20260326212349_9feda17d-f36c-4188-b76e-8d4f683a7276.sql,17,onboarding_review_queue,warnings_json,"jsonb"
20260326212349_9feda17d-f36c-4188-b76e-8d4f683a7276.sql,18,onboarding_review_queue,suggested_visibility,"text"
20260326212349_9feda17d-f36c-4188-b76e-8d4f683a7276.sql,19,onboarding_review_queue,final_visibility,"text"
20260326212349_9feda17d-f36c-4188-b76e-8d4f683a7276.sql,20,onboarding_review_queue,metadata_json,"jsonb"
20260326212349_9feda17d-f36c-4188-b76e-8d4f683a7276.sql,24,onboarding_review_actions,id,"uuid"
20260326212349_9feda17d-f36c-4188-b76e-8d4f683a7276.sql,25,onboarding_review_actions,created_at,"timestamptz"
20260326212349_9feda17d-f36c-4188-b76e-8d4f683a7276.sql,26,onboarding_review_actions,review_queue_id,"uuid"
20260326212349_9feda17d-f36c-4188-b76e-8d4f683a7276.sql,27,onboarding_review_actions,action_type,"text"
20260326212349_9feda17d-f36c-4188-b76e-8d4f683a7276.sql,28,onboarding_review_actions,actor_user_id,"uuid"
20260326212349_9feda17d-f36c-4188-b76e-8d4f683a7276.sql,29,onboarding_review_actions,before_json,"jsonb"
20260326212349_9feda17d-f36c-4188-b76e-8d4f683a7276.sql,30,onboarding_review_actions,after_json,"jsonb"
20260326212349_9feda17d-f36c-4188-b76e-8d4f683a7276.sql,31,onboarding_review_actions,notes,"text"
20260326212349_9feda17d-f36c-4188-b76e-8d4f683a7276.sql,35,onboarding_recrawl_jobs,id,"uuid"
20260326212349_9feda17d-f36c-4188-b76e-8d4f683a7276.sql,36,onboarding_recrawl_jobs,created_at,"timestamptz"
20260326212349_9feda17d-f36c-4188-b76e-8d4f683a7276.sql,37,onboarding_recrawl_jobs,started_at,"timestamptz"
20260326212349_9feda17d-f36c-4188-b76e-8d4f683a7276.sql,38,onboarding_recrawl_jobs,finished_at,"timestamptz"
20260326212349_9feda17d-f36c-4188-b76e-8d4f683a7276.sql,39,onboarding_recrawl_jobs,entity_id,"text"
20260326212349_9feda17d-f36c-4188-b76e-8d4f683a7276.sql,40,onboarding_recrawl_jobs,vertical,"text"
20260326212349_9feda17d-f36c-4188-b76e-8d4f683a7276.sql,41,onboarding_recrawl_jobs,trigger_reason,"text"
20260326212349_9feda17d-f36c-4188-b76e-8d4f683a7276.sql,42,onboarding_recrawl_jobs,status,"text"
20260326212349_9feda17d-f36c-4188-b76e-8d4f683a7276.sql,43,onboarding_recrawl_jobs,input_json,"jsonb"
20260326212349_9feda17d-f36c-4188-b76e-8d4f683a7276.sql,44,onboarding_recrawl_jobs,result_json,"jsonb"
20260326212349_9feda17d-f36c-4188-b76e-8d4f683a7276.sql,45,onboarding_recrawl_jobs,error_message,"text"
20260326214301_6b0fab41-d2b0-4537-82ce-29031e277a47.sql,3,ai_decision_logs,id,"uuid"
20260326214301_6b0fab41-d2b0-4537-82ce-29031e277a47.sql,4,ai_decision_logs,created_at,"timestamptz"
20260326214301_6b0fab41-d2b0-4537-82ce-29031e277a47.sql,5,ai_decision_logs,decision_type,"text"
20260326214301_6b0fab41-d2b0-4537-82ce-29031e277a47.sql,6,ai_decision_logs,module,"text"
20260326214301_6b0fab41-d2b0-4537-82ce-29031e277a47.sql,7,ai_decision_logs,reason,"text"
20260326214301_6b0fab41-d2b0-4537-82ce-29031e277a47.sql,8,ai_decision_logs,priority,"text"
20260326214301_6b0fab41-d2b0-4537-82ce-29031e277a47.sql,9,ai_decision_logs,impact_score,"integer"
20260326214301_6b0fab41-d2b0-4537-82ce-29031e277a47.sql,10,ai_decision_logs,auto_execute,"boolean"
20260326214301_6b0fab41-d2b0-4537-82ce-29031e277a47.sql,11,ai_decision_logs,executed,"boolean"
20260326214301_6b0fab41-d2b0-4537-82ce-29031e277a47.sql,12,ai_decision_logs,executed_at,"timestamptz"
20260326214301_6b0fab41-d2b0-4537-82ce-29031e277a47.sql,13,ai_decision_logs,result_delta,"jsonb"
20260326214301_6b0fab41-d2b0-4537-82ce-29031e277a47.sql,14,ai_decision_logs,context_json,"jsonb"
20260326214301_6b0fab41-d2b0-4537-82ce-29031e277a47.sql,15,ai_decision_logs,country,"text"
20260326214301_6b0fab41-d2b0-4537-82ce-29031e277a47.sql,16,ai_decision_logs,city,"text"
20260326214301_6b0fab41-d2b0-4537-82ce-29031e277a47.sql,17,ai_decision_logs,route,"text"
20260326214301_6b0fab41-d2b0-4537-82ce-29031e277a47.sql,18,ai_decision_logs,event_key,"text"
20260326214301_6b0fab41-d2b0-4537-82ce-29031e277a47.sql,19,ai_decision_logs,before_score,"integer"
20260326214301_6b0fab41-d2b0-4537-82ce-29031e277a47.sql,20,ai_decision_logs,after_score,"integer"
20260326215635_21db61ef-be45-4dfb-a7a8-b03f6372f1b7.sql,4,auto_discovered_merchants,id,"uuid"
20260326215635_21db61ef-be45-4dfb-a7a8-b03f6372f1b7.sql,5,auto_discovered_merchants,source,"text"
20260326215635_21db61ef-be45-4dfb-a7a8-b03f6372f1b7.sql,6,auto_discovered_merchants,source_url,"text"
20260326215635_21db61ef-be45-4dfb-a7a8-b03f6372f1b7.sql,7,auto_discovered_merchants,name,"text"
20260326215635_21db61ef-be45-4dfb-a7a8-b03f6372f1b7.sql,8,auto_discovered_merchants,category,"text"
20260326215635_21db61ef-be45-4dfb-a7a8-b03f6372f1b7.sql,9,auto_discovered_merchants,subcategory,"text"
20260326215635_21db61ef-be45-4dfb-a7a8-b03f6372f1b7.sql,10,auto_discovered_merchants,city,"text"
20260326215635_21db61ef-be45-4dfb-a7a8-b03f6372f1b7.sql,11,auto_discovered_merchants,country,"text"
20260326215635_21db61ef-be45-4dfb-a7a8-b03f6372f1b7.sql,12,auto_discovered_merchants,latitude,"numeric"
20260326215635_21db61ef-be45-4dfb-a7a8-b03f6372f1b7.sql,13,auto_discovered_merchants,longitude,"numeric"
20260326215635_21db61ef-be45-4dfb-a7a8-b03f6372f1b7.sql,14,auto_discovered_merchants,phone,"text"
20260326215635_21db61ef-be45-4dfb-a7a8-b03f6372f1b7.sql,15,auto_discovered_merchants,email,"text"
20260326215635_21db61ef-be45-4dfb-a7a8-b03f6372f1b7.sql,16,auto_discovered_merchants,logo_url,"text"
20260326215635_21db61ef-be45-4dfb-a7a8-b03f6372f1b7.sql,17,auto_discovered_merchants,cover_url,"text"
20260326215635_21db61ef-be45-4dfb-a7a8-b03f6372f1b7.sql,18,auto_discovered_merchants,rating,"numeric"
20260326215635_21db61ef-be45-4dfb-a7a8-b03f6372f1b7.sql,19,auto_discovered_merchants,review_count,"integer"
20260326215635_21db61ef-be45-4dfb-a7a8-b03f6372f1b7.sql,20,auto_discovered_merchants,menu_json,"jsonb"
20260326215635_21db61ef-be45-4dfb-a7a8-b03f6372f1b7.sql,21,auto_discovered_merchants,quality_score,"integer"
20260326215635_21db61ef-be45-4dfb-a7a8-b03f6372f1b7.sql,22,auto_discovered_merchants,visibility_mode,"text"
20260326215635_21db61ef-be45-4dfb-a7a8-b03f6372f1b7.sql,23,auto_discovered_merchants,claim_status,"text"
20260326215635_21db61ef-be45-4dfb-a7a8-b03f6372f1b7.sql,24,auto_discovered_merchants,claimed_by,"uuid"
20260326215635_21db61ef-be45-4dfb-a7a8-b03f6372f1b7.sql,25,auto_discovered_merchants,claimed_at,"timestamptz"
20260326215635_21db61ef-be45-4dfb-a7a8-b03f6372f1b7.sql,26,auto_discovered_merchants,outreach_status,"text"
20260326215635_21db61ef-be45-4dfb-a7a8-b03f6372f1b7.sql,27,auto_discovered_merchants,last_synced_at,"timestamptz"
20260326215635_21db61ef-be45-4dfb-a7a8-b03f6372f1b7.sql,28,auto_discovered_merchants,created_at,"timestamptz"
20260326215635_21db61ef-be45-4dfb-a7a8-b03f6372f1b7.sql,29,auto_discovered_merchants,updated_at,"timestamptz"
20260326215635_21db61ef-be45-4dfb-a7a8-b03f6372f1b7.sql,33,acquisition_outreach_logs,id,"uuid"
20260326215635_21db61ef-be45-4dfb-a7a8-b03f6372f1b7.sql,34,acquisition_outreach_logs,merchant_id,"uuid"
20260326215635_21db61ef-be45-4dfb-a7a8-b03f6372f1b7.sql,35,acquisition_outreach_logs,channel,"text"
20260326215635_21db61ef-be45-4dfb-a7a8-b03f6372f1b7.sql,36,acquisition_outreach_logs,message_template,"text"
20260326215635_21db61ef-be45-4dfb-a7a8-b03f6372f1b7.sql,37,acquisition_outreach_logs,sent_at,"timestamptz"
20260326215635_21db61ef-be45-4dfb-a7a8-b03f6372f1b7.sql,38,acquisition_outreach_logs,status,"text"
20260326215635_21db61ef-be45-4dfb-a7a8-b03f6372f1b7.sql,39,acquisition_outreach_logs,response,"text"
20260326215635_21db61ef-be45-4dfb-a7a8-b03f6372f1b7.sql,40,acquisition_outreach_logs,responded_at,"timestamptz"
20260327075534_b83b1c01-a1e0-4935-b822-0046e619740b.sql,3,orbit_telemetry_events,id,"uuid"
20260327075534_b83b1c01-a1e0-4935-b822-0046e619740b.sql,4,orbit_telemetry_events,event_name,"text"
20260327075534_b83b1c01-a1e0-4935-b822-0046e619740b.sql,5,orbit_telemetry_events,screen,"text"
20260327075534_b83b1c01-a1e0-4935-b822-0046e619740b.sql,6,orbit_telemetry_events,component,"text"
20260327075534_b83b1c01-a1e0-4935-b822-0046e619740b.sql,7,orbit_telemetry_events,action,"text"
20260327075534_b83b1c01-a1e0-4935-b822-0046e619740b.sql,8,orbit_telemetry_events,result,"text"
20260327075534_b83b1c01-a1e0-4935-b822-0046e619740b.sql,9,orbit_telemetry_events,payload,"jsonb"
20260327075534_b83b1c01-a1e0-4935-b822-0046e619740b.sql,10,orbit_telemetry_events,error_message,"text"
20260327075534_b83b1c01-a1e0-4935-b822-0046e619740b.sql,11,orbit_telemetry_events,user_id,"uuid"
20260327075534_b83b1c01-a1e0-4935-b822-0046e619740b.sql,12,orbit_telemetry_events,session_id,"text"
20260327075534_b83b1c01-a1e0-4935-b822-0046e619740b.sql,13,orbit_telemetry_events,created_at,"timestamptz"
20260327084118_da9cd7c2-be0f-4b8b-ae88-889011541137.sql,37,merchant_menu_snapshots,id,"uuid"
20260327084118_da9cd7c2-be0f-4b8b-ae88-889011541137.sql,38,merchant_menu_snapshots,merchant_id,"uuid"
20260327084118_da9cd7c2-be0f-4b8b-ae88-889011541137.sql,39,merchant_menu_snapshots,source,"text"
20260327084118_da9cd7c2-be0f-4b8b-ae88-889011541137.sql,40,merchant_menu_snapshots,snapshot_json,"jsonb"
20260327084118_da9cd7c2-be0f-4b8b-ae88-889011541137.sql,41,merchant_menu_snapshots,normalized_json,"jsonb"
20260327084118_da9cd7c2-be0f-4b8b-ae88-889011541137.sql,42,merchant_menu_snapshots,created_at,"timestamptz"
20260327084118_da9cd7c2-be0f-4b8b-ae88-889011541137.sql,48,merchant_visual_audit,id,"uuid"
20260327084118_da9cd7c2-be0f-4b8b-ae88-889011541137.sql,49,merchant_visual_audit,merchant_id,"uuid"
20260327084118_da9cd7c2-be0f-4b8b-ae88-889011541137.sql,50,merchant_visual_audit,logo_ok,"boolean"
20260327084118_da9cd7c2-be0f-4b8b-ae88-889011541137.sql,51,merchant_visual_audit,cover_ok,"boolean"
20260327084118_da9cd7c2-be0f-4b8b-ae88-889011541137.sql,52,merchant_visual_audit,duplicate_cover,"boolean"
20260327084118_da9cd7c2-be0f-4b8b-ae88-889011541137.sql,53,merchant_visual_audit,placeholder_logo,"boolean"
20260327084118_da9cd7c2-be0f-4b8b-ae88-889011541137.sql,54,merchant_visual_audit,placeholder_cover,"boolean"
20260327084118_da9cd7c2-be0f-4b8b-ae88-889011541137.sql,55,merchant_visual_audit,notes,"jsonb"
20260327084118_da9cd7c2-be0f-4b8b-ae88-889011541137.sql,56,merchant_visual_audit,created_at,"timestamptz"
20260327084118_da9cd7c2-be0f-4b8b-ae88-889011541137.sql,62,source_ingestion_queue,id,"uuid"
20260327084118_da9cd7c2-be0f-4b8b-ae88-889011541137.sql,63,source_ingestion_queue,source,"text"
20260327084118_da9cd7c2-be0f-4b8b-ae88-889011541137.sql,64,source_ingestion_queue,city,"text"
20260327084118_da9cd7c2-be0f-4b8b-ae88-889011541137.sql,65,source_ingestion_queue,vertical,"text"
20260327084118_da9cd7c2-be0f-4b8b-ae88-889011541137.sql,66,source_ingestion_queue,payload,"jsonb"
20260327084118_da9cd7c2-be0f-4b8b-ae88-889011541137.sql,67,source_ingestion_queue,status,"text"
20260327084118_da9cd7c2-be0f-4b8b-ae88-889011541137.sql,68,source_ingestion_queue,priority,"int"
20260327084118_da9cd7c2-be0f-4b8b-ae88-889011541137.sql,69,source_ingestion_queue,created_at,"timestamptz"
20260327084118_da9cd7c2-be0f-4b8b-ae88-889011541137.sql,70,source_ingestion_queue,picked_at,"timestamptz"
20260327084118_da9cd7c2-be0f-4b8b-ae88-889011541137.sql,71,source_ingestion_queue,processed_at,"timestamptz"
20260327084118_da9cd7c2-be0f-4b8b-ae88-889011541137.sql,72,source_ingestion_queue,error_message,"text"
20260327093526_b9501e05-97a2-4e3d-b9c7-580e525385f5.sql,12,merchant_scrape_runs,id,"uuid"
20260327093526_b9501e05-97a2-4e3d-b9c7-580e525385f5.sql,13,merchant_scrape_runs,engine_name,"text"
20260327093526_b9501e05-97a2-4e3d-b9c7-580e525385f5.sql,14,merchant_scrape_runs,source,"text"
20260327093526_b9501e05-97a2-4e3d-b9c7-580e525385f5.sql,15,merchant_scrape_runs,region,"text"
20260327093526_b9501e05-97a2-4e3d-b9c7-580e525385f5.sql,16,merchant_scrape_runs,vertical,"text"
20260327093526_b9501e05-97a2-4e3d-b9c7-580e525385f5.sql,17,merchant_scrape_runs,started_at,"timestamptz"
20260327093526_b9501e05-97a2-4e3d-b9c7-580e525385f5.sql,18,merchant_scrape_runs,finished_at,"timestamptz"
20260327093526_b9501e05-97a2-4e3d-b9c7-580e525385f5.sql,19,merchant_scrape_runs,status,"text"
20260327093526_b9501e05-97a2-4e3d-b9c7-580e525385f5.sql,20,merchant_scrape_runs,discovered_count,"integer"
20260327093526_b9501e05-97a2-4e3d-b9c7-580e525385f5.sql,21,merchant_scrape_runs,scraped_count,"integer"
20260327093526_b9501e05-97a2-4e3d-b9c7-580e525385f5.sql,22,merchant_scrape_runs,parsed_count,"integer"
20260327093526_b9501e05-97a2-4e3d-b9c7-580e525385f5.sql,23,merchant_scrape_runs,accepted_count,"integer"
20260327093526_b9501e05-97a2-4e3d-b9c7-580e525385f5.sql,24,merchant_scrape_runs,rejected_count,"integer"
20260327093526_b9501e05-97a2-4e3d-b9c7-580e525385f5.sql,25,merchant_scrape_runs,published_count,"integer"
20260327093526_b9501e05-97a2-4e3d-b9c7-580e525385f5.sql,26,merchant_scrape_runs,error_message,"text"
20260327093526_b9501e05-97a2-4e3d-b9c7-580e525385f5.sql,27,merchant_scrape_runs,metadata_json,"jsonb"
20260327093526_b9501e05-97a2-4e3d-b9c7-580e525385f5.sql,28,merchant_scrape_runs,created_at,"timestamptz"
20260327093526_b9501e05-97a2-4e3d-b9c7-580e525385f5.sql,33,merchant_source_snapshots,id,"uuid"
20260327093526_b9501e05-97a2-4e3d-b9c7-580e525385f5.sql,34,merchant_source_snapshots,seed_merchant_id,"uuid"
20260327093526_b9501e05-97a2-4e3d-b9c7-580e525385f5.sql,35,merchant_source_snapshots,source,"text"
20260327093526_b9501e05-97a2-4e3d-b9c7-580e525385f5.sql,36,merchant_source_snapshots,source_entity_id,"text"
20260327093526_b9501e05-97a2-4e3d-b9c7-580e525385f5.sql,37,merchant_source_snapshots,snapshot_json,"jsonb"
20260327093526_b9501e05-97a2-4e3d-b9c7-580e525385f5.sql,38,merchant_source_snapshots,quality_score,"integer"
20260327093526_b9501e05-97a2-4e3d-b9c7-580e525385f5.sql,39,merchant_source_snapshots,diff_from_previous,"jsonb"
20260327093526_b9501e05-97a2-4e3d-b9c7-580e525385f5.sql,40,merchant_source_snapshots,created_at,"timestamptz"
20260327094235_9b3e62c7-4d63-4b3d-8660-aa1d7afb1dc2.sql,4,hotels,id,"uuid"
20260327094235_9b3e62c7-4d63-4b3d-8660-aa1d7afb1dc2.sql,5,hotels,name,"text"
20260327094235_9b3e62c7-4d63-4b3d-8660-aa1d7afb1dc2.sql,6,hotels,description,"text"
20260327094235_9b3e62c7-4d63-4b3d-8660-aa1d7afb1dc2.sql,7,hotels,stars,"integer"
20260327094235_9b3e62c7-4d63-4b3d-8660-aa1d7afb1dc2.sql,8,hotels,rating,"numeric(3,1)"
20260327094235_9b3e62c7-4d63-4b3d-8660-aa1d7afb1dc2.sql,9,hotels,reviews_count,"integer"
20260327094235_9b3e62c7-4d63-4b3d-8660-aa1d7afb1dc2.sql,10,hotels,address,"text"
20260327094235_9b3e62c7-4d63-4b3d-8660-aa1d7afb1dc2.sql,11,hotels,city,"text"
20260327094235_9b3e62c7-4d63-4b3d-8660-aa1d7afb1dc2.sql,12,hotels,country,"text"
20260327094235_9b3e62c7-4d63-4b3d-8660-aa1d7afb1dc2.sql,13,hotels,lat,"numeric(10,7)"
20260327094235_9b3e62c7-4d63-4b3d-8660-aa1d7afb1dc2.sql,14,hotels,lng,"numeric(10,7)"
20260327094235_9b3e62c7-4d63-4b3d-8660-aa1d7afb1dc2.sql,15,hotels,checkin_time,"text"
20260327094235_9b3e62c7-4d63-4b3d-8660-aa1d7afb1dc2.sql,16,hotels,checkout_time,"text"
20260327094235_9b3e62c7-4d63-4b3d-8660-aa1d7afb1dc2.sql,17,hotels,policies_json,"jsonb"
20260327094235_9b3e62c7-4d63-4b3d-8660-aa1d7afb1dc2.sql,18,hotels,amenities_json,"jsonb"
20260327094235_9b3e62c7-4d63-4b3d-8660-aa1d7afb1dc2.sql,19,hotels,cover_image,"text"
20260327094235_9b3e62c7-4d63-4b3d-8660-aa1d7afb1dc2.sql,20,hotels,gallery_json,"jsonb"
20260327094235_9b3e62c7-4d63-4b3d-8660-aa1d7afb1dc2.sql,21,hotels,source_type,"text"
20260327094235_9b3e62c7-4d63-4b3d-8660-aa1d7afb1dc2.sql,22,hotels,source_entity_id,"text"
20260327094235_9b3e62c7-4d63-4b3d-8660-aa1d7afb1dc2.sql,23,hotels,visibility_mode,"text"
20260327094235_9b3e62c7-4d63-4b3d-8660-aa1d7afb1dc2.sql,24,hotels,overall_quality_score,"integer"
20260327094235_9b3e62c7-4d63-4b3d-8660-aa1d7afb1dc2.sql,25,hotels,seed_merchant_id,"uuid"
20260327094235_9b3e62c7-4d63-4b3d-8660-aa1d7afb1dc2.sql,26,hotels,created_at,"timestamptz"
20260327094235_9b3e62c7-4d63-4b3d-8660-aa1d7afb1dc2.sql,27,hotels,updated_at,"timestamptz"
20260327094235_9b3e62c7-4d63-4b3d-8660-aa1d7afb1dc2.sql,31,hotel_rooms,id,"uuid"
20260327094235_9b3e62c7-4d63-4b3d-8660-aa1d7afb1dc2.sql,32,hotel_rooms,hotel_id,"uuid"
20260327094235_9b3e62c7-4d63-4b3d-8660-aa1d7afb1dc2.sql,33,hotel_rooms,name,"text"
20260327094235_9b3e62c7-4d63-4b3d-8660-aa1d7afb1dc2.sql,34,hotel_rooms,description,"text"
20260327094235_9b3e62c7-4d63-4b3d-8660-aa1d7afb1dc2.sql,35,hotel_rooms,capacity,"integer"
20260327094235_9b3e62c7-4d63-4b3d-8660-aa1d7afb1dc2.sql,36,hotel_rooms,bed_type,"text"
20260327094235_9b3e62c7-4d63-4b3d-8660-aa1d7afb1dc2.sql,37,hotel_rooms,size_m2,"numeric(6,1)"
20260327094235_9b3e62c7-4d63-4b3d-8660-aa1d7afb1dc2.sql,38,hotel_rooms,amenities_json,"jsonb"
20260327094235_9b3e62c7-4d63-4b3d-8660-aa1d7afb1dc2.sql,39,hotel_rooms,images_json,"jsonb"
20260327094235_9b3e62c7-4d63-4b3d-8660-aa1d7afb1dc2.sql,40,hotel_rooms,created_at,"timestamptz"
20260327094235_9b3e62c7-4d63-4b3d-8660-aa1d7afb1dc2.sql,44,hotel_rate_plans,id,"uuid"
20260327094235_9b3e62c7-4d63-4b3d-8660-aa1d7afb1dc2.sql,45,hotel_rate_plans,room_id,"uuid"
20260327094235_9b3e62c7-4d63-4b3d-8660-aa1d7afb1dc2.sql,46,hotel_rate_plans,name,"text"
20260327094235_9b3e62c7-4d63-4b3d-8660-aa1d7afb1dc2.sql,47,hotel_rate_plans,cancellation_policy,"text"
20260327094235_9b3e62c7-4d63-4b3d-8660-aa1d7afb1dc2.sql,48,hotel_rate_plans,meal_plan,"text"
20260327094235_9b3e62c7-4d63-4b3d-8660-aa1d7afb1dc2.sql,49,hotel_rate_plans,refundable,"boolean"
20260327094235_9b3e62c7-4d63-4b3d-8660-aa1d7afb1dc2.sql,50,hotel_rate_plans,created_at,"timestamptz"
20260327094235_9b3e62c7-4d63-4b3d-8660-aa1d7afb1dc2.sql,54,hotel_availability,id,"uuid"
20260327094235_9b3e62c7-4d63-4b3d-8660-aa1d7afb1dc2.sql,55,hotel_availability,room_id,"uuid"
20260327094235_9b3e62c7-4d63-4b3d-8660-aa1d7afb1dc2.sql,56,hotel_availability,date,"date"
20260327094235_9b3e62c7-4d63-4b3d-8660-aa1d7afb1dc2.sql,57,hotel_availability,available,"boolean"
20260327094235_9b3e62c7-4d63-4b3d-8660-aa1d7afb1dc2.sql,58,hotel_availability,price,"numeric(10,2)"
20260327094235_9b3e62c7-4d63-4b3d-8660-aa1d7afb1dc2.sql,59,hotel_availability,currency,"text"
20260327094235_9b3e62c7-4d63-4b3d-8660-aa1d7afb1dc2.sql,60,hotel_availability,min_stay,"integer"
20260327094235_9b3e62c7-4d63-4b3d-8660-aa1d7afb1dc2.sql,61,hotel_availability,max_stay,"integer"
20260327094235_9b3e62c7-4d63-4b3d-8660-aa1d7afb1dc2.sql,62,hotel_availability,created_at,"timestamptz"
20260327095552_7e26fb2d-3530-4832-98f1-9e67f3f15836.sql,3,hotel_inventory_calendar,id,"uuid"
20260327095552_7e26fb2d-3530-4832-98f1-9e67f3f15836.sql,4,hotel_inventory_calendar,hotel_id,"uuid"
20260327095552_7e26fb2d-3530-4832-98f1-9e67f3f15836.sql,5,hotel_inventory_calendar,room_type_id,"uuid"
20260327095552_7e26fb2d-3530-4832-98f1-9e67f3f15836.sql,6,hotel_inventory_calendar,rate_plan_id,"uuid"
20260327095552_7e26fb2d-3530-4832-98f1-9e67f3f15836.sql,7,hotel_inventory_calendar,night_date,"date"
20260327095552_7e26fb2d-3530-4832-98f1-9e67f3f15836.sql,8,hotel_inventory_calendar,available,"boolean"
20260327095552_7e26fb2d-3530-4832-98f1-9e67f3f15836.sql,9,hotel_inventory_calendar,available_units,"integer"
20260327095552_7e26fb2d-3530-4832-98f1-9e67f3f15836.sql,10,hotel_inventory_calendar,base_price,"numeric"
20260327095552_7e26fb2d-3530-4832-98f1-9e67f3f15836.sql,11,hotel_inventory_calendar,final_price,"numeric"
20260327095552_7e26fb2d-3530-4832-98f1-9e67f3f15836.sql,12,hotel_inventory_calendar,currency,"text"
20260327095552_7e26fb2d-3530-4832-98f1-9e67f3f15836.sql,13,hotel_inventory_calendar,taxes_amount,"numeric"
20260327095552_7e26fb2d-3530-4832-98f1-9e67f3f15836.sql,14,hotel_inventory_calendar,fees_amount,"numeric"
20260327095552_7e26fb2d-3530-4832-98f1-9e67f3f15836.sql,15,hotel_inventory_calendar,min_stay,"integer"
20260327095552_7e26fb2d-3530-4832-98f1-9e67f3f15836.sql,16,hotel_inventory_calendar,max_stay,"integer"
20260327095552_7e26fb2d-3530-4832-98f1-9e67f3f15836.sql,17,hotel_inventory_calendar,closed_to_arrival,"boolean"
20260327095552_7e26fb2d-3530-4832-98f1-9e67f3f15836.sql,18,hotel_inventory_calendar,closed_to_departure,"boolean"
20260327095552_7e26fb2d-3530-4832-98f1-9e67f3f15836.sql,19,hotel_inventory_calendar,restriction_notes,"text"
20260327095552_7e26fb2d-3530-4832-98f1-9e67f3f15836.sql,20,hotel_inventory_calendar,source_type,"text"
20260327095552_7e26fb2d-3530-4832-98f1-9e67f3f15836.sql,21,hotel_inventory_calendar,source_entity_id,"text"
20260327095552_7e26fb2d-3530-4832-98f1-9e67f3f15836.sql,22,hotel_inventory_calendar,source_last_seen_at,"timestamptz"
20260327095552_7e26fb2d-3530-4832-98f1-9e67f3f15836.sql,23,hotel_inventory_calendar,created_at,"timestamptz"
20260327095552_7e26fb2d-3530-4832-98f1-9e67f3f15836.sql,24,hotel_inventory_calendar,updated_at,"timestamptz"
20260327100533_14e0f591-89d9-41d0-a161-5482659b344d.sql,4,hotel_bookings,id,"uuid"
20260327100533_14e0f591-89d9-41d0-a161-5482659b344d.sql,5,hotel_bookings,booking_reference,"text"
20260327100533_14e0f591-89d9-41d0-a161-5482659b344d.sql,6,hotel_bookings,user_id,"uuid"
20260327100533_14e0f591-89d9-41d0-a161-5482659b344d.sql,7,hotel_bookings,hotel_id,"uuid"
20260327100533_14e0f591-89d9-41d0-a161-5482659b344d.sql,8,hotel_bookings,room_type_id,"uuid"
20260327100533_14e0f591-89d9-41d0-a161-5482659b344d.sql,9,hotel_bookings,rate_plan_id,"uuid"
20260327100533_14e0f591-89d9-41d0-a161-5482659b344d.sql,10,hotel_bookings,checkin_date,"date"
20260327100533_14e0f591-89d9-41d0-a161-5482659b344d.sql,11,hotel_bookings,checkout_date,"date"
20260327100533_14e0f591-89d9-41d0-a161-5482659b344d.sql,12,hotel_bookings,nights,"int"
20260327100533_14e0f591-89d9-41d0-a161-5482659b344d.sql,13,hotel_bookings,adults,"int"
20260327100533_14e0f591-89d9-41d0-a161-5482659b344d.sql,14,hotel_bookings,children,"int"
20260327100533_14e0f591-89d9-41d0-a161-5482659b344d.sql,15,hotel_bookings,price_per_night,"numeric"
20260327100533_14e0f591-89d9-41d0-a161-5482659b344d.sql,16,hotel_bookings,total_price,"numeric"
20260327100533_14e0f591-89d9-41d0-a161-5482659b344d.sql,17,hotel_bookings,currency,"text"
20260327100533_14e0f591-89d9-41d0-a161-5482659b344d.sql,18,hotel_bookings,taxes_amount,"numeric"
20260327100533_14e0f591-89d9-41d0-a161-5482659b344d.sql,19,hotel_bookings,fees_amount,"numeric"
20260327100533_14e0f591-89d9-41d0-a161-5482659b344d.sql,20,hotel_bookings,status,"text"
20260327100533_14e0f591-89d9-41d0-a161-5482659b344d.sql,21,hotel_bookings,payment_status,"text"
20260327100533_14e0f591-89d9-41d0-a161-5482659b344d.sql,22,hotel_bookings,payment_method,"text"
20260327100533_14e0f591-89d9-41d0-a161-5482659b344d.sql,23,hotel_bookings,external_reference,"text"
20260327100533_14e0f591-89d9-41d0-a161-5482659b344d.sql,24,hotel_bookings,cancellation_policy_snapshot,"jsonb"
20260327100533_14e0f591-89d9-41d0-a161-5482659b344d.sql,25,hotel_bookings,room_snapshot,"jsonb"
20260327100533_14e0f591-89d9-41d0-a161-5482659b344d.sql,26,hotel_bookings,rate_plan_snapshot,"jsonb"
20260327100533_14e0f591-89d9-41d0-a161-5482659b344d.sql,27,hotel_bookings,nightly_prices,"jsonb"
20260327100533_14e0f591-89d9-41d0-a161-5482659b344d.sql,28,hotel_bookings,created_at,"timestamptz"
20260327100533_14e0f591-89d9-41d0-a161-5482659b344d.sql,29,hotel_bookings,updated_at,"timestamptz"
20260327100533_14e0f591-89d9-41d0-a161-5482659b344d.sql,34,booking_commissions,id,"uuid"
20260327100533_14e0f591-89d9-41d0-a161-5482659b344d.sql,35,booking_commissions,booking_id,"uuid"
20260327100533_14e0f591-89d9-41d0-a161-5482659b344d.sql,36,booking_commissions,total_amount,"numeric"
20260327100533_14e0f591-89d9-41d0-a161-5482659b344d.sql,37,booking_commissions,platform_fee,"numeric"
20260327100533_14e0f591-89d9-41d0-a161-5482659b344d.sql,38,booking_commissions,merchant_amount,"numeric"
20260327100533_14e0f591-89d9-41d0-a161-5482659b344d.sql,39,booking_commissions,commission_rate,"numeric"
20260327100533_14e0f591-89d9-41d0-a161-5482659b344d.sql,40,booking_commissions,currency,"text"
20260327100533_14e0f591-89d9-41d0-a161-5482659b344d.sql,41,booking_commissions,status,"text"
20260327100533_14e0f591-89d9-41d0-a161-5482659b344d.sql,42,booking_commissions,created_at,"timestamptz"
20260327101712_d969c388-d56e-481a-9d0c-996266ad79e9.sql,4,browser_repair_runs,id,"uuid"
20260327101712_d969c388-d56e-481a-9d0c-996266ad79e9.sql,5,browser_repair_runs,started_at,"timestamptz"
20260327101712_d969c388-d56e-481a-9d0c-996266ad79e9.sql,6,browser_repair_runs,finished_at,"timestamptz"
20260327101712_d969c388-d56e-481a-9d0c-996266ad79e9.sql,7,browser_repair_runs,status,"text"
20260327101712_d969c388-d56e-481a-9d0c-996266ad79e9.sql,8,browser_repair_runs,scenario_count,"int"
20260327101712_d969c388-d56e-481a-9d0c-996266ad79e9.sql,9,browser_repair_runs,pass_count,"int"
20260327101712_d969c388-d56e-481a-9d0c-996266ad79e9.sql,10,browser_repair_runs,fail_count,"int"
20260327101712_d969c388-d56e-481a-9d0c-996266ad79e9.sql,11,browser_repair_runs,fixed_count,"int"
20260327101712_d969c388-d56e-481a-9d0c-996266ad79e9.sql,12,browser_repair_runs,report_json,"jsonb"
20260327101712_d969c388-d56e-481a-9d0c-996266ad79e9.sql,13,browser_repair_runs,created_at,"timestamptz"
20260327101712_d969c388-d56e-481a-9d0c-996266ad79e9.sql,17,browser_repair_issues,id,"uuid"
20260327101712_d969c388-d56e-481a-9d0c-996266ad79e9.sql,18,browser_repair_issues,run_id,"uuid"
20260327101712_d969c388-d56e-481a-9d0c-996266ad79e9.sql,19,browser_repair_issues,page_key,"text"
20260327101712_d969c388-d56e-481a-9d0c-996266ad79e9.sql,20,browser_repair_issues,flow_key,"text"
20260327101712_d969c388-d56e-481a-9d0c-996266ad79e9.sql,21,browser_repair_issues,severity,"text"
20260327101712_d969c388-d56e-481a-9d0c-996266ad79e9.sql,22,browser_repair_issues,issue_type,"text"
20260327101712_d969c388-d56e-481a-9d0c-996266ad79e9.sql,23,browser_repair_issues,selector_or_component,"text"
20260327101712_d969c388-d56e-481a-9d0c-996266ad79e9.sql,24,browser_repair_issues,summary,"text"
20260327101712_d969c388-d56e-481a-9d0c-996266ad79e9.sql,25,browser_repair_issues,root_cause,"text"
20260327101712_d969c388-d56e-481a-9d0c-996266ad79e9.sql,26,browser_repair_issues,auto_fix_applied,"boolean"
20260327101712_d969c388-d56e-481a-9d0c-996266ad79e9.sql,27,browser_repair_issues,fix_summary,"text"
20260327101712_d969c388-d56e-481a-9d0c-996266ad79e9.sql,28,browser_repair_issues,verification_status,"text"
20260327101712_d969c388-d56e-481a-9d0c-996266ad79e9.sql,29,browser_repair_issues,metadata_json,"jsonb"
20260327101712_d969c388-d56e-481a-9d0c-996266ad79e9.sql,30,browser_repair_issues,created_at,"timestamptz"
20260327102420_2bf1007f-2551-4d51-99df-8caabfda11f3.sql,4,browser_repair_actions,id,"uuid"
20260327102420_2bf1007f-2551-4d51-99df-8caabfda11f3.sql,5,browser_repair_actions,run_id,"uuid"
20260327102420_2bf1007f-2551-4d51-99df-8caabfda11f3.sql,6,browser_repair_actions,scenario_key,"text"
20260327102420_2bf1007f-2551-4d51-99df-8caabfda11f3.sql,7,browser_repair_actions,step_key,"text"
20260327102420_2bf1007f-2551-4d51-99df-8caabfda11f3.sql,8,browser_repair_actions,status,"text"
20260327102420_2bf1007f-2551-4d51-99df-8caabfda11f3.sql,9,browser_repair_actions,elapsed_ms,"integer"
20260327102420_2bf1007f-2551-4d51-99df-8caabfda11f3.sql,10,browser_repair_actions,details_json,"jsonb"
20260327102420_2bf1007f-2551-4d51-99df-8caabfda11f3.sql,11,browser_repair_actions,created_at,"timestamptz"
20260327103832_310faf2d-3496-43d1-aba5-4264985bad7b.sql,4,browser_repair_events,id,"uuid"
20260327103832_310faf2d-3496-43d1-aba5-4264985bad7b.sql,5,browser_repair_events,run_id,"uuid"
20260327103832_310faf2d-3496-43d1-aba5-4264985bad7b.sql,6,browser_repair_events,area,"text"
20260327103832_310faf2d-3496-43d1-aba5-4264985bad7b.sql,7,browser_repair_events,flow,"text"
20260327103832_310faf2d-3496-43d1-aba5-4264985bad7b.sql,8,browser_repair_events,route,"text"
20260327103832_310faf2d-3496-43d1-aba5-4264985bad7b.sql,9,browser_repair_events,severity,"text"
20260327103832_310faf2d-3496-43d1-aba5-4264985bad7b.sql,10,browser_repair_events,issue_code,"text"
20260327103832_310faf2d-3496-43d1-aba5-4264985bad7b.sql,11,browser_repair_events,issue_label,"text"
20260327103832_310faf2d-3496-43d1-aba5-4264985bad7b.sql,12,browser_repair_events,detected_value,"text"
20260327103832_310faf2d-3496-43d1-aba5-4264985bad7b.sql,13,browser_repair_events,attempted_fix,"boolean"
20260327103832_310faf2d-3496-43d1-aba5-4264985bad7b.sql,14,browser_repair_events,fix_status,"text"
20260327103832_310faf2d-3496-43d1-aba5-4264985bad7b.sql,15,browser_repair_events,fix_summary,"text"
20260327103832_310faf2d-3496-43d1-aba5-4264985bad7b.sql,16,browser_repair_events,before_json,"jsonb"
20260327103832_310faf2d-3496-43d1-aba5-4264985bad7b.sql,17,browser_repair_events,after_json,"jsonb"
20260327103832_310faf2d-3496-43d1-aba5-4264985bad7b.sql,18,browser_repair_events,created_at,"timestamptz"
20260327103832_310faf2d-3496-43d1-aba5-4264985bad7b.sql,23,browser_repair_watchdog,id,"uuid"
20260327103832_310faf2d-3496-43d1-aba5-4264985bad7b.sql,24,browser_repair_watchdog,page_key,"text"
20260327103832_310faf2d-3496-43d1-aba5-4264985bad7b.sql,25,browser_repair_watchdog,last_seen_ok_at,"timestamptz"
20260327103832_310faf2d-3496-43d1-aba5-4264985bad7b.sql,26,browser_repair_watchdog,consecutive_failures,"int"
20260327103832_310faf2d-3496-43d1-aba5-4264985bad7b.sql,27,browser_repair_watchdog,current_status,"text"
20260327103832_310faf2d-3496-43d1-aba5-4264985bad7b.sql,28,browser_repair_watchdog,current_issue,"text"
20260327103832_310faf2d-3496-43d1-aba5-4264985bad7b.sql,29,browser_repair_watchdog,updated_at,"timestamptz"
20260327104630_e81534c1-9513-4fe6-83ec-23a80c60a35f.sql,4,browser_telemetry_events,id,"uuid"
20260327104630_e81534c1-9513-4fe6-83ec-23a80c60a35f.sql,5,browser_telemetry_events,created_at,"timestamptz"
20260327104630_e81534c1-9513-4fe6-83ec-23a80c60a35f.sql,6,browser_telemetry_events,session_id,"text"
20260327104630_e81534c1-9513-4fe6-83ec-23a80c60a35f.sql,7,browser_telemetry_events,user_id,"uuid"
20260327104630_e81534c1-9513-4fe6-83ec-23a80c60a35f.sql,8,browser_telemetry_events,org_id,"uuid"
20260327104630_e81534c1-9513-4fe6-83ec-23a80c60a35f.sql,9,browser_telemetry_events,page_url,"text"
20260327104630_e81534c1-9513-4fe6-83ec-23a80c60a35f.sql,10,browser_telemetry_events,route_key,"text"
20260327104630_e81534c1-9513-4fe6-83ec-23a80c60a35f.sql,11,browser_telemetry_events,component_key,"text"
20260327104630_e81534c1-9513-4fe6-83ec-23a80c60a35f.sql,12,browser_telemetry_events,flow_key,"text"
20260327104630_e81534c1-9513-4fe6-83ec-23a80c60a35f.sql,13,browser_telemetry_events,event_type,"text"
20260327104630_e81534c1-9513-4fe6-83ec-23a80c60a35f.sql,14,browser_telemetry_events,severity,"text"
20260327104630_e81534c1-9513-4fe6-83ec-23a80c60a35f.sql,15,browser_telemetry_events,action_key,"text"
20260327104630_e81534c1-9513-4fe6-83ec-23a80c60a35f.sql,16,browser_telemetry_events,status,"text"
20260327104630_e81534c1-9513-4fe6-83ec-23a80c60a35f.sql,17,browser_telemetry_events,duration_ms,"integer"
20260327104630_e81534c1-9513-4fe6-83ec-23a80c60a35f.sql,18,browser_telemetry_events,message,"text"
20260327104630_e81534c1-9513-4fe6-83ec-23a80c60a35f.sql,19,browser_telemetry_events,error_stack,"text"
20260327104630_e81534c1-9513-4fe6-83ec-23a80c60a35f.sql,20,browser_telemetry_events,metadata_json,"jsonb"
20260327104630_e81534c1-9513-4fe6-83ec-23a80c60a35f.sql,31,browser_front_incidents,id,"uuid"
20260327104630_e81534c1-9513-4fe6-83ec-23a80c60a35f.sql,32,browser_front_incidents,created_at,"timestamptz"
20260327104630_e81534c1-9513-4fe6-83ec-23a80c60a35f.sql,33,browser_front_incidents,updated_at,"timestamptz"
20260327104630_e81534c1-9513-4fe6-83ec-23a80c60a35f.sql,34,browser_front_incidents,session_id,"text"
20260327104630_e81534c1-9513-4fe6-83ec-23a80c60a35f.sql,35,browser_front_incidents,user_id,"uuid"
20260327104630_e81534c1-9513-4fe6-83ec-23a80c60a35f.sql,36,browser_front_incidents,page_url,"text"
20260327104630_e81534c1-9513-4fe6-83ec-23a80c60a35f.sql,37,browser_front_incidents,route_key,"text"
20260327104630_e81534c1-9513-4fe6-83ec-23a80c60a35f.sql,38,browser_front_incidents,component_key,"text"
20260327104630_e81534c1-9513-4fe6-83ec-23a80c60a35f.sql,39,browser_front_incidents,flow_key,"text"
20260327104630_e81534c1-9513-4fe6-83ec-23a80c60a35f.sql,40,browser_front_incidents,issue_type,"text"
20260327104630_e81534c1-9513-4fe6-83ec-23a80c60a35f.sql,41,browser_front_incidents,severity,"text"
20260327104630_e81534c1-9513-4fe6-83ec-23a80c60a35f.sql,42,browser_front_incidents,title,"text"
20260327104630_e81534c1-9513-4fe6-83ec-23a80c60a35f.sql,43,browser_front_incidents,summary,"text"
20260327104630_e81534c1-9513-4fe6-83ec-23a80c60a35f.sql,44,browser_front_incidents,first_seen_at,"timestamptz"
20260327104630_e81534c1-9513-4fe6-83ec-23a80c60a35f.sql,45,browser_front_incidents,last_seen_at,"timestamptz"
20260327104630_e81534c1-9513-4fe6-83ec-23a80c60a35f.sql,46,browser_front_incidents,hit_count,"integer"
20260327104630_e81534c1-9513-4fe6-83ec-23a80c60a35f.sql,47,browser_front_incidents,auto_fix_applied,"boolean"
20260327104630_e81534c1-9513-4fe6-83ec-23a80c60a35f.sql,48,browser_front_incidents,auto_fix_summary,"text"
20260327104630_e81534c1-9513-4fe6-83ec-23a80c60a35f.sql,49,browser_front_incidents,status,"text"
20260327104630_e81534c1-9513-4fe6-83ec-23a80c60a35f.sql,50,browser_front_incidents,metadata_json,"jsonb"
20260327110420_e8b49c43-69e3-44a4-a227-b129b1fc2668.sql,36,browser_repair_runs,id,"uuid"
20260327110420_e8b49c43-69e3-44a4-a227-b129b1fc2668.sql,37,browser_repair_runs,engine_name,"text"
20260327110420_e8b49c43-69e3-44a4-a227-b129b1fc2668.sql,38,browser_repair_runs,started_at,"timestamptz"
20260327110420_e8b49c43-69e3-44a4-a227-b129b1fc2668.sql,39,browser_repair_runs,finished_at,"timestamptz"
20260327110420_e8b49c43-69e3-44a4-a227-b129b1fc2668.sql,40,browser_repair_runs,status,"text"
20260327110420_e8b49c43-69e3-44a4-a227-b129b1fc2668.sql,41,browser_repair_runs,environment,"text"
20260327110420_e8b49c43-69e3-44a4-a227-b129b1fc2668.sql,42,browser_repair_runs,scenario_count,"integer"
20260327110420_e8b49c43-69e3-44a4-a227-b129b1fc2668.sql,43,browser_repair_runs,pass_count,"integer"
20260327110420_e8b49c43-69e3-44a4-a227-b129b1fc2668.sql,44,browser_repair_runs,fail_count,"integer"
20260327110420_e8b49c43-69e3-44a4-a227-b129b1fc2668.sql,45,browser_repair_runs,fixed_count,"integer"
20260327110420_e8b49c43-69e3-44a4-a227-b129b1fc2668.sql,46,browser_repair_runs,warning_count,"integer"
20260327110420_e8b49c43-69e3-44a4-a227-b129b1fc2668.sql,47,browser_repair_runs,critical_count,"integer"
20260327110420_e8b49c43-69e3-44a4-a227-b129b1fc2668.sql,48,browser_repair_runs,total_checks,"integer"
20260327110420_e8b49c43-69e3-44a4-a227-b129b1fc2668.sql,49,browser_repair_runs,repaired_count,"integer"
20260327110420_e8b49c43-69e3-44a4-a227-b129b1fc2668.sql,50,browser_repair_runs,blocked_count,"integer"
20260327110420_e8b49c43-69e3-44a4-a227-b129b1fc2668.sql,51,browser_repair_runs,duration_ms,"integer"
20260327110420_e8b49c43-69e3-44a4-a227-b129b1fc2668.sql,52,browser_repair_runs,report_json,"jsonb"
20260327110420_e8b49c43-69e3-44a4-a227-b129b1fc2668.sql,53,browser_repair_runs,metadata_json,"jsonb"
20260327110420_e8b49c43-69e3-44a4-a227-b129b1fc2668.sql,54,browser_repair_runs,created_at,"timestamptz"
20260327110420_e8b49c43-69e3-44a4-a227-b129b1fc2668.sql,58,browser_repair_issues,id,"uuid"
20260327110420_e8b49c43-69e3-44a4-a227-b129b1fc2668.sql,59,browser_repair_issues,run_id,"uuid"
20260327110420_e8b49c43-69e3-44a4-a227-b129b1fc2668.sql,60,browser_repair_issues,page_key,"text"
20260327110420_e8b49c43-69e3-44a4-a227-b129b1fc2668.sql,61,browser_repair_issues,flow_key,"text"
20260327110420_e8b49c43-69e3-44a4-a227-b129b1fc2668.sql,62,browser_repair_issues,severity,"text"
20260327110420_e8b49c43-69e3-44a4-a227-b129b1fc2668.sql,63,browser_repair_issues,issue_type,"text"
20260327110420_e8b49c43-69e3-44a4-a227-b129b1fc2668.sql,64,browser_repair_issues,selector_or_component,"text"
20260327110420_e8b49c43-69e3-44a4-a227-b129b1fc2668.sql,65,browser_repair_issues,summary,"text"
20260327110420_e8b49c43-69e3-44a4-a227-b129b1fc2668.sql,66,browser_repair_issues,root_cause,"text"
20260327110420_e8b49c43-69e3-44a4-a227-b129b1fc2668.sql,67,browser_repair_issues,auto_fix_applied,"boolean"
20260327110420_e8b49c43-69e3-44a4-a227-b129b1fc2668.sql,68,browser_repair_issues,fix_summary,"text"
20260327110420_e8b49c43-69e3-44a4-a227-b129b1fc2668.sql,69,browser_repair_issues,verification_status,"text"
20260327110420_e8b49c43-69e3-44a4-a227-b129b1fc2668.sql,70,browser_repair_issues,metadata_json,"jsonb"
20260327110420_e8b49c43-69e3-44a4-a227-b129b1fc2668.sql,71,browser_repair_issues,created_at,"timestamptz"
20260327110420_e8b49c43-69e3-44a4-a227-b129b1fc2668.sql,75,browser_repair_actions,id,"uuid"
20260327110420_e8b49c43-69e3-44a4-a227-b129b1fc2668.sql,76,browser_repair_actions,run_id,"uuid"
20260327110420_e8b49c43-69e3-44a4-a227-b129b1fc2668.sql,77,browser_repair_actions,scenario_key,"text"
20260327110420_e8b49c43-69e3-44a4-a227-b129b1fc2668.sql,78,browser_repair_actions,step_key,"text"
20260327110420_e8b49c43-69e3-44a4-a227-b129b1fc2668.sql,79,browser_repair_actions,status,"text"
20260327110420_e8b49c43-69e3-44a4-a227-b129b1fc2668.sql,80,browser_repair_actions,elapsed_ms,"integer"
20260327110420_e8b49c43-69e3-44a4-a227-b129b1fc2668.sql,81,browser_repair_actions,details_json,"jsonb"
20260327110420_e8b49c43-69e3-44a4-a227-b129b1fc2668.sql,82,browser_repair_actions,created_at,"timestamptz"
20260327110420_e8b49c43-69e3-44a4-a227-b129b1fc2668.sql,86,browser_repair_events,id,"uuid"
20260327110420_e8b49c43-69e3-44a4-a227-b129b1fc2668.sql,87,browser_repair_events,run_id,"uuid"
20260327110420_e8b49c43-69e3-44a4-a227-b129b1fc2668.sql,88,browser_repair_events,area,"text"
20260327110420_e8b49c43-69e3-44a4-a227-b129b1fc2668.sql,89,browser_repair_events,flow,"text"
20260327110420_e8b49c43-69e3-44a4-a227-b129b1fc2668.sql,90,browser_repair_events,route,"text"
20260327110420_e8b49c43-69e3-44a4-a227-b129b1fc2668.sql,91,browser_repair_events,severity,"text"
20260327110420_e8b49c43-69e3-44a4-a227-b129b1fc2668.sql,92,browser_repair_events,issue_code,"text"
20260327110420_e8b49c43-69e3-44a4-a227-b129b1fc2668.sql,93,browser_repair_events,issue_label,"text"
20260327110420_e8b49c43-69e3-44a4-a227-b129b1fc2668.sql,94,browser_repair_events,detected_value,"text"
20260327110420_e8b49c43-69e3-44a4-a227-b129b1fc2668.sql,95,browser_repair_events,attempted_fix,"boolean"
20260327110420_e8b49c43-69e3-44a4-a227-b129b1fc2668.sql,96,browser_repair_events,fix_status,"text"
20260327110420_e8b49c43-69e3-44a4-a227-b129b1fc2668.sql,97,browser_repair_events,fix_summary,"text"
20260327110420_e8b49c43-69e3-44a4-a227-b129b1fc2668.sql,98,browser_repair_events,created_at,"timestamptz"
20260327110420_e8b49c43-69e3-44a4-a227-b129b1fc2668.sql,102,browser_repair_watchdog,id,"uuid"
20260327110420_e8b49c43-69e3-44a4-a227-b129b1fc2668.sql,103,browser_repair_watchdog,page_key,"text"
20260327110420_e8b49c43-69e3-44a4-a227-b129b1fc2668.sql,104,browser_repair_watchdog,last_seen_ok_at,"timestamptz"
20260327110420_e8b49c43-69e3-44a4-a227-b129b1fc2668.sql,105,browser_repair_watchdog,consecutive_failures,"integer"
20260327110420_e8b49c43-69e3-44a4-a227-b129b1fc2668.sql,106,browser_repair_watchdog,current_status,"text"
20260327110420_e8b49c43-69e3-44a4-a227-b129b1fc2668.sql,107,browser_repair_watchdog,current_issue,"text"
20260327110420_e8b49c43-69e3-44a4-a227-b129b1fc2668.sql,108,browser_repair_watchdog,updated_at,"timestamptz"
20260327110420_e8b49c43-69e3-44a4-a227-b129b1fc2668.sql,109,browser_repair_watchdog,created_at,"timestamptz"
20260327125830_0b66e9b6-d39e-40aa-afa4-157e22ce9861.sql,2,runtime_qa_runs,id,"uuid"
20260327125830_0b66e9b6-d39e-40aa-afa4-157e22ce9861.sql,3,runtime_qa_runs,engine_name,"text"
20260327125830_0b66e9b6-d39e-40aa-afa4-157e22ce9861.sql,4,runtime_qa_runs,scope,"text"
20260327125830_0b66e9b6-d39e-40aa-afa4-157e22ce9861.sql,5,runtime_qa_runs,started_at,"timestamptz"
20260327125830_0b66e9b6-d39e-40aa-afa4-157e22ce9861.sql,6,runtime_qa_runs,finished_at,"timestamptz"
20260327125830_0b66e9b6-d39e-40aa-afa4-157e22ce9861.sql,7,runtime_qa_runs,status,"text"
20260327125830_0b66e9b6-d39e-40aa-afa4-157e22ce9861.sql,8,runtime_qa_runs,total_modules,"integer"
20260327125830_0b66e9b6-d39e-40aa-afa4-157e22ce9861.sql,9,runtime_qa_runs,total_scenarios,"integer"
20260327125830_0b66e9b6-d39e-40aa-afa4-157e22ce9861.sql,10,runtime_qa_runs,pass_count,"integer"
20260327125830_0b66e9b6-d39e-40aa-afa4-157e22ce9861.sql,11,runtime_qa_runs,fail_count,"integer"
20260327125830_0b66e9b6-d39e-40aa-afa4-157e22ce9861.sql,12,runtime_qa_runs,degraded_count,"integer"
20260327125830_0b66e9b6-d39e-40aa-afa4-157e22ce9861.sql,13,runtime_qa_runs,fixed_count,"integer"
20260327125830_0b66e9b6-d39e-40aa-afa4-157e22ce9861.sql,14,runtime_qa_runs,critical_count,"integer"
20260327125830_0b66e9b6-d39e-40aa-afa4-157e22ce9861.sql,15,runtime_qa_runs,warning_count,"integer"
20260327125830_0b66e9b6-d39e-40aa-afa4-157e22ce9861.sql,16,runtime_qa_runs,duration_ms,"integer"
20260327125830_0b66e9b6-d39e-40aa-afa4-157e22ce9861.sql,17,runtime_qa_runs,report_json,"jsonb"
20260327125830_0b66e9b6-d39e-40aa-afa4-157e22ce9861.sql,18,runtime_qa_runs,metadata_json,"jsonb"
20260327125830_0b66e9b6-d39e-40aa-afa4-157e22ce9861.sql,19,runtime_qa_runs,created_at,"timestamptz"
20260327125830_0b66e9b6-d39e-40aa-afa4-157e22ce9861.sql,23,runtime_qa_scenarios,id,"uuid"
20260327125830_0b66e9b6-d39e-40aa-afa4-157e22ce9861.sql,24,runtime_qa_scenarios,run_id,"uuid"
20260327125830_0b66e9b6-d39e-40aa-afa4-157e22ce9861.sql,25,runtime_qa_scenarios,module_key,"text"
20260327125830_0b66e9b6-d39e-40aa-afa4-157e22ce9861.sql,26,runtime_qa_scenarios,scenario_key,"text"
20260327125830_0b66e9b6-d39e-40aa-afa4-157e22ce9861.sql,27,runtime_qa_scenarios,area,"text"
20260327125830_0b66e9b6-d39e-40aa-afa4-157e22ce9861.sql,28,runtime_qa_scenarios,route_key,"text"
20260327125830_0b66e9b6-d39e-40aa-afa4-157e22ce9861.sql,29,runtime_qa_scenarios,status,"text"
20260327125830_0b66e9b6-d39e-40aa-afa4-157e22ce9861.sql,30,runtime_qa_scenarios,severity,"text"
20260327125830_0b66e9b6-d39e-40aa-afa4-157e22ce9861.sql,31,runtime_qa_scenarios,issue_type,"text"
20260327125830_0b66e9b6-d39e-40aa-afa4-157e22ce9861.sql,32,runtime_qa_scenarios,summary,"text"
20260327125830_0b66e9b6-d39e-40aa-afa4-157e22ce9861.sql,33,runtime_qa_scenarios,root_cause,"text"
20260327125830_0b66e9b6-d39e-40aa-afa4-157e22ce9861.sql,34,runtime_qa_scenarios,auto_fix_applied,"boolean"
20260327125830_0b66e9b6-d39e-40aa-afa4-157e22ce9861.sql,35,runtime_qa_scenarios,fix_summary,"text"
20260327125830_0b66e9b6-d39e-40aa-afa4-157e22ce9861.sql,36,runtime_qa_scenarios,duration_ms,"integer"
20260327125830_0b66e9b6-d39e-40aa-afa4-157e22ce9861.sql,37,runtime_qa_scenarios,metadata_json,"jsonb"
20260327125830_0b66e9b6-d39e-40aa-afa4-157e22ce9861.sql,38,runtime_qa_scenarios,created_at,"timestamptz"
20260327125830_0b66e9b6-d39e-40aa-afa4-157e22ce9861.sql,42,runtime_qa_steps,id,"uuid"
20260327125830_0b66e9b6-d39e-40aa-afa4-157e22ce9861.sql,43,runtime_qa_steps,run_id,"uuid"
20260327125830_0b66e9b6-d39e-40aa-afa4-157e22ce9861.sql,44,runtime_qa_steps,scenario_id,"uuid"
20260327125830_0b66e9b6-d39e-40aa-afa4-157e22ce9861.sql,45,runtime_qa_steps,module_key,"text"
20260327125830_0b66e9b6-d39e-40aa-afa4-157e22ce9861.sql,46,runtime_qa_steps,scenario_key,"text"
20260327125830_0b66e9b6-d39e-40aa-afa4-157e22ce9861.sql,47,runtime_qa_steps,step_key,"text"
20260327125830_0b66e9b6-d39e-40aa-afa4-157e22ce9861.sql,48,runtime_qa_steps,status,"text"
20260327125830_0b66e9b6-d39e-40aa-afa4-157e22ce9861.sql,49,runtime_qa_steps,elapsed_ms,"integer"
20260327125830_0b66e9b6-d39e-40aa-afa4-157e22ce9861.sql,50,runtime_qa_steps,details_json,"jsonb"
20260327125830_0b66e9b6-d39e-40aa-afa4-157e22ce9861.sql,51,runtime_qa_steps,created_at,"timestamptz"
20260327125830_0b66e9b6-d39e-40aa-afa4-157e22ce9861.sql,55,runtime_qa_watchdog,id,"uuid"
20260327125830_0b66e9b6-d39e-40aa-afa4-157e22ce9861.sql,56,runtime_qa_watchdog,module_key,"text"
20260327125830_0b66e9b6-d39e-40aa-afa4-157e22ce9861.sql,57,runtime_qa_watchdog,route_key,"text"
20260327125830_0b66e9b6-d39e-40aa-afa4-157e22ce9861.sql,58,runtime_qa_watchdog,current_status,"text"
20260327125830_0b66e9b6-d39e-40aa-afa4-157e22ce9861.sql,59,runtime_qa_watchdog,consecutive_failures,"integer"
20260327125830_0b66e9b6-d39e-40aa-afa4-157e22ce9861.sql,60,runtime_qa_watchdog,last_seen_ok_at,"timestamptz"
20260327125830_0b66e9b6-d39e-40aa-afa4-157e22ce9861.sql,61,runtime_qa_watchdog,last_seen_fail_at,"timestamptz"
20260327125830_0b66e9b6-d39e-40aa-afa4-157e22ce9861.sql,62,runtime_qa_watchdog,current_issue,"text"
20260327125830_0b66e9b6-d39e-40aa-afa4-157e22ce9861.sql,63,runtime_qa_watchdog,metadata_json,"jsonb"
20260327125830_0b66e9b6-d39e-40aa-afa4-157e22ce9861.sql,64,runtime_qa_watchdog,updated_at,"timestamptz"
20260327125830_0b66e9b6-d39e-40aa-afa4-157e22ce9861.sql,65,runtime_qa_watchdog,created_at,"timestamptz"
20260327131509_e43c6e2b-2d1f-479e-bef5-2bfc0f389329.sql,3,call_sessions,id,"uuid"
20260327131509_e43c6e2b-2d1f-479e-bef5-2bfc0f389329.sql,4,call_sessions,conversation_id,"uuid"
20260327131509_e43c6e2b-2d1f-479e-bef5-2bfc0f389329.sql,5,call_sessions,caller_orbit_id,"text"
20260327131509_e43c6e2b-2d1f-479e-bef5-2bfc0f389329.sql,6,call_sessions,receiver_orbit_id,"text"
20260327131509_e43c6e2b-2d1f-479e-bef5-2bfc0f389329.sql,7,call_sessions,call_type,"text"
20260327131509_e43c6e2b-2d1f-479e-bef5-2bfc0f389329.sql,8,call_sessions,status,"text"
20260327131509_e43c6e2b-2d1f-479e-bef5-2bfc0f389329.sql,9,call_sessions,started_at,"timestamptz"
20260327131509_e43c6e2b-2d1f-479e-bef5-2bfc0f389329.sql,10,call_sessions,answered_at,"timestamptz"
20260327131509_e43c6e2b-2d1f-479e-bef5-2bfc0f389329.sql,11,call_sessions,ended_at,"timestamptz"
20260327131509_e43c6e2b-2d1f-479e-bef5-2bfc0f389329.sql,12,call_sessions,device_info,"jsonb"
20260327131509_e43c6e2b-2d1f-479e-bef5-2bfc0f389329.sql,13,call_sessions,quality_state,"text"
20260327131509_e43c6e2b-2d1f-479e-bef5-2bfc0f389329.sql,14,call_sessions,reconnect_count,"integer"
20260327131509_e43c6e2b-2d1f-479e-bef5-2bfc0f389329.sql,15,call_sessions,muted_by,"jsonb"
20260327131509_e43c6e2b-2d1f-479e-bef5-2bfc0f389329.sql,16,call_sessions,camera_off_by,"jsonb"
20260327131509_e43c6e2b-2d1f-479e-bef5-2bfc0f389329.sql,17,call_sessions,metadata,"jsonb"
20260327131509_e43c6e2b-2d1f-479e-bef5-2bfc0f389329.sql,18,call_sessions,created_at,"timestamptz"
20260327131509_e43c6e2b-2d1f-479e-bef5-2bfc0f389329.sql,19,call_sessions,updated_at,"timestamptz"
20260327131509_e43c6e2b-2d1f-479e-bef5-2bfc0f389329.sql,23,call_logs,id,"uuid"
20260327131509_e43c6e2b-2d1f-479e-bef5-2bfc0f389329.sql,24,call_logs,conversation_id,"uuid"
20260327131509_e43c6e2b-2d1f-479e-bef5-2bfc0f389329.sql,25,call_logs,session_id,"uuid"
20260327131509_e43c6e2b-2d1f-479e-bef5-2bfc0f389329.sql,26,call_logs,caller_orbit_id,"text"
20260327131509_e43c6e2b-2d1f-479e-bef5-2bfc0f389329.sql,27,call_logs,receiver_orbit_id,"text"
20260327131509_e43c6e2b-2d1f-479e-bef5-2bfc0f389329.sql,28,call_logs,call_type,"text"
20260327131509_e43c6e2b-2d1f-479e-bef5-2bfc0f389329.sql,29,call_logs,direction,"text"
20260327131509_e43c6e2b-2d1f-479e-bef5-2bfc0f389329.sql,30,call_logs,status,"text"
20260327131509_e43c6e2b-2d1f-479e-bef5-2bfc0f389329.sql,31,call_logs,started_at,"timestamptz"
20260327131509_e43c6e2b-2d1f-479e-bef5-2bfc0f389329.sql,32,call_logs,answered_at,"timestamptz"
20260327131509_e43c6e2b-2d1f-479e-bef5-2bfc0f389329.sql,33,call_logs,ended_at,"timestamptz"
20260327131509_e43c6e2b-2d1f-479e-bef5-2bfc0f389329.sql,34,call_logs,missed,"boolean"
20260327131509_e43c6e2b-2d1f-479e-bef5-2bfc0f389329.sql,35,call_logs,ended_reason,"text"
20260327131509_e43c6e2b-2d1f-479e-bef5-2bfc0f389329.sql,36,call_logs,quality_score,"numeric"
20260327131509_e43c6e2b-2d1f-479e-bef5-2bfc0f389329.sql,37,call_logs,reconnect_count,"integer"
20260327131509_e43c6e2b-2d1f-479e-bef5-2bfc0f389329.sql,38,call_logs,metadata,"jsonb"
20260327131509_e43c6e2b-2d1f-479e-bef5-2bfc0f389329.sql,39,call_logs,created_at,"timestamptz"
20260327131839_d04117c8-cb10-4653-9c32-14341aa01c8e.sql,16,orbit_media_open_logs,id,"uuid"
20260327131839_d04117c8-cb10-4653-9c32-14341aa01c8e.sql,17,orbit_media_open_logs,message_id,"uuid"
20260327131839_d04117c8-cb10-4653-9c32-14341aa01c8e.sql,18,orbit_media_open_logs,conversation_id,"uuid"
20260327131839_d04117c8-cb10-4653-9c32-14341aa01c8e.sql,19,orbit_media_open_logs,opened_by_user_id,"uuid"
20260327131839_d04117c8-cb10-4653-9c32-14341aa01c8e.sql,20,orbit_media_open_logs,opened_at,"timestamptz"
20260327131839_d04117c8-cb10-4653-9c32-14341aa01c8e.sql,21,orbit_media_open_logs,created_at,"timestamptz"
20260327132744_269515cc-461c-444c-b2a7-59168d39b99d.sql,4,app_notifications,id,"uuid"
20260327132744_269515cc-461c-444c-b2a7-59168d39b99d.sql,5,app_notifications,user_id,"uuid"
20260327132744_269515cc-461c-444c-b2a7-59168d39b99d.sql,6,app_notifications,scope,"text"
20260327132744_269515cc-461c-444c-b2a7-59168d39b99d.sql,7,app_notifications,category,"text"
20260327132744_269515cc-461c-444c-b2a7-59168d39b99d.sql,8,app_notifications,title,"text"
20260327132744_269515cc-461c-444c-b2a7-59168d39b99d.sql,9,app_notifications,body,"text"
20260327132744_269515cc-461c-444c-b2a7-59168d39b99d.sql,10,app_notifications,route,"text"
20260327132744_269515cc-461c-444c-b2a7-59168d39b99d.sql,11,app_notifications,icon,"text"
20260327132744_269515cc-461c-444c-b2a7-59168d39b99d.sql,12,app_notifications,severity,"text"
20260327132744_269515cc-461c-444c-b2a7-59168d39b99d.sql,13,app_notifications,entity_type,"text"
20260327132744_269515cc-461c-444c-b2a7-59168d39b99d.sql,14,app_notifications,entity_id,"text"
20260327132744_269515cc-461c-444c-b2a7-59168d39b99d.sql,15,app_notifications,read_at,"timestamptz"
20260327132744_269515cc-461c-444c-b2a7-59168d39b99d.sql,16,app_notifications,dismissed_at,"timestamptz"
20260327132744_269515cc-461c-444c-b2a7-59168d39b99d.sql,17,app_notifications,metadata,"jsonb"
20260327132744_269515cc-461c-444c-b2a7-59168d39b99d.sql,18,app_notifications,created_at,"timestamptz"
20260327132744_269515cc-461c-444c-b2a7-59168d39b99d.sql,19,app_notifications,updated_at,"timestamptz"
20260327132744_269515cc-461c-444c-b2a7-59168d39b99d.sql,48,orbit_contacts_v2,id,"uuid"
20260327132744_269515cc-461c-444c-b2a7-59168d39b99d.sql,49,orbit_contacts_v2,owner_user_id,"uuid"
20260327132744_269515cc-461c-444c-b2a7-59168d39b99d.sql,50,orbit_contacts_v2,peer_user_id,"uuid"
20260327132744_269515cc-461c-444c-b2a7-59168d39b99d.sql,51,orbit_contacts_v2,peer_orbit_id,"text"
20260327132744_269515cc-461c-444c-b2a7-59168d39b99d.sql,52,orbit_contacts_v2,display_name,"text"
20260327132744_269515cc-461c-444c-b2a7-59168d39b99d.sql,53,orbit_contacts_v2,email,"text"
20260327132744_269515cc-461c-444c-b2a7-59168d39b99d.sql,54,orbit_contacts_v2,phone,"text"
20260327132744_269515cc-461c-444c-b2a7-59168d39b99d.sql,55,orbit_contacts_v2,avatar_url,"text"
20260327132744_269515cc-461c-444c-b2a7-59168d39b99d.sql,56,orbit_contacts_v2,source,"text"
20260327132744_269515cc-461c-444c-b2a7-59168d39b99d.sql,57,orbit_contacts_v2,is_favorite,"boolean"
20260327132744_269515cc-461c-444c-b2a7-59168d39b99d.sql,58,orbit_contacts_v2,is_blocked,"boolean"
20260327132744_269515cc-461c-444c-b2a7-59168d39b99d.sql,59,orbit_contacts_v2,metadata,"jsonb"
20260327132744_269515cc-461c-444c-b2a7-59168d39b99d.sql,60,orbit_contacts_v2,created_at,"timestamptz"
20260327132744_269515cc-461c-444c-b2a7-59168d39b99d.sql,61,orbit_contacts_v2,updated_at,"timestamptz"
20260327132744_269515cc-461c-444c-b2a7-59168d39b99d.sql,83,orbit_user_settings_v2,user_id,"uuid"
20260327132744_269515cc-461c-444c-b2a7-59168d39b99d.sql,84,orbit_user_settings_v2,read_receipts,"boolean"
20260327132744_269515cc-461c-444c-b2a7-59168d39b99d.sql,85,orbit_user_settings_v2,typing_indicators,"boolean"
20260327132744_269515cc-461c-444c-b2a7-59168d39b99d.sql,86,orbit_user_settings_v2,last_seen_visibility,"text"
20260327132744_269515cc-461c-444c-b2a7-59168d39b99d.sql,87,orbit_user_settings_v2,profile_photo_visibility,"text"
20260327132744_269515cc-461c-444c-b2a7-59168d39b99d.sql,88,orbit_user_settings_v2,disappear_default_seconds,"integer"
20260327132744_269515cc-461c-444c-b2a7-59168d39b99d.sql,89,orbit_user_settings_v2,ghost_mode_enabled,"boolean"
20260327132744_269515cc-461c-444c-b2a7-59168d39b99d.sql,90,orbit_user_settings_v2,calls_enabled,"boolean"
20260327132744_269515cc-461c-444c-b2a7-59168d39b99d.sql,91,orbit_user_settings_v2,camera_uploads_enabled,"boolean"
20260327132744_269515cc-461c-444c-b2a7-59168d39b99d.sql,92,orbit_user_settings_v2,location_sharing_enabled,"boolean"
20260327132744_269515cc-461c-444c-b2a7-59168d39b99d.sql,93,orbit_user_settings_v2,metadata,"jsonb"
20260327132744_269515cc-461c-444c-b2a7-59168d39b99d.sql,94,orbit_user_settings_v2,created_at,"timestamptz"
20260327132744_269515cc-461c-444c-b2a7-59168d39b99d.sql,95,orbit_user_settings_v2,updated_at,"timestamptz"
20260327134444_7aee0f28-c943-4063-a395-361681ba75c7.sql,3,orbit_user_settings_v2,user_id,"uuid"
20260327134444_7aee0f28-c943-4063-a395-361681ba75c7.sql,4,orbit_user_settings_v2,read_receipts,"boolean"
20260327134444_7aee0f28-c943-4063-a395-361681ba75c7.sql,5,orbit_user_settings_v2,typing_indicators,"boolean"
20260327134444_7aee0f28-c943-4063-a395-361681ba75c7.sql,6,orbit_user_settings_v2,last_seen_visibility,"text"
20260327134444_7aee0f28-c943-4063-a395-361681ba75c7.sql,7,orbit_user_settings_v2,profile_photo_visibility,"text"
20260327134444_7aee0f28-c943-4063-a395-361681ba75c7.sql,8,orbit_user_settings_v2,disappear_default_seconds,"integer"
20260327134444_7aee0f28-c943-4063-a395-361681ba75c7.sql,9,orbit_user_settings_v2,ghost_mode_enabled,"boolean"
20260327134444_7aee0f28-c943-4063-a395-361681ba75c7.sql,10,orbit_user_settings_v2,calls_enabled,"boolean"
20260327134444_7aee0f28-c943-4063-a395-361681ba75c7.sql,11,orbit_user_settings_v2,camera_uploads_enabled,"boolean"
20260327134444_7aee0f28-c943-4063-a395-361681ba75c7.sql,12,orbit_user_settings_v2,location_sharing_enabled,"boolean"
20260327134444_7aee0f28-c943-4063-a395-361681ba75c7.sql,13,orbit_user_settings_v2,metadata,"jsonb"
20260327134444_7aee0f28-c943-4063-a395-361681ba75c7.sql,14,orbit_user_settings_v2,created_at,"timestamptz"
20260327134444_7aee0f28-c943-4063-a395-361681ba75c7.sql,15,orbit_user_settings_v2,updated_at,"timestamptz"
20260329100508_618ae161-ffe1-4bef-9056-df1535ea84ce.sql,6,user_private_data,id,"uuid"
20260329100508_618ae161-ffe1-4bef-9056-df1535ea84ce.sql,7,user_private_data,user_id,"uuid"
20260329100508_618ae161-ffe1-4bef-9056-df1535ea84ce.sql,8,user_private_data,email,"text"
20260329100508_618ae161-ffe1-4bef-9056-df1535ea84ce.sql,9,user_private_data,extra_sensitive_fields,"jsonb"
20260329100508_618ae161-ffe1-4bef-9056-df1535ea84ce.sql,10,user_private_data,created_at,"timestamptz"
20260329100508_618ae161-ffe1-4bef-9056-df1535ea84ce.sql,11,user_private_data,updated_at,"timestamptz"
20260329100508_618ae161-ffe1-4bef-9056-df1535ea84ce.sql,14,owner_private_financials,id,"uuid"
20260329100508_618ae161-ffe1-4bef-9056-df1535ea84ce.sql,15,owner_private_financials,user_id,"uuid"
20260329100508_618ae161-ffe1-4bef-9056-df1535ea84ce.sql,16,owner_private_financials,iban,"text"
20260329100508_618ae161-ffe1-4bef-9056-df1535ea84ce.sql,17,owner_private_financials,extra_financial_fields,"jsonb"
20260329100508_618ae161-ffe1-4bef-9056-df1535ea84ce.sql,18,owner_private_financials,created_at,"timestamptz"
20260329100508_618ae161-ffe1-4bef-9056-df1535ea84ce.sql,19,owner_private_financials,updated_at,"timestamptz"
20260329100508_618ae161-ffe1-4bef-9056-df1535ea84ce.sql,22,tenant_private_contacts,id,"uuid"
20260329100508_618ae161-ffe1-4bef-9056-df1535ea84ce.sql,23,tenant_private_contacts,tenant_id,"uuid"
20260329100508_618ae161-ffe1-4bef-9056-df1535ea84ce.sql,24,tenant_private_contacts,email,"text"
20260329100508_618ae161-ffe1-4bef-9056-df1535ea84ce.sql,25,tenant_private_contacts,extra_private_fields,"jsonb"
20260329100508_618ae161-ffe1-4bef-9056-df1535ea84ce.sql,26,tenant_private_contacts,created_at,"timestamptz"
20260329100508_618ae161-ffe1-4bef-9056-df1535ea84ce.sql,27,tenant_private_contacts,updated_at,"timestamptz"
20260329100508_618ae161-ffe1-4bef-9056-df1535ea84ce.sql,30,merchant_private_contacts,id,"uuid"
20260329100508_618ae161-ffe1-4bef-9056-df1535ea84ce.sql,31,merchant_private_contacts,merchant_id,"uuid"
20260329100508_618ae161-ffe1-4bef-9056-df1535ea84ce.sql,32,merchant_private_contacts,email,"text"
20260329100508_618ae161-ffe1-4bef-9056-df1535ea84ce.sql,33,merchant_private_contacts,extra_private_fields,"jsonb"
20260329100508_618ae161-ffe1-4bef-9056-df1535ea84ce.sql,34,merchant_private_contacts,created_at,"timestamptz"
20260329100508_618ae161-ffe1-4bef-9056-df1535ea84ce.sql,35,merchant_private_contacts,updated_at,"timestamptz"
20260407120000_create_missing_tables.sql,5,bookings,id,"uuid"
20260407120000_create_missing_tables.sql,6,bookings,listing_id,"uuid"
20260407120000_create_missing_tables.sql,7,bookings,buyer_user_id,"uuid"
20260407120000_create_missing_tables.sql,8,bookings,owner_user_id,"uuid"
20260407120000_create_missing_tables.sql,9,bookings,buyerOrbitId,"text"
20260407120000_create_missing_tables.sql,10,bookings,ownerOrbitId,"text"
20260407120000_create_missing_tables.sql,11,bookings,status,"text"
20260407120000_create_missing_tables.sql,12,bookings,check_in,"date"
20260407120000_create_missing_tables.sql,13,bookings,check_out,"date"
20260407120000_create_missing_tables.sql,14,bookings,amount,"numeric"
20260407120000_create_missing_tables.sql,15,bookings,currency,"text"
20260407120000_create_missing_tables.sql,16,bookings,guest_info,"jsonb"
20260407120000_create_missing_tables.sql,17,bookings,conversation_id,"text"
20260407120000_create_missing_tables.sql,18,bookings,transaction_id,"text"
20260407120000_create_missing_tables.sql,19,bookings,createdAt,"timestamptz"
20260407120000_create_missing_tables.sql,20,bookings,updated_at,"timestamptz"
20260407120000_create_missing_tables.sql,28,concierge_bookings,id,"uuid"
20260407120000_create_missing_tables.sql,29,concierge_bookings,org_id,"uuid"
20260407120000_create_missing_tables.sql,30,concierge_bookings,user_id,"uuid"
20260407120000_create_missing_tables.sql,31,concierge_bookings,service_id,"uuid"
20260407120000_create_missing_tables.sql,32,concierge_bookings,status,"text"
20260407120000_create_missing_tables.sql,33,concierge_bookings,notes,"text"
20260407120000_create_missing_tables.sql,34,concierge_bookings,scheduled_at,"timestamptz"
20260407120000_create_missing_tables.sql,35,concierge_bookings,amount,"numeric"
20260407120000_create_missing_tables.sql,36,concierge_bookings,currency,"text"
20260407120000_create_missing_tables.sql,37,concierge_bookings,created_at,"timestamptz"
20260407120000_create_missing_tables.sql,38,concierge_bookings,updated_at,"timestamptz"
20260407120000_create_missing_tables.sql,46,conversation_participants_v2,id,"uuid"
20260407120000_create_missing_tables.sql,47,conversation_participants_v2,conversation_id,"uuid"
20260407120000_create_missing_tables.sql,48,conversation_participants_v2,user_id,"uuid"
20260407120000_create_missing_tables.sql,49,conversation_participants_v2,role,"text"
20260407120000_create_missing_tables.sql,50,conversation_participants_v2,unread_count,"integer"
20260407120000_create_missing_tables.sql,51,conversation_participants_v2,last_read_at,"timestamptz"
20260407120000_create_missing_tables.sql,52,conversation_participants_v2,joined_at,"timestamptz"
20260407120000_create_missing_tables.sql,63,ghost_call_sessions,id,"uuid"
20260407120000_create_missing_tables.sql,64,ghost_call_sessions,caller_id,"uuid"
20260407120000_create_missing_tables.sql,65,ghost_call_sessions,callee_id,"uuid"
20260407120000_create_missing_tables.sql,66,ghost_call_sessions,caller_orbit_id,"text"
20260407120000_create_missing_tables.sql,67,ghost_call_sessions,callee_orbit_id,"text"
20260407120000_create_missing_tables.sql,68,ghost_call_sessions,status,"text"
20260407120000_create_missing_tables.sql,69,ghost_call_sessions,call_type,"text"
20260407120000_create_missing_tables.sql,70,ghost_call_sessions,started_at,"timestamptz"
20260407120000_create_missing_tables.sql,71,ghost_call_sessions,answered_at,"timestamptz"
20260407120000_create_missing_tables.sql,72,ghost_call_sessions,ended_at,"timestamptz"
20260407120000_create_missing_tables.sql,73,ghost_call_sessions,duration_seconds,"integer"
20260407120000_create_missing_tables.sql,74,ghost_call_sessions,metadata,"jsonb"
20260407120000_create_missing_tables.sql,75,ghost_call_sessions,created_at,"timestamptz"
20260407120000_create_missing_tables.sql,83,growth_logs,id,"uuid"
20260407120000_create_missing_tables.sql,84,growth_logs,engine_name,"text"
20260407120000_create_missing_tables.sql,85,growth_logs,action,"text"
20260407120000_create_missing_tables.sql,86,growth_logs,result,"text"
20260407120000_create_missing_tables.sql,87,growth_logs,metadata,"jsonb"
20260407120000_create_missing_tables.sql,88,growth_logs,created_at,"timestamptz"
20260407120000_create_missing_tables.sql,95,orbit_groups,id,"uuid"
20260407120000_create_missing_tables.sql,96,orbit_groups,name,"text"
20260407120000_create_missing_tables.sql,97,orbit_groups,description,"text"
20260407120000_create_missing_tables.sql,98,orbit_groups,avatar_url,"text"
20260407120000_create_missing_tables.sql,99,orbit_groups,created_by,"uuid"
20260407120000_create_missing_tables.sql,100,orbit_groups,is_public,"boolean"
20260407120000_create_missing_tables.sql,101,orbit_groups,max_members,"integer"
20260407120000_create_missing_tables.sql,102,orbit_groups,created_at,"timestamptz"
20260407120000_create_missing_tables.sql,103,orbit_groups,updated_at,"timestamptz"
20260407120000_create_missing_tables.sql,112,orbit_group_members,id,"uuid"
20260407120000_create_missing_tables.sql,113,orbit_group_members,group_id,"uuid"
20260407120000_create_missing_tables.sql,114,orbit_group_members,user_id,"uuid"
20260407120000_create_missing_tables.sql,115,orbit_group_members,role,"text"
20260407120000_create_missing_tables.sql,116,orbit_group_members,joined_at,"timestamptz"
20260407120000_create_missing_tables.sql,128,orbit_group_messages,id,"uuid"
20260407120000_create_missing_tables.sql,129,orbit_group_messages,group_id,"uuid"
20260407120000_create_missing_tables.sql,130,orbit_group_messages,sender_id,"uuid"
20260407120000_create_missing_tables.sql,131,orbit_group_messages,content,"text"
20260407120000_create_missing_tables.sql,132,orbit_group_messages,type,"text"
20260407120000_create_missing_tables.sql,133,orbit_group_messages,pinned,"boolean"
20260407120000_create_missing_tables.sql,134,orbit_group_messages,metadata,"jsonb"
20260407120000_create_missing_tables.sql,135,orbit_group_messages,created_at,"timestamptz"
20260407120000_create_missing_tables.sql,146,referral_rewards,id,"uuid"
20260407120000_create_missing_tables.sql,147,referral_rewards,referrer_user_id,"uuid"
20260407120000_create_missing_tables.sql,148,referral_rewards,referred_user_id,"uuid"
20260407120000_create_missing_tables.sql,149,referral_rewards,code,"text"
20260407120000_create_missing_tables.sql,150,referral_rewards,status,"text"
20260407120000_create_missing_tables.sql,151,referral_rewards,reward_amount,"numeric"
20260407120000_create_missing_tables.sql,152,referral_rewards,currency,"text"
20260407120000_create_missing_tables.sql,153,referral_rewards,claimed_at,"timestamptz"
20260407120000_create_missing_tables.sql,154,referral_rewards,created_at,"timestamptz"
20260407120000_create_missing_tables.sql,162,zone_events,id,"uuid"
20260407120000_create_missing_tables.sql,163,zone_events,zone_key,"text"
20260407120000_create_missing_tables.sql,164,zone_events,event_type,"text"
20260407120000_create_missing_tables.sql,165,zone_events,title,"text"
20260407120000_create_missing_tables.sql,166,zone_events,description,"text"
20260407120000_create_missing_tables.sql,167,zone_events,is_active,"boolean"
20260407120000_create_missing_tables.sql,168,zone_events,severity,"text"
20260407120000_create_missing_tables.sql,169,zone_events,metadata,"jsonb"
20260407120000_create_missing_tables.sql,170,zone_events,starts_at,"timestamptz"
20260407120000_create_missing_tables.sql,171,zone_events,ends_at,"timestamptz"
20260407120000_create_missing_tables.sql,172,zone_events,created_at,"timestamptz"
20260408120000_orbit_modules_and_missing_tables.sql,10,orbit_contacts_v2,id,"uuid"
20260408120000_orbit_modules_and_missing_tables.sql,11,orbit_contacts_v2,user_id,"uuid"
20260408120000_orbit_modules_and_missing_tables.sql,12,orbit_contacts_v2,contact_user_id,"uuid"
20260408120000_orbit_modules_and_missing_tables.sql,13,orbit_contacts_v2,display_name,"text"
20260408120000_orbit_modules_and_missing_tables.sql,14,orbit_contacts_v2,email,"text"
20260408120000_orbit_modules_and_missing_tables.sql,15,orbit_contacts_v2,phone,"text"
20260408120000_orbit_modules_and_missing_tables.sql,16,orbit_contacts_v2,orbit_id,"text"
20260408120000_orbit_modules_and_missing_tables.sql,17,orbit_contacts_v2,avatar_url,"text"
20260408120000_orbit_modules_and_missing_tables.sql,18,orbit_contacts_v2,is_favorite,"boolean"
20260408120000_orbit_modules_and_missing_tables.sql,19,orbit_contacts_v2,is_blocked,"boolean"
20260408120000_orbit_modules_and_missing_tables.sql,20,orbit_contacts_v2,notes,"text"
20260408120000_orbit_modules_and_missing_tables.sql,21,orbit_contacts_v2,metadata,"jsonb"
20260408120000_orbit_modules_and_missing_tables.sql,22,orbit_contacts_v2,created_at,"timestamptz"
20260408120000_orbit_modules_and_missing_tables.sql,23,orbit_contacts_v2,updated_at,"timestamptz"
20260408120000_orbit_modules_and_missing_tables.sql,34,orbit_identity_profiles,id,"uuid"
20260408120000_orbit_modules_and_missing_tables.sql,35,orbit_identity_profiles,user_id,"uuid"
20260408120000_orbit_modules_and_missing_tables.sql,36,orbit_identity_profiles,orbit_id,"text"
20260408120000_orbit_modules_and_missing_tables.sql,37,orbit_identity_profiles,display_name,"text"
20260408120000_orbit_modules_and_missing_tables.sql,38,orbit_identity_profiles,bio,"text"
20260408120000_orbit_modules_and_missing_tables.sql,39,orbit_identity_profiles,avatar_url,"text"
20260408120000_orbit_modules_and_missing_tables.sql,40,orbit_identity_profiles,banner_url,"text"
20260408120000_orbit_modules_and_missing_tables.sql,41,orbit_identity_profiles,status_emoji,"text"
20260408120000_orbit_modules_and_missing_tables.sql,42,orbit_identity_profiles,status_text,"text"
20260408120000_orbit_modules_and_missing_tables.sql,43,orbit_identity_profiles,ghost_mode,"boolean"
20260408120000_orbit_modules_and_missing_tables.sql,44,orbit_identity_profiles,visibility,"text"
20260408120000_orbit_modules_and_missing_tables.sql,45,orbit_identity_profiles,verified,"boolean"
20260408120000_orbit_modules_and_missing_tables.sql,46,orbit_identity_profiles,metadata,"jsonb"
20260408120000_orbit_modules_and_missing_tables.sql,47,orbit_identity_profiles,created_at,"timestamptz"
20260408120000_orbit_modules_and_missing_tables.sql,48,orbit_identity_profiles,updated_at,"timestamptz"
20260408120000_orbit_modules_and_missing_tables.sql,56,orbit_call_sessions,id,"uuid"
20260408120000_orbit_modules_and_missing_tables.sql,57,orbit_call_sessions,caller_id,"uuid"
20260408120000_orbit_modules_and_missing_tables.sql,58,orbit_call_sessions,callee_id,"uuid"
20260408120000_orbit_modules_and_missing_tables.sql,59,orbit_call_sessions,call_type,"text"
20260408120000_orbit_modules_and_missing_tables.sql,60,orbit_call_sessions,status,"text"
20260408120000_orbit_modules_and_missing_tables.sql,61,orbit_call_sessions,started_at,"timestamptz"
20260408120000_orbit_modules_and_missing_tables.sql,62,orbit_call_sessions,answered_at,"timestamptz"
20260408120000_orbit_modules_and_missing_tables.sql,63,orbit_call_sessions,ended_at,"timestamptz"
20260408120000_orbit_modules_and_missing_tables.sql,64,orbit_call_sessions,duration_seconds,"integer"
20260408120000_orbit_modules_and_missing_tables.sql,65,orbit_call_sessions,quality_score,"numeric"
20260408120000_orbit_modules_and_missing_tables.sql,66,orbit_call_sessions,metadata,"jsonb"
20260408120000_orbit_modules_and_missing_tables.sql,67,orbit_call_sessions,created_at,"timestamptz"
20260408120000_orbit_modules_and_missing_tables.sql,75,orbit_call_sessions_v2,id,"uuid"
20260408120000_orbit_modules_and_missing_tables.sql,76,orbit_call_sessions_v2,caller_id,"uuid"
20260408120000_orbit_modules_and_missing_tables.sql,77,orbit_call_sessions_v2,callee_id,"uuid"
20260408120000_orbit_modules_and_missing_tables.sql,78,orbit_call_sessions_v2,call_type,"text"
20260408120000_orbit_modules_and_missing_tables.sql,79,orbit_call_sessions_v2,status,"text"
20260408120000_orbit_modules_and_missing_tables.sql,80,orbit_call_sessions_v2,started_at,"timestamptz"
20260408120000_orbit_modules_and_missing_tables.sql,81,orbit_call_sessions_v2,answered_at,"timestamptz"
20260408120000_orbit_modules_and_missing_tables.sql,82,orbit_call_sessions_v2,ended_at,"timestamptz"
20260408120000_orbit_modules_and_missing_tables.sql,83,orbit_call_sessions_v2,duration_seconds,"integer"
20260408120000_orbit_modules_and_missing_tables.sql,84,orbit_call_sessions_v2,metadata,"jsonb"
20260408120000_orbit_modules_and_missing_tables.sql,85,orbit_call_sessions_v2,created_at,"timestamptz"
20260408120000_orbit_modules_and_missing_tables.sql,93,orbit_call_signals,id,"uuid"
20260408120000_orbit_modules_and_missing_tables.sql,94,orbit_call_signals,call_session_id,"uuid"
20260408120000_orbit_modules_and_missing_tables.sql,95,orbit_call_signals,from_user_id,"uuid"
20260408120000_orbit_modules_and_missing_tables.sql,96,orbit_call_signals,to_user_id,"uuid"
20260408120000_orbit_modules_and_missing_tables.sql,97,orbit_call_signals,signal_type,"text"
20260408120000_orbit_modules_and_missing_tables.sql,98,orbit_call_signals,payload,"jsonb"
20260408120000_orbit_modules_and_missing_tables.sql,99,orbit_call_signals,created_at,"timestamptz"
20260408120000_orbit_modules_and_missing_tables.sql,106,orbit_call_signals_v2,id,"uuid"
20260408120000_orbit_modules_and_missing_tables.sql,107,orbit_call_signals_v2,call_session_id,"uuid"
20260408120000_orbit_modules_and_missing_tables.sql,108,orbit_call_signals_v2,from_user_id,"uuid"
20260408120000_orbit_modules_and_missing_tables.sql,109,orbit_call_signals_v2,to_user_id,"uuid"
20260408120000_orbit_modules_and_missing_tables.sql,110,orbit_call_signals_v2,signal_type,"text"
20260408120000_orbit_modules_and_missing_tables.sql,111,orbit_call_signals_v2,payload,"jsonb"
20260408120000_orbit_modules_and_missing_tables.sql,112,orbit_call_signals_v2,created_at,"timestamptz"
20260408120000_orbit_modules_and_missing_tables.sql,119,orbit_device_keys,id,"uuid"
20260408120000_orbit_modules_and_missing_tables.sql,120,orbit_device_keys,user_id,"uuid"
20260408120000_orbit_modules_and_missing_tables.sql,121,orbit_device_keys,device_id,"text"
20260408120000_orbit_modules_and_missing_tables.sql,122,orbit_device_keys,public_key,"text"
20260408120000_orbit_modules_and_missing_tables.sql,123,orbit_device_keys,key_type,"text"
20260408120000_orbit_modules_and_missing_tables.sql,124,orbit_device_keys,is_active,"boolean"
20260408120000_orbit_modules_and_missing_tables.sql,125,orbit_device_keys,created_at,"timestamptz"
20260408120000_orbit_modules_and_missing_tables.sql,126,orbit_device_keys,expires_at,"timestamptz"
20260408120000_orbit_modules_and_missing_tables.sql,135,orbit_telemetry_events,id,"uuid"
20260408120000_orbit_modules_and_missing_tables.sql,136,orbit_telemetry_events,user_id,"uuid"
20260408120000_orbit_modules_and_missing_tables.sql,137,orbit_telemetry_events,event_name,"text"
20260408120000_orbit_modules_and_missing_tables.sql,138,orbit_telemetry_events,event_data,"jsonb"
20260408120000_orbit_modules_and_missing_tables.sql,139,orbit_telemetry_events,session_id,"text"
20260408120000_orbit_modules_and_missing_tables.sql,140,orbit_telemetry_events,created_at,"timestamptz"
20260408120000_orbit_modules_and_missing_tables.sql,147,orbit_media_open_logs,id,"uuid"
20260408120000_orbit_modules_and_missing_tables.sql,148,orbit_media_open_logs,user_id,"uuid"
20260408120000_orbit_modules_and_missing_tables.sql,149,orbit_media_open_logs,message_id,"uuid"
20260408120000_orbit_modules_and_missing_tables.sql,150,orbit_media_open_logs,media_type,"text"
20260408120000_orbit_modules_and_missing_tables.sql,151,orbit_media_open_logs,opened_at,"timestamptz"
20260408120000_orbit_modules_and_missing_tables.sql,157,orbit_launch_audits,id,"uuid"
20260408120000_orbit_modules_and_missing_tables.sql,158,orbit_launch_audits,audit_type,"text"
20260408120000_orbit_modules_and_missing_tables.sql,159,orbit_launch_audits,status,"text"
20260408120000_orbit_modules_and_missing_tables.sql,160,orbit_launch_audits,details,"jsonb"
20260408120000_orbit_modules_and_missing_tables.sql,161,orbit_launch_audits,created_at,"timestamptz"
20260408120000_orbit_modules_and_missing_tables.sql,172,conversation_preferences,id,"uuid"
20260408120000_orbit_modules_and_missing_tables.sql,173,conversation_preferences,user_id,"uuid"
20260408120000_orbit_modules_and_missing_tables.sql,174,conversation_preferences,conversation_id,"uuid"
20260408120000_orbit_modules_and_missing_tables.sql,175,conversation_preferences,muted,"boolean"
20260408120000_orbit_modules_and_missing_tables.sql,176,conversation_preferences,pinned,"boolean"
20260408120000_orbit_modules_and_missing_tables.sql,177,conversation_preferences,archived,"boolean"
20260408120000_orbit_modules_and_missing_tables.sql,178,conversation_preferences,notification_level,"text"
20260408120000_orbit_modules_and_missing_tables.sql,179,conversation_preferences,custom_tone,"text"
20260408120000_orbit_modules_and_missing_tables.sql,180,conversation_preferences,metadata,"jsonb"
20260408120000_orbit_modules_and_missing_tables.sql,181,conversation_preferences,created_at,"timestamptz"
20260408120000_orbit_modules_and_missing_tables.sql,182,conversation_preferences,updated_at,"timestamptz"
20260408120000_orbit_modules_and_missing_tables.sql,192,blocked_users,id,"uuid"
20260408120000_orbit_modules_and_missing_tables.sql,193,blocked_users,blocker_id,"uuid"
20260408120000_orbit_modules_and_missing_tables.sql,194,blocked_users,blocked_id,"uuid"
20260408120000_orbit_modules_and_missing_tables.sql,195,blocked_users,reason,"text"
20260408120000_orbit_modules_and_missing_tables.sql,196,blocked_users,created_at,"timestamptz"
20260408120000_orbit_modules_and_missing_tables.sql,205,conversation_threads,id,"uuid"
20260408120000_orbit_modules_and_missing_tables.sql,206,conversation_threads,conversation_id,"uuid"
20260408120000_orbit_modules_and_missing_tables.sql,207,conversation_threads,parent_message_id,"uuid"
20260408120000_orbit_modules_and_missing_tables.sql,208,conversation_threads,title,"text"
20260408120000_orbit_modules_and_missing_tables.sql,209,conversation_threads,status,"text"
20260408120000_orbit_modules_and_missing_tables.sql,210,conversation_threads,created_by,"uuid"
20260408120000_orbit_modules_and_missing_tables.sql,211,conversation_threads,created_at,"timestamptz"
20260408120000_orbit_modules_and_missing_tables.sql,212,conversation_threads,updated_at,"timestamptz"
20260408120000_orbit_modules_and_missing_tables.sql,223,wallet_accounts,id,"uuid"
20260408120000_orbit_modules_and_missing_tables.sql,224,wallet_accounts,user_id,"uuid"
20260408120000_orbit_modules_and_missing_tables.sql,225,wallet_accounts,currency,"text"
20260408120000_orbit_modules_and_missing_tables.sql,226,wallet_accounts,balance,"numeric"
20260408120000_orbit_modules_and_missing_tables.sql,227,wallet_accounts,status,"text"
20260408120000_orbit_modules_and_missing_tables.sql,228,wallet_accounts,is_default,"boolean"
20260408120000_orbit_modules_and_missing_tables.sql,229,wallet_accounts,created_at,"timestamptz"
20260408120000_orbit_modules_and_missing_tables.sql,230,wallet_accounts,updated_at,"timestamptz"
20260408120000_orbit_modules_and_missing_tables.sql,239,wallet_transactions,id,"uuid"
20260408120000_orbit_modules_and_missing_tables.sql,240,wallet_transactions,sender_id,"uuid"
20260408120000_orbit_modules_and_missing_tables.sql,241,wallet_transactions,recipient_id,"uuid"
20260408120000_orbit_modules_and_missing_tables.sql,242,wallet_transactions,amount,"numeric"
20260408120000_orbit_modules_and_missing_tables.sql,243,wallet_transactions,currency,"text"
20260408120000_orbit_modules_and_missing_tables.sql,244,wallet_transactions,title,"text"
20260408120000_orbit_modules_and_missing_tables.sql,245,wallet_transactions,description,"text"
20260408120000_orbit_modules_and_missing_tables.sql,246,wallet_transactions,status,"text"
20260408120000_orbit_modules_and_missing_tables.sql,247,wallet_transactions,type,"text"
20260408120000_orbit_modules_and_missing_tables.sql,248,wallet_transactions,reference,"text"
20260408120000_orbit_modules_and_missing_tables.sql,249,wallet_transactions,metadata,"jsonb"
20260408120000_orbit_modules_and_missing_tables.sql,250,wallet_transactions,created_at,"timestamptz"
20260408120000_orbit_modules_and_missing_tables.sql,259,wallet_ledger_entries,id,"uuid"
20260408120000_orbit_modules_and_missing_tables.sql,260,wallet_ledger_entries,wallet_account_id,"uuid"
20260408120000_orbit_modules_and_missing_tables.sql,261,wallet_ledger_entries,user_id,"uuid"
20260408120000_orbit_modules_and_missing_tables.sql,262,wallet_ledger_entries,amount,"numeric"
20260408120000_orbit_modules_and_missing_tables.sql,263,wallet_ledger_entries,balance_after,"numeric"
20260408120000_orbit_modules_and_missing_tables.sql,264,wallet_ledger_entries,entry_type,"text"
20260408120000_orbit_modules_and_missing_tables.sql,265,wallet_ledger_entries,reference_id,"uuid"
20260408120000_orbit_modules_and_missing_tables.sql,266,wallet_ledger_entries,description,"text"
20260408120000_orbit_modules_and_missing_tables.sql,267,wallet_ledger_entries,created_at,"timestamptz"
20260408120000_orbit_modules_and_missing_tables.sql,277,user_key_bundles,id,"uuid"
20260408120000_orbit_modules_and_missing_tables.sql,278,user_key_bundles,user_id,"uuid"
20260408120000_orbit_modules_and_missing_tables.sql,279,user_key_bundles,identity_key,"text"
20260408120000_orbit_modules_and_missing_tables.sql,280,user_key_bundles,signed_pre_key,"text"
20260408120000_orbit_modules_and_missing_tables.sql,281,user_key_bundles,one_time_keys,"jsonb"
20260408120000_orbit_modules_and_missing_tables.sql,282,user_key_bundles,created_at,"timestamptz"
20260408120000_orbit_modules_and_missing_tables.sql,283,user_key_bundles,updated_at,"timestamptz"
20260408120000_orbit_modules_and_missing_tables.sql,291,user_presence,id,"uuid"
20260408120000_orbit_modules_and_missing_tables.sql,292,user_presence,user_id,"uuid"
20260408120000_orbit_modules_and_missing_tables.sql,293,user_presence,status,"text"
20260408120000_orbit_modules_and_missing_tables.sql,294,user_presence,last_seen_at,"timestamptz"
20260408120000_orbit_modules_and_missing_tables.sql,295,user_presence,device_info,"jsonb"
20260408120000_orbit_modules_and_missing_tables.sql,296,user_presence,updated_at,"timestamptz"
20260408120000_orbit_modules_and_missing_tables.sql,304,user_notification_preferences,id,"uuid"
20260408120000_orbit_modules_and_missing_tables.sql,305,user_notification_preferences,user_id,"uuid"
20260408120000_orbit_modules_and_missing_tables.sql,306,user_notification_preferences,push_enabled,"boolean"
20260408120000_orbit_modules_and_missing_tables.sql,307,user_notification_preferences,email_enabled,"boolean"
20260408120000_orbit_modules_and_missing_tables.sql,308,user_notification_preferences,sms_enabled,"boolean"
20260408120000_orbit_modules_and_missing_tables.sql,309,user_notification_preferences,quiet_hours_start,"time"
20260408120000_orbit_modules_and_missing_tables.sql,310,user_notification_preferences,quiet_hours_end,"time"
20260408120000_orbit_modules_and_missing_tables.sql,311,user_notification_preferences,channels,"jsonb"
20260408120000_orbit_modules_and_missing_tables.sql,312,user_notification_preferences,created_at,"timestamptz"
20260408120000_orbit_modules_and_missing_tables.sql,313,user_notification_preferences,updated_at,"timestamptz"
20260408120000_orbit_modules_and_missing_tables.sql,325,vault_files,id,"uuid"
20260408120000_orbit_modules_and_missing_tables.sql,326,vault_files,user_id,"uuid"
20260408120000_orbit_modules_and_missing_tables.sql,327,vault_files,file_name,"text"
20260408120000_orbit_modules_and_missing_tables.sql,328,vault_files,file_path,"text"
20260408120000_orbit_modules_and_missing_tables.sql,329,vault_files,file_type,"text"
20260408120000_orbit_modules_and_missing_tables.sql,330,vault_files,file_size,"bigint"
20260408120000_orbit_modules_and_missing_tables.sql,331,vault_files,category,"text"
20260408120000_orbit_modules_and_missing_tables.sql,332,vault_files,is_encrypted,"boolean"
20260408120000_orbit_modules_and_missing_tables.sql,333,vault_files,metadata,"jsonb"
20260408120000_orbit_modules_and_missing_tables.sql,334,vault_files,created_at,"timestamptz"
20260408120000_orbit_modules_and_missing_tables.sql,335,vault_files,updated_at,"timestamptz"
20260408120000_orbit_modules_and_missing_tables.sql,347,ai_category_suggestions,id,"uuid"
20260408120000_orbit_modules_and_missing_tables.sql,348,ai_category_suggestions,entity_id,"uuid"
20260408120000_orbit_modules_and_missing_tables.sql,349,ai_category_suggestions,suggested_category,"text"
20260408120000_orbit_modules_and_missing_tables.sql,350,ai_category_suggestions,confidence,"numeric"
20260408120000_orbit_modules_and_missing_tables.sql,351,ai_category_suggestions,accepted,"boolean"
20260408120000_orbit_modules_and_missing_tables.sql,352,ai_category_suggestions,created_at,"timestamptz"
20260408120000_orbit_modules_and_missing_tables.sql,358,verticals,id,"uuid"
20260408120000_orbit_modules_and_missing_tables.sql,359,verticals,key,"text"
20260408120000_orbit_modules_and_missing_tables.sql,360,verticals,name,"text"
20260408120000_orbit_modules_and_missing_tables.sql,361,verticals,description,"text"
20260408120000_orbit_modules_and_missing_tables.sql,362,verticals,icon,"text"
20260408120000_orbit_modules_and_missing_tables.sql,363,verticals,color,"text"
20260408120000_orbit_modules_and_missing_tables.sql,364,verticals,is_active,"boolean"
20260408120000_orbit_modules_and_missing_tables.sql,365,verticals,sort_order,"integer"
20260408120000_orbit_modules_and_missing_tables.sql,366,verticals,created_at,"timestamptz"
20260408120000_orbit_modules_and_missing_tables.sql,372,categories,id,"uuid"
20260408120000_orbit_modules_and_missing_tables.sql,373,categories,vertical_id,"uuid"
20260408120000_orbit_modules_and_missing_tables.sql,374,categories,key,"text"
20260408120000_orbit_modules_and_missing_tables.sql,375,categories,name,"text"
20260408120000_orbit_modules_and_missing_tables.sql,376,categories,parent_id,"uuid"
20260408120000_orbit_modules_and_missing_tables.sql,377,categories,icon,"text"
20260408120000_orbit_modules_and_missing_tables.sql,378,categories,is_active,"boolean"
20260408120000_orbit_modules_and_missing_tables.sql,379,categories,sort_order,"integer"
20260408120000_orbit_modules_and_missing_tables.sql,380,categories,created_at,"timestamptz"
20260408120000_orbit_modules_and_missing_tables.sql,387,onboarding_review_queue,id,"uuid"
20260408120000_orbit_modules_and_missing_tables.sql,388,onboarding_review_queue,entity_id,"uuid"
20260408120000_orbit_modules_and_missing_tables.sql,389,onboarding_review_queue,entity_type,"text"
20260408120000_orbit_modules_and_missing_tables.sql,390,onboarding_review_queue,status,"text"
20260408120000_orbit_modules_and_missing_tables.sql,391,onboarding_review_queue,priority,"integer"
20260408120000_orbit_modules_and_missing_tables.sql,392,onboarding_review_queue,assigned_to,"uuid"
20260408120000_orbit_modules_and_missing_tables.sql,393,onboarding_review_queue,notes,"text"
20260408120000_orbit_modules_and_missing_tables.sql,394,onboarding_review_queue,metadata,"jsonb"
20260408120000_orbit_modules_and_missing_tables.sql,395,onboarding_review_queue,created_at,"timestamptz"
20260408120000_orbit_modules_and_missing_tables.sql,396,onboarding_review_queue,updated_at,"timestamptz"
20260408120000_orbit_modules_and_missing_tables.sql,402,onboarding_review_actions,id,"uuid"
20260408120000_orbit_modules_and_missing_tables.sql,403,onboarding_review_actions,review_id,"uuid"
20260408120000_orbit_modules_and_missing_tables.sql,404,onboarding_review_actions,action_type,"text"
20260408120000_orbit_modules_and_missing_tables.sql,405,onboarding_review_actions,performed_by,"uuid"
20260408120000_orbit_modules_and_missing_tables.sql,406,onboarding_review_actions,details,"jsonb"
20260408120000_orbit_modules_and_missing_tables.sql,407,onboarding_review_actions,created_at,"timestamptz"
20260408120000_orbit_modules_and_missing_tables.sql,413,onboarding_recrawl_jobs,id,"uuid"
20260408120000_orbit_modules_and_missing_tables.sql,414,onboarding_recrawl_jobs,entity_id,"uuid"
20260408120000_orbit_modules_and_missing_tables.sql,415,onboarding_recrawl_jobs,url,"text"
20260408120000_orbit_modules_and_missing_tables.sql,416,onboarding_recrawl_jobs,status,"text"
20260408120000_orbit_modules_and_missing_tables.sql,417,onboarding_recrawl_jobs,result,"jsonb"
20260408120000_orbit_modules_and_missing_tables.sql,418,onboarding_recrawl_jobs,created_at,"timestamptz"
20260408120000_orbit_modules_and_missing_tables.sql,419,onboarding_recrawl_jobs,completed_at,"timestamptz"
20260408120000_orbit_modules_and_missing_tables.sql,424,entity_pipeline_queue,id,"uuid"
20260408120000_orbit_modules_and_missing_tables.sql,425,entity_pipeline_queue,entity_url,"text"
20260408120000_orbit_modules_and_missing_tables.sql,426,entity_pipeline_queue,entity_type,"text"
20260408120000_orbit_modules_and_missing_tables.sql,427,entity_pipeline_queue,status,"text"
20260408120000_orbit_modules_and_missing_tables.sql,428,entity_pipeline_queue,priority,"integer"
20260408120000_orbit_modules_and_missing_tables.sql,429,entity_pipeline_queue,result,"jsonb"
20260408120000_orbit_modules_and_missing_tables.sql,430,entity_pipeline_queue,error,"text"
20260408120000_orbit_modules_and_missing_tables.sql,431,entity_pipeline_queue,created_at,"timestamptz"
20260408120000_orbit_modules_and_missing_tables.sql,432,entity_pipeline_queue,processed_at,"timestamptz"
20260408120000_orbit_modules_and_missing_tables.sql,441,engine_supervisor,id,"uuid"
20260408120000_orbit_modules_and_missing_tables.sql,442,engine_supervisor,engine_name,"text"
20260408120000_orbit_modules_and_missing_tables.sql,443,engine_supervisor,status,"text"
20260408120000_orbit_modules_and_missing_tables.sql,444,engine_supervisor,last_run_at,"timestamptz"
20260408120000_orbit_modules_and_missing_tables.sql,445,engine_supervisor,next_run_at,"timestamptz"
20260408120000_orbit_modules_and_missing_tables.sql,446,engine_supervisor,config,"jsonb"
20260408120000_orbit_modules_and_missing_tables.sql,447,engine_supervisor,metrics,"jsonb"
20260408120000_orbit_modules_and_missing_tables.sql,448,engine_supervisor,created_at,"timestamptz"
20260408120000_orbit_modules_and_missing_tables.sql,449,engine_supervisor,updated_at,"timestamptz"
20260408120000_orbit_modules_and_missing_tables.sql,454,seed_merchants,id,"uuid"
20260408120000_orbit_modules_and_missing_tables.sql,455,seed_merchants,name,"text"
20260408120000_orbit_modules_and_missing_tables.sql,456,seed_merchants,category,"text"
20260408120000_orbit_modules_and_missing_tables.sql,457,seed_merchants,url,"text"
20260408120000_orbit_modules_and_missing_tables.sql,458,seed_merchants,location_text,"text"
20260408120000_orbit_modules_and_missing_tables.sql,459,seed_merchants,lat,"numeric"
20260408120000_orbit_modules_and_missing_tables.sql,460,seed_merchants,lng,"numeric"
20260408120000_orbit_modules_and_missing_tables.sql,461,seed_merchants,status,"text"
20260408120000_orbit_modules_and_missing_tables.sql,462,seed_merchants,metadata,"jsonb"
20260408120000_orbit_modules_and_missing_tables.sql,463,seed_merchants,created_at,"timestamptz"
20260411140000_scheduled_calls.sql,2,scheduled_calls,id,"uuid"
20260411140000_scheduled_calls.sql,3,scheduled_calls,user_id,"uuid"
20260411140000_scheduled_calls.sql,4,scheduled_calls,contact_user_id,"uuid"
20260411140000_scheduled_calls.sql,5,scheduled_calls,contact_orbit_id,"text"
20260411140000_scheduled_calls.sql,6,scheduled_calls,contact_name,"text"
20260411140000_scheduled_calls.sql,7,scheduled_calls,call_type,"text"
20260411140000_scheduled_calls.sql,8,scheduled_calls,scheduled_at,"timestamptz"
20260411140000_scheduled_calls.sql,9,scheduled_calls,status,"text"
20260411140000_scheduled_calls.sql,10,scheduled_calls,created_at,"timestamptz"
20260411140000_scheduled_calls.sql,11,scheduled_calls,updated_at,"timestamptz"
20260411150000_canonical_content_architecture.sql,145,taxonomy_families,id,"uuid"
20260411150000_canonical_content_architecture.sql,146,taxonomy_families,vertical,"canonical_vertical"
20260411150000_canonical_content_architecture.sql,147,taxonomy_families,label,"text"
20260411150000_canonical_content_architecture.sql,148,taxonomy_families,default_media_kinds,"text[]"
20260411150000_canonical_content_architecture.sql,149,taxonomy_families,default_card_template,"text"
20260411150000_canonical_content_architecture.sql,150,taxonomy_families,created_at,"timestamptz"
20260411150000_canonical_content_architecture.sql,151,taxonomy_families,updated_at,"timestamptz"
20260411150000_canonical_content_architecture.sql,155,taxonomy_categories,id,"uuid"
20260411150000_canonical_content_architecture.sql,156,taxonomy_categories,family_id,"uuid"
20260411150000_canonical_content_architecture.sql,157,taxonomy_categories,key,"text"
20260411150000_canonical_content_architecture.sql,158,taxonomy_categories,label,"text"
20260411150000_canonical_content_architecture.sql,159,taxonomy_categories,aliases,"text[]"
20260411150000_canonical_content_architecture.sql,160,taxonomy_categories,created_at,"timestamptz"
20260411150000_canonical_content_architecture.sql,165,taxonomy_subcategories,id,"uuid"
20260411150000_canonical_content_architecture.sql,166,taxonomy_subcategories,category_id,"uuid"
20260411150000_canonical_content_architecture.sql,167,taxonomy_subcategories,key,"text"
20260411150000_canonical_content_architecture.sql,168,taxonomy_subcategories,label,"text"
20260411150000_canonical_content_architecture.sql,169,taxonomy_subcategories,aliases,"text[]"
20260411150000_canonical_content_architecture.sql,170,taxonomy_subcategories,created_at,"timestamptz"
20260411150000_canonical_content_architecture.sql,175,canonical_types,id,"uuid"
20260411150000_canonical_content_architecture.sql,176,canonical_types,subcategory_id,"uuid"
20260411150000_canonical_content_architecture.sql,177,canonical_types,key,"text"
20260411150000_canonical_content_architecture.sql,178,canonical_types,label,"text"
20260411150000_canonical_content_architecture.sql,179,canonical_types,allowed_media_kinds,"text[]"
20260411150000_canonical_content_architecture.sql,180,canonical_types,required_fields,"text[]"
20260411150000_canonical_content_architecture.sql,181,canonical_types,optional_fields,"text[]"
20260411150000_canonical_content_architecture.sql,182,canonical_types,allowed_card_templates,"text[]"
20260411150000_canonical_content_architecture.sql,183,canonical_types,aliases,"text[]"
20260411150000_canonical_content_architecture.sql,184,canonical_types,created_at,"timestamptz"
20260411150000_canonical_content_architecture.sql,189,canonical_subtypes,id,"uuid"
20260411150000_canonical_content_architecture.sql,190,canonical_subtypes,canonical_type_id,"uuid"
20260411150000_canonical_content_architecture.sql,191,canonical_subtypes,key,"text"
20260411150000_canonical_content_architecture.sql,192,canonical_subtypes,label,"text"
20260411150000_canonical_content_architecture.sql,193,canonical_subtypes,aliases,"text[]"
20260411150000_canonical_content_architecture.sql,194,canonical_subtypes,created_at,"timestamptz"
20260411150000_canonical_content_architecture.sql,199,canonical_aliases,id,"uuid"
20260411150000_canonical_content_architecture.sql,200,canonical_aliases,alias,"text"
20260411150000_canonical_content_architecture.sql,201,canonical_aliases,canonical_path,"text"
20260411150000_canonical_content_architecture.sql,202,canonical_aliases,confidence,"numeric(3,2)"
20260411150000_canonical_content_architecture.sql,203,canonical_aliases,created_at,"timestamptz"
20260411150000_canonical_content_architecture.sql,212,raw_entities,id,"uuid"
20260411150000_canonical_content_architecture.sql,213,raw_entities,source_id,"text"
20260411150000_canonical_content_architecture.sql,214,raw_entities,source_type,"import_source_type"
20260411150000_canonical_content_architecture.sql,215,raw_entities,source_url,"text"
20260411150000_canonical_content_architecture.sql,216,raw_entities,raw_name,"text"
20260411150000_canonical_content_architecture.sql,217,raw_entities,raw_address,"text"
20260411150000_canonical_content_architecture.sql,218,raw_entities,raw_phone,"text"
20260411150000_canonical_content_architecture.sql,219,raw_entities,raw_email,"text"
20260411150000_canonical_content_architecture.sql,220,raw_entities,raw_website,"text"
20260411150000_canonical_content_architecture.sql,221,raw_entities,raw_category,"text"
20260411150000_canonical_content_architecture.sql,222,raw_entities,raw_subcategory,"text"
20260411150000_canonical_content_architecture.sql,223,raw_entities,raw_description,"text"
20260411150000_canonical_content_architecture.sql,224,raw_entities,raw_lat,"double"
20260411150000_canonical_content_architecture.sql,225,raw_entities,raw_lng,"double"
20260411150000_canonical_content_architecture.sql,226,raw_entities,raw_image_urls,"text[]"
20260411150000_canonical_content_architecture.sql,227,raw_entities,raw_metadata,"jsonb"
20260411150000_canonical_content_architecture.sql,228,raw_entities,import_job_id,"uuid"
20260411150000_canonical_content_architecture.sql,229,raw_entities,status,"text"
20260411150000_canonical_content_architecture.sql,231,raw_entities,created_at,"timestamptz"
20260411150000_canonical_content_architecture.sql,235,normalized_entities,id,"uuid"
20260411150000_canonical_content_architecture.sql,236,normalized_entities,raw_entity_id,"uuid"
20260411150000_canonical_content_architecture.sql,237,normalized_entities,normalized_name,"text"
20260411150000_canonical_content_architecture.sql,238,normalized_entities,normalized_address,"text"
20260411150000_canonical_content_architecture.sql,239,normalized_entities,normalized_city,"text"
20260411150000_canonical_content_architecture.sql,240,normalized_entities,normalized_country,"text"
20260411150000_canonical_content_architecture.sql,241,normalized_entities,normalized_country_code,"text"
20260411150000_canonical_content_architecture.sql,242,normalized_entities,normalized_phone,"text"
20260411150000_canonical_content_architecture.sql,243,normalized_entities,normalized_email,"text"
20260411150000_canonical_content_architecture.sql,244,normalized_entities,normalized_website,"text"
20260411150000_canonical_content_architecture.sql,245,normalized_entities,normalized_lat,"double"
20260411150000_canonical_content_architecture.sql,246,normalized_entities,normalized_lng,"double"
20260411150000_canonical_content_architecture.sql,247,normalized_entities,normalized_description,"text"
20260411150000_canonical_content_architecture.sql,248,normalized_entities,normalized_category_hint,"text"
20260411150000_canonical_content_architecture.sql,249,normalized_entities,normalized_subcategory_hint,"text"
20260411150000_canonical_content_architecture.sql,250,normalized_entities,normalized_image_urls,"text[]"
20260411150000_canonical_content_architecture.sql,251,normalized_entities,source_provenance,"jsonb"
20260411150000_canonical_content_architecture.sql,252,normalized_entities,status,"entity_lifecycle_status"
20260411150000_canonical_content_architecture.sql,253,normalized_entities,created_at,"timestamptz"
20260411150000_canonical_content_architecture.sql,257,canonical_entities,id,"uuid"
20260411150000_canonical_content_architecture.sql,258,canonical_entities,normalized_entity_id,"uuid"
20260411150000_canonical_content_architecture.sql,259,canonical_entities,vertical,"canonical_vertical"
20260411150000_canonical_content_architecture.sql,260,canonical_entities,category,"text"
20260411150000_canonical_content_architecture.sql,261,canonical_entities,subcategory,"text"
20260411150000_canonical_content_architecture.sql,262,canonical_entities,canonical_type,"text"
20260411150000_canonical_content_architecture.sql,263,canonical_entities,canonical_subtype,"text"
20260411150000_canonical_content_architecture.sql,264,canonical_entities,canonical_path,"text"
20260411150000_canonical_content_architecture.sql,265,canonical_entities,confidence_score,"numeric(5,4)"
20260411150000_canonical_content_architecture.sql,266,canonical_entities,confidence_band,"confidence_band"
20260411150000_canonical_content_architecture.sql,267,canonical_entities,mapper_version,"text"
20260411150000_canonical_content_architecture.sql,268,canonical_entities,validation_status,"entity_lifecycle_status"
20260411150000_canonical_content_architecture.sql,269,canonical_entities,publish_status,"entity_lifecycle_status"
20260411150000_canonical_content_architecture.sql,270,canonical_entities,review_required,"boolean"
20260411150000_canonical_content_architecture.sql,271,canonical_entities,name,"text"
20260411150000_canonical_content_architecture.sql,272,canonical_entities,description,"text"
20260411150000_canonical_content_architecture.sql,273,canonical_entities,address,"text"
20260411150000_canonical_content_architecture.sql,274,canonical_entities,city,"text"
20260411150000_canonical_content_architecture.sql,275,canonical_entities,country,"text"
20260411150000_canonical_content_architecture.sql,276,canonical_entities,country_code,"text"
20260411150000_canonical_content_architecture.sql,277,canonical_entities,phone,"text"
20260411150000_canonical_content_architecture.sql,278,canonical_entities,email,"text"
20260411150000_canonical_content_architecture.sql,279,canonical_entities,website,"text"
20260411150000_canonical_content_architecture.sql,280,canonical_entities,lat,"double"
20260411150000_canonical_content_architecture.sql,281,canonical_entities,lng,"double"
20260411150000_canonical_content_architecture.sql,282,canonical_entities,metadata,"jsonb"
20260411150000_canonical_content_architecture.sql,283,canonical_entities,source_provenance,"jsonb"
20260411150000_canonical_content_architecture.sql,284,canonical_entities,created_at,"timestamptz"
20260411150000_canonical_content_architecture.sql,285,canonical_entities,updated_at,"timestamptz"
20260411150000_canonical_content_architecture.sql,289,entity_validation_results,id,"uuid"
20260411150000_canonical_content_architecture.sql,290,entity_validation_results,canonical_entity_id,"uuid"
20260411150000_canonical_content_architecture.sql,291,entity_validation_results,gate_id,"validation_gate_id"
20260411150000_canonical_content_architecture.sql,292,entity_validation_results,result,"gate_result"
20260411150000_canonical_content_architecture.sql,293,entity_validation_results,details,"text"
20260411150000_canonical_content_architecture.sql,294,entity_validation_results,risk_flags,"text[]"
20260411150000_canonical_content_architecture.sql,295,entity_validation_results,checked_at,"timestamptz"
20260411150000_canonical_content_architecture.sql,299,entity_publish_states,id,"uuid"
20260411150000_canonical_content_architecture.sql,300,entity_publish_states,canonical_entity_id,"uuid"
20260411150000_canonical_content_architecture.sql,301,entity_publish_states,status,"entity_lifecycle_status"
20260411150000_canonical_content_architecture.sql,302,entity_publish_states,published_at,"timestamptz"
20260411150000_canonical_content_architecture.sql,303,entity_publish_states,unpublished_at,"timestamptz"
20260411150000_canonical_content_architecture.sql,304,entity_publish_states,locks,"lock_type[]"
20260411150000_canonical_content_architecture.sql,305,entity_publish_states,completeness_score,"numeric(5,2)"
20260411150000_canonical_content_architecture.sql,306,entity_publish_states,last_validated_at,"timestamptz"
20260411150000_canonical_content_architecture.sql,307,entity_publish_states,reviewer_id,"uuid"
20260411150000_canonical_content_architecture.sql,308,entity_publish_states,review_notes,"text"
20260411150000_canonical_content_architecture.sql,316,media_assets,id,"uuid"
20260411150000_canonical_content_architecture.sql,317,media_assets,entity_id,"uuid"
20260411150000_canonical_content_architecture.sql,318,media_assets,source_url,"text"
20260411150000_canonical_content_architecture.sql,319,media_assets,source_type,"import_source_type"
20260411150000_canonical_content_architecture.sql,320,media_assets,source_provenance,"text"
20260411150000_canonical_content_architecture.sql,321,media_assets,stored_url,"text"
20260411150000_canonical_content_architecture.sql,322,media_assets,thumbnail_url,"text"
20260411150000_canonical_content_architecture.sql,323,media_assets,width,"integer"
20260411150000_canonical_content_architecture.sql,324,media_assets,height,"integer"
20260411150000_canonical_content_architecture.sql,325,media_assets,size_bytes,"bigint"
20260411150000_canonical_content_architecture.sql,326,media_assets,format,"text"
20260411150000_canonical_content_architecture.sql,327,media_assets,fingerprint,"text"
20260411150000_canonical_content_architecture.sql,328,media_assets,detected_media_kind,"text"
20260411150000_canonical_content_architecture.sql,329,media_assets,entity_match_confidence,"numeric(5,4)"
20260411150000_canonical_content_architecture.sql,330,media_assets,vertical_match_confidence,"numeric(5,4)"
20260411150000_canonical_content_architecture.sql,331,media_assets,quality_score,"numeric(5,2)"
20260411150000_canonical_content_architecture.sql,332,media_assets,verification_status,"media_lifecycle_status"
20260411150000_canonical_content_architecture.sql,333,media_assets,moderation_status,"moderation_status"
20260411150000_canonical_content_architecture.sql,334,media_assets,lock_status,"media_lock_status"
20260411150000_canonical_content_architecture.sql,335,media_assets,is_primary,"boolean"
20260411150000_canonical_content_architecture.sql,336,media_assets,rejection_reason,"text"
20260411150000_canonical_content_architecture.sql,337,media_assets,created_at,"timestamptz"
20260411150000_canonical_content_architecture.sql,338,media_assets,updated_at,"timestamptz"
20260411150000_canonical_content_architecture.sql,342,media_analysis_results,id,"uuid"
20260411150000_canonical_content_architecture.sql,343,media_analysis_results,media_asset_id,"uuid"
20260411150000_canonical_content_architecture.sql,344,media_analysis_results,detected_media_kind,"text"
20260411150000_canonical_content_architecture.sql,345,media_analysis_results,detected_labels,"text[]"
20260411150000_canonical_content_architecture.sql,346,media_analysis_results,entity_match_confidence,"numeric(5,4)"
20260411150000_canonical_content_architecture.sql,347,media_analysis_results,vertical_match_confidence,"numeric(5,4)"
20260411150000_canonical_content_architecture.sql,348,media_analysis_results,is_stock,"boolean"
20260411150000_canonical_content_architecture.sql,349,media_analysis_results,has_watermark,"boolean"
20260411150000_canonical_content_architecture.sql,350,media_analysis_results,is_duplicate,"boolean"
20260411150000_canonical_content_architecture.sql,351,media_analysis_results,duplicate_of_id,"uuid"
20260411150000_canonical_content_architecture.sql,352,media_analysis_results,quality_score,"numeric(5,2)"
20260411150000_canonical_content_architecture.sql,353,media_analysis_results,analysis_version,"text"
20260411150000_canonical_content_architecture.sql,354,media_analysis_results,analyzed_at,"timestamptz"
20260411150000_canonical_content_architecture.sql,358,media_fingerprints,id,"uuid"
20260411150000_canonical_content_architecture.sql,359,media_fingerprints,media_asset_id,"uuid"
20260411150000_canonical_content_architecture.sql,360,media_fingerprints,perceptual_hash,"text"
20260411150000_canonical_content_architecture.sql,361,media_fingerprints,url_hash,"text"
20260411150000_canonical_content_architecture.sql,362,media_fingerprints,created_at,"timestamptz"
20260411150000_canonical_content_architecture.sql,370,quarantine_queue,id,"uuid"
20260411150000_canonical_content_architecture.sql,371,quarantine_queue,entity_id,"uuid"
20260411150000_canonical_content_architecture.sql,372,quarantine_queue,media_asset_id,"uuid"
20260411150000_canonical_content_architecture.sql,373,quarantine_queue,reason,"quarantine_reason"
20260411150000_canonical_content_architecture.sql,374,quarantine_queue,details,"text"
20260411150000_canonical_content_architecture.sql,375,quarantine_queue,failed_gates,"validation_gate_id[]"
20260411150000_canonical_content_architecture.sql,376,quarantine_queue,confidence_score,"numeric(5,4)"
20260411150000_canonical_content_architecture.sql,377,quarantine_queue,quarantined_at,"timestamptz"
20260411150000_canonical_content_architecture.sql,378,quarantine_queue,resolved_at,"timestamptz"
20260411150000_canonical_content_architecture.sql,379,quarantine_queue,resolution,"text"
20260411150000_canonical_content_architecture.sql,380,quarantine_queue,reviewer_id,"uuid"
20260411150000_canonical_content_architecture.sql,385,review_queue,id,"uuid"
20260411150000_canonical_content_architecture.sql,386,review_queue,entity_id,"uuid"
20260411150000_canonical_content_architecture.sql,387,review_queue,media_asset_id,"uuid"
20260411150000_canonical_content_architecture.sql,388,review_queue,type,"review_item_type"
20260411150000_canonical_content_architecture.sql,389,review_queue,priority,"review_priority"
20260411150000_canonical_content_architecture.sql,390,review_queue,status,"review_status"
20260411150000_canonical_content_architecture.sql,391,review_queue,assigned_to,"uuid"
20260411150000_canonical_content_architecture.sql,392,review_queue,raw_source,"jsonb"
20260411150000_canonical_content_architecture.sql,393,review_queue,normalized_fields,"jsonb"
20260411150000_canonical_content_architecture.sql,394,review_queue,canonical_suggestions,"jsonb"
20260411150000_canonical_content_architecture.sql,395,review_queue,rejected_media,"text[]"
20260411150000_canonical_content_architecture.sql,396,review_queue,approved_media,"text[]"
20260411150000_canonical_content_architecture.sql,397,review_queue,notes,"text"
20260411150000_canonical_content_architecture.sql,398,review_queue,created_at,"timestamptz"
20260411150000_canonical_content_architecture.sql,399,review_queue,completed_at,"timestamptz"
20260411150000_canonical_content_architecture.sql,403,reclassification_requests,id,"uuid"
20260411150000_canonical_content_architecture.sql,404,reclassification_requests,entity_id,"uuid"
20260411150000_canonical_content_architecture.sql,405,reclassification_requests,old_canonical_path,"text"
20260411150000_canonical_content_architecture.sql,406,reclassification_requests,new_canonical_path,"text"
20260411150000_canonical_content_architecture.sql,407,reclassification_requests,requested_by,"uuid"
20260411150000_canonical_content_architecture.sql,408,reclassification_requests,reason,"text"
20260411150000_canonical_content_architecture.sql,409,reclassification_requests,status,"reclassification_status"
20260411150000_canonical_content_architecture.sql,410,reclassification_requests,validation_results,"jsonb"
20260411150000_canonical_content_architecture.sql,411,reclassification_requests,requested_at,"timestamptz"
20260411150000_canonical_content_architecture.sql,412,reclassification_requests,resolved_at,"timestamptz"
20260411150000_canonical_content_architecture.sql,413,reclassification_requests,resolved_by,"uuid"
20260411150000_canonical_content_architecture.sql,421,pipeline_jobs,id,"uuid"
20260411150000_canonical_content_architecture.sql,422,pipeline_jobs,type,"text"
20260411150000_canonical_content_architecture.sql,426,pipeline_jobs,entity_id,"uuid"
20260411150000_canonical_content_architecture.sql,427,pipeline_jobs,media_asset_id,"uuid"
20260411150000_canonical_content_architecture.sql,428,pipeline_jobs,status,"job_status"
20260411150000_canonical_content_architecture.sql,429,pipeline_jobs,input_source,"text"
20260411150000_canonical_content_architecture.sql,430,pipeline_jobs,logic_version,"text"
20260411150000_canonical_content_architecture.sql,431,pipeline_jobs,result,"jsonb"
20260411150000_canonical_content_architecture.sql,432,pipeline_jobs,failure_reason,"text"
20260411150000_canonical_content_architecture.sql,433,pipeline_jobs,started_at,"timestamptz"
20260411150000_canonical_content_architecture.sql,434,pipeline_jobs,completed_at,"timestamptz"
20260411150000_canonical_content_architecture.sql,435,pipeline_jobs,created_at,"timestamptz"
20260411150000_canonical_content_architecture.sql,439,audit_logs,id,"uuid"
20260411150000_canonical_content_architecture.sql,440,audit_logs,entity_id,"uuid"
20260411150000_canonical_content_architecture.sql,441,audit_logs,media_asset_id,"uuid"
20260411150000_canonical_content_architecture.sql,442,audit_logs,action,"audit_action"
20260411150000_canonical_content_architecture.sql,443,audit_logs,actor_id,"uuid"
20260411150000_canonical_content_architecture.sql,444,audit_logs,actor_type,"text"
20260411150000_canonical_content_architecture.sql,445,audit_logs,before_state,"jsonb"
20260411150000_canonical_content_architecture.sql,446,audit_logs,after_state,"jsonb"
20260411150000_canonical_content_architecture.sql,447,audit_logs,reason,"text"
20260411150000_canonical_content_architecture.sql,448,audit_logs,mapper_version,"text"
20260411150000_canonical_content_architecture.sql,449,audit_logs,validator_version,"text"
20260411150000_canonical_content_architecture.sql,450,audit_logs,created_at,"timestamptz"
20260411160000_omega_intelligence_tables.sql,4,omega.knowledge_nodes,id,"text"
20260411160000_omega_intelligence_tables.sql,5,omega.knowledge_nodes,node_type,"text"
20260411160000_omega_intelligence_tables.sql,6,omega.knowledge_nodes,label,"text"
20260411160000_omega_intelligence_tables.sql,7,omega.knowledge_nodes,domain,"text"
20260411160000_omega_intelligence_tables.sql,8,omega.knowledge_nodes,metadata,"jsonb"
20260411160000_omega_intelligence_tables.sql,9,omega.knowledge_nodes,created_at,"timestamptz"
20260411160000_omega_intelligence_tables.sql,10,omega.knowledge_nodes,updated_at,"timestamptz"
20260411160000_omega_intelligence_tables.sql,14,omega.knowledge_edges,id,"text"
20260411160000_omega_intelligence_tables.sql,15,omega.knowledge_edges,source_id,"text"
20260411160000_omega_intelligence_tables.sql,16,omega.knowledge_edges,target_id,"text"
20260411160000_omega_intelligence_tables.sql,17,omega.knowledge_edges,edge_type,"text"
20260411160000_omega_intelligence_tables.sql,18,omega.knowledge_edges,weight,"numeric"
20260411160000_omega_intelligence_tables.sql,19,omega.knowledge_edges,metadata,"jsonb"
20260411160000_omega_intelligence_tables.sql,20,omega.knowledge_edges,created_at,"timestamptz"
20260411160000_omega_intelligence_tables.sql,24,omega.memory_entries,memory_id,"text"
20260411160000_omega_intelligence_tables.sql,25,omega.memory_entries,category,"text"
20260411160000_omega_intelligence_tables.sql,26,omega.memory_entries,domain,"text"
20260411160000_omega_intelligence_tables.sql,27,omega.memory_entries,summary,"text"
20260411160000_omega_intelligence_tables.sql,28,omega.memory_entries,details,"jsonb"
20260411160000_omega_intelligence_tables.sql,29,omega.memory_entries,outcome,"text"
20260411160000_omega_intelligence_tables.sql,30,omega.memory_entries,before_score,"numeric"
20260411160000_omega_intelligence_tables.sql,31,omega.memory_entries,after_score,"numeric"
20260411160000_omega_intelligence_tables.sql,32,omega.memory_entries,root_cause,"text"
20260411160000_omega_intelligence_tables.sql,33,omega.memory_entries,related_ids,"jsonb"
20260411160000_omega_intelligence_tables.sql,34,omega.memory_entries,created_at,"timestamptz"
20260411160000_omega_intelligence_tables.sql,35,omega.memory_entries,ttl_days,"integer"
20260411160000_omega_intelligence_tables.sql,39,omega.decision_log,decision_id,"text"
20260411160000_omega_intelligence_tables.sql,40,omega.decision_log,decision,"text"
20260411160000_omega_intelligence_tables.sql,41,omega.decision_log,priority,"text"
20260411160000_omega_intelligence_tables.sql,42,omega.decision_log,confidence,"numeric"
20260411160000_omega_intelligence_tables.sql,43,omega.decision_log,reasoning,"text"
20260411160000_omega_intelligence_tables.sql,44,omega.decision_log,target_type,"text"
20260411160000_omega_intelligence_tables.sql,45,omega.decision_log,target_id,"text"
20260411160000_omega_intelligence_tables.sql,46,omega.decision_log,recommended_actions,"jsonb"
20260411160000_omega_intelligence_tables.sql,47,omega.decision_log,created_at,"timestamptz"
20260411160000_omega_intelligence_tables.sql,51,omega.prediction_log,prediction_id,"text"
20260411160000_omega_intelligence_tables.sql,52,omega.prediction_log,prediction_type,"text"
20260411160000_omega_intelligence_tables.sql,53,omega.prediction_log,target_type,"text"
20260411160000_omega_intelligence_tables.sql,54,omega.prediction_log,target_id,"text"
20260411160000_omega_intelligence_tables.sql,55,omega.prediction_log,risk_score,"numeric"
20260411160000_omega_intelligence_tables.sql,56,omega.prediction_log,confidence_score,"numeric"
20260411160000_omega_intelligence_tables.sql,57,omega.prediction_log,predicted_at,"timestamptz"
20260411160000_omega_intelligence_tables.sql,58,omega.prediction_log,predicted_for,"timestamptz"
20260411160000_omega_intelligence_tables.sql,59,omega.prediction_log,preventive_action,"text"
20260411160000_omega_intelligence_tables.sql,60,omega.prediction_log,pre_emptive_audit,"boolean"
20260411160000_omega_intelligence_tables.sql,61,omega.prediction_log,rollout_restriction,"boolean"
20260411160000_omega_intelligence_tables.sql,62,omega.prediction_log,outcome,"text"
20260411160000_omega_intelligence_tables.sql,66,omega.priority_queue,item_id,"text"
20260411160000_omega_intelligence_tables.sql,67,omega.priority_queue,item_type,"text"
20260411160000_omega_intelligence_tables.sql,68,omega.priority_queue,target_id,"text"
20260411160000_omega_intelligence_tables.sql,69,omega.priority_queue,severity,"numeric"
20260411160000_omega_intelligence_tables.sql,70,omega.priority_queue,user_impact,"numeric"
20260411160000_omega_intelligence_tables.sql,71,omega.priority_queue,business_impact,"numeric"
20260411160000_omega_intelligence_tables.sql,72,omega.priority_queue,recurrence,"numeric"
20260411160000_omega_intelligence_tables.sql,73,omega.priority_queue,confidence,"numeric"
20260411160000_omega_intelligence_tables.sql,74,omega.priority_queue,dependency_reach,"numeric"
20260411160000_omega_intelligence_tables.sql,75,omega.priority_queue,priority_score,"numeric"
20260411160000_omega_intelligence_tables.sql,76,omega.priority_queue,priority_band,"text"
20260411160000_omega_intelligence_tables.sql,77,omega.priority_queue,created_at,"timestamptz"
20260411160000_omega_intelligence_tables.sql,81,omega.opportunity_signals,signal_id,"text"
20260411160000_omega_intelligence_tables.sql,82,omega.opportunity_signals,signal_type,"text"
20260411160000_omega_intelligence_tables.sql,83,omega.opportunity_signals,geo_scope,"text"
20260411160000_omega_intelligence_tables.sql,84,omega.opportunity_signals,category_scope,"text"
20260411160000_omega_intelligence_tables.sql,85,omega.opportunity_signals,confidence_score,"numeric"
20260411160000_omega_intelligence_tables.sql,86,omega.opportunity_signals,impact_score,"numeric"
20260411160000_omega_intelligence_tables.sql,87,omega.opportunity_signals,evidence,"jsonb"
20260411160000_omega_intelligence_tables.sql,88,omega.opportunity_signals,recommended_action,"text"
20260411160000_omega_intelligence_tables.sql,89,omega.opportunity_signals,created_at,"timestamptz"
20260411160000_omega_intelligence_tables.sql,93,omega.adaptive_ux_rules,rule_id,"text"
20260411160000_omega_intelligence_tables.sql,94,omega.adaptive_ux_rules,rule_type,"text"
20260411160000_omega_intelligence_tables.sql,95,omega.adaptive_ux_rules,context,"jsonb"
20260411160000_omega_intelligence_tables.sql,96,omega.adaptive_ux_rules,adaptation,"jsonb"
20260411160000_omega_intelligence_tables.sql,97,omega.adaptive_ux_rules,measurable,"boolean"
20260411160000_omega_intelligence_tables.sql,98,omega.adaptive_ux_rules,reversible,"boolean"
20260411160000_omega_intelligence_tables.sql,99,omega.adaptive_ux_rules,gradual,"boolean"
20260411160000_omega_intelligence_tables.sql,100,omega.adaptive_ux_rules,active,"boolean"
20260411160000_omega_intelligence_tables.sql,101,omega.adaptive_ux_rules,created_at,"timestamptz"
20260411160000_omega_intelligence_tables.sql,105,omega.improvement_cycles,cycle_id,"text"
20260411160000_omega_intelligence_tables.sql,106,omega.improvement_cycles,weakness_cluster,"text"
20260411160000_omega_intelligence_tables.sql,107,omega.improvement_cycles,estimated_impact,"numeric"
20260411160000_omega_intelligence_tables.sql,108,omega.improvement_cycles,estimated_risk,"numeric"
20260411160000_omega_intelligence_tables.sql,109,omega.improvement_cycles,proposed_change,"text"
20260411160000_omega_intelligence_tables.sql,110,omega.improvement_cycles,before_score,"numeric"
20260411160000_omega_intelligence_tables.sql,111,omega.improvement_cycles,after_score,"numeric"
20260411160000_omega_intelligence_tables.sql,112,omega.improvement_cycles,status,"text"
20260411160000_omega_intelligence_tables.sql,113,omega.improvement_cycles,safe,"boolean"
20260411160000_omega_intelligence_tables.sql,114,omega.improvement_cycles,re_audit_passed,"boolean"
20260411160000_omega_intelligence_tables.sql,115,omega.improvement_cycles,created_at,"timestamptz"
20260411160000_omega_intelligence_tables.sql,119,omega.incident_response_actions,action_id,"text"
20260411160000_omega_intelligence_tables.sql,120,omega.incident_response_actions,incident_id,"text"
20260411160000_omega_intelligence_tables.sql,121,omega.incident_response_actions,severity,"text"
20260411160000_omega_intelligence_tables.sql,122,omega.incident_response_actions,category,"text"
20260411160000_omega_intelligence_tables.sql,123,omega.incident_response_actions,impacted_domains,"jsonb"
20260411160000_omega_intelligence_tables.sql,124,omega.incident_response_actions,correlated_changes,"jsonb"
20260411160000_omega_intelligence_tables.sql,125,omega.incident_response_actions,mitigation_type,"text"
20260411160000_omega_intelligence_tables.sql,126,omega.incident_response_actions,mitigation_action,"text"
20260411160000_omega_intelligence_tables.sql,127,omega.incident_response_actions,status,"text"
20260411160000_omega_intelligence_tables.sql,128,omega.incident_response_actions,re_audit_ref,"text"
20260411160000_omega_intelligence_tables.sql,129,omega.incident_response_actions,created_at,"timestamptz"
20260411160000_omega_intelligence_tables.sql,133,omega.code_evolution_suggestions,suggestion_id,"text"
20260411160000_omega_intelligence_tables.sql,134,omega.code_evolution_suggestions,target_file,"text"
20260411160000_omega_intelligence_tables.sql,135,omega.code_evolution_suggestions,domain,"text"
20260411160000_omega_intelligence_tables.sql,136,omega.code_evolution_suggestions,issue_type,"text"
20260411160000_omega_intelligence_tables.sql,137,omega.code_evolution_suggestions,description,"text"
20260411160000_omega_intelligence_tables.sql,138,omega.code_evolution_suggestions,risk_level,"text"
20260411160000_omega_intelligence_tables.sql,139,omega.code_evolution_suggestions,impact_estimate,"numeric"
20260411160000_omega_intelligence_tables.sql,140,omega.code_evolution_suggestions,safe_action,"boolean"
20260411160000_omega_intelligence_tables.sql,141,omega.code_evolution_suggestions,affected_domains,"jsonb"
20260411160000_omega_intelligence_tables.sql,142,omega.code_evolution_suggestions,status,"text"
20260411160000_omega_intelligence_tables.sql,143,omega.code_evolution_suggestions,created_at,"timestamptz"
20260411160000_omega_intelligence_tables.sql,147,omega.intelligence_reports,report_id,"text"
20260411160000_omega_intelligence_tables.sql,148,omega.intelligence_reports,generated_at,"timestamptz"
20260411160000_omega_intelligence_tables.sql,149,omega.intelligence_reports,global_score,"numeric"
20260411160000_omega_intelligence_tables.sql,150,omega.intelligence_reports,verdict,"text"
20260411160000_omega_intelligence_tables.sql,151,omega.intelligence_reports,sub_scores,"jsonb"
20260411160000_omega_intelligence_tables.sql,152,omega.intelligence_reports,engine_statuses,"jsonb"
20260411160000_omega_intelligence_tables.sql,153,omega.intelligence_reports,critical_blockers,"jsonb"
20260411160000_omega_intelligence_tables.sql,154,omega.intelligence_reports,warnings,"jsonb"
20260411160000_omega_intelligence_tables.sql,155,omega.intelligence_reports,next_actions,"jsonb"
20260411160000_omega_intelligence_tables.sql,156,omega.intelligence_reports,report_data,"jsonb"
20260411160000_omega_intelligence_tables.sql,160,omega.regression_log,regression_id,"text"
20260411160000_omega_intelligence_tables.sql,161,omega.regression_log,object_type,"text"
20260411160000_omega_intelligence_tables.sql,162,omega.regression_log,object_id,"text"
20260411160000_omega_intelligence_tables.sql,163,omega.regression_log,previous_score,"numeric"
20260411160000_omega_intelligence_tables.sql,164,omega.regression_log,current_score,"numeric"
20260411160000_omega_intelligence_tables.sql,165,omega.regression_log,severity,"text"
20260411160000_omega_intelligence_tables.sql,166,omega.regression_log,detected_at,"timestamptz"
20260411160000_omega_intelligence_tables.sql,167,omega.regression_log,linked_release_id,"text"
20260411160000_omega_intelligence_tables.sql,168,omega.regression_log,status,"text"
20260411160000_omega_intelligence_tables.sql,169,omega.regression_log,notes,"text"
20260411160000_omega_intelligence_tables.sql,173,omega.drift_log,drift_id,"text"
20260411160000_omega_intelligence_tables.sql,174,omega.drift_log,drift_type,"text"
20260411160000_omega_intelligence_tables.sql,175,omega.drift_log,object_type,"text"
20260411160000_omega_intelligence_tables.sql,176,omega.drift_log,object_id,"text"
20260411160000_omega_intelligence_tables.sql,177,omega.drift_log,expected_state,"text"
20260411160000_omega_intelligence_tables.sql,178,omega.drift_log,actual_state,"text"
20260411160000_omega_intelligence_tables.sql,179,omega.drift_log,severity,"text"
20260411160000_omega_intelligence_tables.sql,180,omega.drift_log,detected_at,"timestamptz"
20260411160000_omega_intelligence_tables.sql,181,omega.drift_log,resolved_at,"timestamptz"
20260411160000_omega_intelligence_tables.sql,185,omega.release_registry,release_id,"text"
20260411160000_omega_intelligence_tables.sql,186,omega.release_registry,commit_sha,"text"
20260411160000_omega_intelligence_tables.sql,187,omega.release_registry,environment,"text"
20260411160000_omega_intelligence_tables.sql,188,omega.release_registry,started_at,"timestamptz"
20260411160000_omega_intelligence_tables.sql,189,omega.release_registry,ended_at,"timestamptz"
20260411160000_omega_intelligence_tables.sql,190,omega.release_registry,status,"text"
20260411160000_omega_intelligence_tables.sql,191,omega.release_registry,quality_gate_score,"numeric"
20260411160000_omega_intelligence_tables.sql,192,omega.release_registry,blocked_reason,"text"
20260411160000_omega_intelligence_tables.sql,193,omega.release_registry,rollback_ref,"text"
20260411160000_omega_intelligence_tables.sql,197,omega.baseline_registry,baseline_id,"text"
20260411160000_omega_intelligence_tables.sql,198,omega.baseline_registry,baseline_type,"text"
20260411160000_omega_intelligence_tables.sql,199,omega.baseline_registry,object_type,"text"
20260411160000_omega_intelligence_tables.sql,200,omega.baseline_registry,object_id,"text"
20260411160000_omega_intelligence_tables.sql,201,omega.baseline_registry,baseline_ref,"jsonb"
20260411160000_omega_intelligence_tables.sql,202,omega.baseline_registry,created_at,"timestamptz"
20260411160000_omega_intelligence_tables.sql,206,omega.optimization_runs,optimization_run_id,"text"
20260411160000_omega_intelligence_tables.sql,207,omega.optimization_runs,target_type,"text"
20260411160000_omega_intelligence_tables.sql,208,omega.optimization_runs,target_id,"text"
20260411160000_omega_intelligence_tables.sql,209,omega.optimization_runs,started_at,"timestamptz"
20260411160000_omega_intelligence_tables.sql,210,omega.optimization_runs,ended_at,"timestamptz"
20260411160000_omega_intelligence_tables.sql,211,omega.optimization_runs,before_score,"numeric"
20260411160000_omega_intelligence_tables.sql,212,omega.optimization_runs,after_score,"numeric"
20260411160000_omega_intelligence_tables.sql,213,omega.optimization_runs,status,"text"
20260411160000_omega_intelligence_tables.sql,214,omega.optimization_runs,applied_actions,"jsonb"
20260411160000_omega_intelligence_tables.sql,218,omega.telemetry_index,telemetry_id,"text"
20260411160000_omega_intelligence_tables.sql,219,omega.telemetry_index,target_type,"text"
20260411160000_omega_intelligence_tables.sql,220,omega.telemetry_index,target_id,"text"
20260411160000_omega_intelligence_tables.sql,221,omega.telemetry_index,trace_ref,"text"
20260411160000_omega_intelligence_tables.sql,222,omega.telemetry_index,metric_ref,"text"
20260411160000_omega_intelligence_tables.sql,223,omega.telemetry_index,log_ref,"text"
20260411160000_omega_intelligence_tables.sql,224,omega.telemetry_index,created_at,"timestamptz"
20260411170000_sentinel_core_tables.sql,4,sentinel.engine_registry,engine_id,"text"
20260411170000_sentinel_core_tables.sql,5,sentinel.engine_registry,engine_name,"text"
20260411170000_sentinel_core_tables.sql,6,sentinel.engine_registry,engine_domain,"text"
20260411170000_sentinel_core_tables.sql,7,sentinel.engine_registry,engine_type,"text"
20260411170000_sentinel_core_tables.sql,8,sentinel.engine_registry,owner_domain,"text"
20260411170000_sentinel_core_tables.sql,9,sentinel.engine_registry,criticality,"text"
20260411170000_sentinel_core_tables.sql,10,sentinel.engine_registry,enabled,"boolean"
20260411170000_sentinel_core_tables.sql,11,sentinel.engine_registry,heartbeat_interval_sec,"integer"
20260411170000_sentinel_core_tables.sql,12,sentinel.engine_registry,last_heartbeat_at,"timestamptz"
20260411170000_sentinel_core_tables.sql,13,sentinel.engine_registry,status,"text"
20260411170000_sentinel_core_tables.sql,14,sentinel.engine_registry,version,"text"
20260411170000_sentinel_core_tables.sql,15,sentinel.engine_registry,source_of_truth,"text"
20260411170000_sentinel_core_tables.sql,16,sentinel.engine_registry,created_at,"timestamptz"
20260411170000_sentinel_core_tables.sql,17,sentinel.engine_registry,updated_at,"timestamptz"
20260411170000_sentinel_core_tables.sql,21,sentinel.cron_registry,cron_id,"text"
20260411170000_sentinel_core_tables.sql,22,sentinel.cron_registry,job_name,"text"
20260411170000_sentinel_core_tables.sql,23,sentinel.cron_registry,engine_id,"text"
20260411170000_sentinel_core_tables.sql,24,sentinel.cron_registry,schedule,"text"
20260411170000_sentinel_core_tables.sql,25,sentinel.cron_registry,enabled,"boolean"
20260411170000_sentinel_core_tables.sql,26,sentinel.cron_registry,timeout_sec,"integer"
20260411170000_sentinel_core_tables.sql,27,sentinel.cron_registry,retry_policy,"jsonb"
20260411170000_sentinel_core_tables.sql,28,sentinel.cron_registry,lock_key,"text"
20260411170000_sentinel_core_tables.sql,29,sentinel.cron_registry,criticality,"text"
20260411170000_sentinel_core_tables.sql,30,sentinel.cron_registry,last_run_at,"timestamptz"
20260411170000_sentinel_core_tables.sql,31,sentinel.cron_registry,next_run_at,"timestamptz"
20260411170000_sentinel_core_tables.sql,32,sentinel.cron_registry,last_status,"text"
20260411170000_sentinel_core_tables.sql,33,sentinel.cron_registry,failure_count,"integer"
20260411170000_sentinel_core_tables.sql,34,sentinel.cron_registry,skip_count,"integer"
20260411170000_sentinel_core_tables.sql,38,sentinel.source_of_truth_registry,entity_type,"text"
20260411170000_sentinel_core_tables.sql,39,sentinel.source_of_truth_registry,field_name,"text"
20260411170000_sentinel_core_tables.sql,40,sentinel.source_of_truth_registry,owner_table,"text"
20260411170000_sentinel_core_tables.sql,41,sentinel.source_of_truth_registry,owner_domain,"text"
20260411170000_sentinel_core_tables.sql,42,sentinel.source_of_truth_registry,fallback_source,"text"
20260411170000_sentinel_core_tables.sql,43,sentinel.source_of_truth_registry,notes,"text"
20260411170000_sentinel_core_tables.sql,44,sentinel.source_of_truth_registry,updated_at,"timestamptz"
20260411170000_sentinel_core_tables.sql,49,sentinel.invariant_registry,invariant_id,"text"
20260411170000_sentinel_core_tables.sql,50,sentinel.invariant_registry,invariant_name,"text"
20260411170000_sentinel_core_tables.sql,51,sentinel.invariant_registry,domain,"text"
20260411170000_sentinel_core_tables.sql,52,sentinel.invariant_registry,severity,"text"
20260411170000_sentinel_core_tables.sql,53,sentinel.invariant_registry,description,"text"
20260411170000_sentinel_core_tables.sql,54,sentinel.invariant_registry,enabled,"boolean"
20260411170000_sentinel_core_tables.sql,55,sentinel.invariant_registry,blocking,"boolean"
20260411170000_sentinel_core_tables.sql,56,sentinel.invariant_registry,auto_heal_safe,"boolean"
20260411170000_sentinel_core_tables.sql,57,sentinel.invariant_registry,created_at,"timestamptz"
20260411170000_sentinel_core_tables.sql,61,sentinel.conflict_log,conflict_id,"text"
20260411170000_sentinel_core_tables.sql,62,sentinel.conflict_log,conflict_type,"text"
20260411170000_sentinel_core_tables.sql,63,sentinel.conflict_log,domain,"text"
20260411170000_sentinel_core_tables.sql,64,sentinel.conflict_log,entity_type,"text"
20260411170000_sentinel_core_tables.sql,65,sentinel.conflict_log,entity_id,"text"
20260411170000_sentinel_core_tables.sql,66,sentinel.conflict_log,severity,"text"
20260411170000_sentinel_core_tables.sql,67,sentinel.conflict_log,source_a,"text"
20260411170000_sentinel_core_tables.sql,68,sentinel.conflict_log,source_b,"text"
20260411170000_sentinel_core_tables.sql,69,sentinel.conflict_log,description,"text"
20260411170000_sentinel_core_tables.sql,70,sentinel.conflict_log,detected_at,"timestamptz"
20260411170000_sentinel_core_tables.sql,71,sentinel.conflict_log,status,"text"
20260411170000_sentinel_core_tables.sql,72,sentinel.conflict_log,auto_fixable,"boolean"
20260411170000_sentinel_core_tables.sql,73,sentinel.conflict_log,resolution_note,"text"
20260411170000_sentinel_core_tables.sql,77,sentinel.audit_runs,audit_run_id,"text"
20260411170000_sentinel_core_tables.sql,78,sentinel.audit_runs,audit_type,"text"
20260411170000_sentinel_core_tables.sql,79,sentinel.audit_runs,engine_id,"text"
20260411170000_sentinel_core_tables.sql,80,sentinel.audit_runs,started_at,"timestamptz"
20260411170000_sentinel_core_tables.sql,81,sentinel.audit_runs,ended_at,"timestamptz"
20260411170000_sentinel_core_tables.sql,82,sentinel.audit_runs,status,"text"
20260411170000_sentinel_core_tables.sql,83,sentinel.audit_runs,score,"integer"
20260411170000_sentinel_core_tables.sql,84,sentinel.audit_runs,blocking_issues,"integer"
20260411170000_sentinel_core_tables.sql,85,sentinel.audit_runs,warnings,"integer"
20260411170000_sentinel_core_tables.sql,86,sentinel.audit_runs,auto_fixes_count,"integer"
20260411170000_sentinel_core_tables.sql,87,sentinel.audit_runs,report_path,"text"
20260411170000_sentinel_core_tables.sql,91,sentinel.engine_health_snapshots,snapshot_id,"text"
20260411170000_sentinel_core_tables.sql,92,sentinel.engine_health_snapshots,engine_id,"text"
20260411170000_sentinel_core_tables.sql,93,sentinel.engine_health_snapshots,recorded_at,"timestamptz"
20260411170000_sentinel_core_tables.sql,94,sentinel.engine_health_snapshots,heartbeat_ok,"boolean"
20260411170000_sentinel_core_tables.sql,95,sentinel.engine_health_snapshots,status,"text"
20260411170000_sentinel_core_tables.sql,96,sentinel.engine_health_snapshots,latency_ms,"real"
20260411170000_sentinel_core_tables.sql,97,sentinel.engine_health_snapshots,error_rate,"real"
20260411170000_sentinel_core_tables.sql,98,sentinel.engine_health_snapshots,queue_lag,"integer"
20260411170000_sentinel_core_tables.sql,99,sentinel.engine_health_snapshots,notes,"text"
20260411170000_sentinel_core_tables.sql,103,sentinel.job_runs,run_id,"text"
20260411170000_sentinel_core_tables.sql,104,sentinel.job_runs,cron_id,"text"
20260411170000_sentinel_core_tables.sql,105,sentinel.job_runs,started_at,"timestamptz"
20260411170000_sentinel_core_tables.sql,106,sentinel.job_runs,ended_at,"timestamptz"
20260411170000_sentinel_core_tables.sql,107,sentinel.job_runs,status,"text"
20260411170000_sentinel_core_tables.sql,108,sentinel.job_runs,retry_count,"integer"
20260411170000_sentinel_core_tables.sql,109,sentinel.job_runs,lock_wait_ms,"integer"
20260411170000_sentinel_core_tables.sql,110,sentinel.job_runs,output_summary,"text"
20260411170000_sentinel_core_tables.sql,111,sentinel.job_runs,error_summary,"text"
20260411170000_sentinel_core_tables.sql,115,sentinel.incident_log,incident_id,"text"
20260411170000_sentinel_core_tables.sql,116,sentinel.incident_log,severity,"text"
20260411170000_sentinel_core_tables.sql,117,sentinel.incident_log,category,"text"
20260411170000_sentinel_core_tables.sql,118,sentinel.incident_log,engine_id,"text"
20260411170000_sentinel_core_tables.sql,119,sentinel.incident_log,title,"text"
20260411170000_sentinel_core_tables.sql,120,sentinel.incident_log,details,"text"
20260411170000_sentinel_core_tables.sql,121,sentinel.incident_log,started_at,"timestamptz"
20260411170000_sentinel_core_tables.sql,122,sentinel.incident_log,ended_at,"timestamptz"
20260411170000_sentinel_core_tables.sql,123,sentinel.incident_log,status,"text"
20260411170000_sentinel_core_tables.sql,124,sentinel.incident_log,linked_audit_run,"text"
20260411170000_sentinel_core_tables.sql,128,sentinel.healing_actions,action_id,"text"
20260411170000_sentinel_core_tables.sql,129,sentinel.healing_actions,action_type,"text"
20260411170000_sentinel_core_tables.sql,130,sentinel.healing_actions,target_type,"text"
20260411170000_sentinel_core_tables.sql,131,sentinel.healing_actions,target_id,"text"
20260411170000_sentinel_core_tables.sql,132,sentinel.healing_actions,safe_level,"text"
20260411170000_sentinel_core_tables.sql,133,sentinel.healing_actions,started_at,"timestamptz"
20260411170000_sentinel_core_tables.sql,134,sentinel.healing_actions,ended_at,"timestamptz"
20260411170000_sentinel_core_tables.sql,135,sentinel.healing_actions,status,"text"
20260411170000_sentinel_core_tables.sql,136,sentinel.healing_actions,before_snapshot,"jsonb"
20260411170000_sentinel_core_tables.sql,137,sentinel.healing_actions,after_snapshot,"jsonb"
20260411170000_sentinel_core_tables.sql,138,sentinel.healing_actions,validation_passed,"boolean"
20260411170000_sentinel_core_tables.sql,142,sentinel.workflow_registry,workflow_id,"text"
20260411170000_sentinel_core_tables.sql,143,sentinel.workflow_registry,workflow_type,"text"
20260411170000_sentinel_core_tables.sql,144,sentinel.workflow_registry,domain,"text"
20260411170000_sentinel_core_tables.sql,145,sentinel.workflow_registry,state_machine_name,"text"
20260411170000_sentinel_core_tables.sql,146,sentinel.workflow_registry,durability_level,"text"
20260411170000_sentinel_core_tables.sql,147,sentinel.workflow_registry,enabled,"boolean"
20260411170000_sentinel_core_tables.sql,148,sentinel.workflow_registry,criticality,"text"
20260411170000_sentinel_core_tables.sql,152,sentinel.workflow_runs,workflow_run_id,"text"
20260411170000_sentinel_core_tables.sql,153,sentinel.workflow_runs,workflow_id,"text"
20260411170000_sentinel_core_tables.sql,154,sentinel.workflow_runs,entity_type,"text"
20260411170000_sentinel_core_tables.sql,155,sentinel.workflow_runs,entity_id,"text"
20260411170000_sentinel_core_tables.sql,156,sentinel.workflow_runs,current_state,"text"
20260411170000_sentinel_core_tables.sql,157,sentinel.workflow_runs,status,"text"
20260411170000_sentinel_core_tables.sql,158,sentinel.workflow_runs,started_at,"timestamptz"
20260411170000_sentinel_core_tables.sql,159,sentinel.workflow_runs,updated_at,"timestamptz"
20260411170000_sentinel_core_tables.sql,160,sentinel.workflow_runs,failed_reason,"text"
20260411170000_sentinel_core_tables.sql,164,sentinel.taxonomy_registry,taxonomy_id,"text"
20260411170000_sentinel_core_tables.sql,165,sentinel.taxonomy_registry,canonical_path,"text"
20260411170000_sentinel_core_tables.sql,166,sentinel.taxonomy_registry,family,"text"
20260411170000_sentinel_core_tables.sql,167,sentinel.taxonomy_registry,sub_family,"text"
20260411170000_sentinel_core_tables.sql,168,sentinel.taxonomy_registry,category,"text"
20260411170000_sentinel_core_tables.sql,169,sentinel.taxonomy_registry,sub_category,"text"
20260411170000_sentinel_core_tables.sql,170,sentinel.taxonomy_registry,specialization,"text"
20260411170000_sentinel_core_tables.sql,171,sentinel.taxonomy_registry,active,"boolean"
20260411170000_sentinel_core_tables.sql,172,sentinel.taxonomy_registry,parent_path,"text"
20260411170000_sentinel_core_tables.sql,176,sentinel.taxonomy_aliases,alias_id,"text"
20260411170000_sentinel_core_tables.sql,177,sentinel.taxonomy_aliases,alias_text,"text"
20260411170000_sentinel_core_tables.sql,178,sentinel.taxonomy_aliases,canonical_path,"text"
20260411170000_sentinel_core_tables.sql,179,sentinel.taxonomy_aliases,confidence_score,"real"
20260411170000_sentinel_core_tables.sql,180,sentinel.taxonomy_aliases,locale,"text"
20260411170000_sentinel_core_tables.sql,184,sentinel.page_registry,page_id,"text"
20260411170000_sentinel_core_tables.sql,185,sentinel.page_registry,route,"text"
20260411170000_sentinel_core_tables.sql,186,sentinel.page_registry,page_type,"text"
20260411170000_sentinel_core_tables.sql,187,sentinel.page_registry,owner_domain,"text"
20260411170000_sentinel_core_tables.sql,188,sentinel.page_registry,canonical_id,"text"
20260411170000_sentinel_core_tables.sql,189,sentinel.page_registry,seo_template,"text"
20260411170000_sentinel_core_tables.sql,190,sentinel.page_registry,performance_budget,"integer"
20260411170000_sentinel_core_tables.sql,191,sentinel.page_registry,indexed_expected,"boolean"
20260411170000_sentinel_core_tables.sql,192,sentinel.page_registry,status,"text"
20260411170000_sentinel_core_tables.sql,196,sentinel.card_registry,card_id,"text"
20260411170000_sentinel_core_tables.sql,197,sentinel.card_registry,card_name,"text"
20260411170000_sentinel_core_tables.sql,198,sentinel.card_registry,owner_domain,"text"
20260411170000_sentinel_core_tables.sql,199,sentinel.card_registry,route,"text"
20260411170000_sentinel_core_tables.sql,200,sentinel.card_registry,data_source,"text"
20260411170000_sentinel_core_tables.sql,201,sentinel.card_registry,state_contract,"text"
20260411170000_sentinel_core_tables.sql,202,sentinel.card_registry,empty_state_defined,"boolean"
20260411170000_sentinel_core_tables.sql,203,sentinel.card_registry,loading_state_defined,"boolean"
20260411170000_sentinel_core_tables.sql,204,sentinel.card_registry,error_state_defined,"boolean"
20260411170000_sentinel_core_tables.sql,205,sentinel.card_registry,audit_status,"text"
20260412000000_permanent_core_infrastructure.sql,19,worker_health_snapshots,id,"uuid"
20260412000000_permanent_core_infrastructure.sql,20,worker_health_snapshots,snapshot_at,"timestamptz"
20260412000000_permanent_core_infrastructure.sql,21,worker_health_snapshots,total_engines,"integer"
20260412000000_permanent_core_infrastructure.sql,22,worker_health_snapshots,healthy_count,"integer"
20260412000000_permanent_core_infrastructure.sql,23,worker_health_snapshots,stale_count,"integer"
20260412000000_permanent_core_infrastructure.sql,24,worker_health_snapshots,error_count,"integer"
20260412000000_permanent_core_infrastructure.sql,25,worker_health_snapshots,disabled_count,"integer"
20260412000000_permanent_core_infrastructure.sql,26,worker_health_snapshots,stale_engines,"text[]"
20260412000000_permanent_core_infrastructure.sql,27,worker_health_snapshots,error_engines,"text[]"
20260412000000_permanent_core_infrastructure.sql,28,worker_health_snapshots,avg_success_rate,"real"
20260412000000_permanent_core_infrastructure.sql,29,worker_health_snapshots,total_runs_last_hour,"integer"
20260412000000_permanent_core_infrastructure.sql,30,worker_health_snapshots,metadata_json,"jsonb"
20260412200000_governance_violations.sql,2,governance_violations,id,"text"
20260412200000_governance_violations.sql,3,governance_violations,type,"text"
20260412200000_governance_violations.sql,4,governance_violations,severity,"text"
20260412200000_governance_violations.sql,5,governance_violations,source,"text"
20260412200000_governance_violations.sql,6,governance_violations,target,"text"
20260412200000_governance_violations.sql,7,governance_violations,message,"text"
20260412200000_governance_violations.sql,8,governance_violations,owner_domain,"text"
20260412200000_governance_violations.sql,9,governance_violations,vertical,"text"
20260412200000_governance_violations.sql,10,governance_violations,detected_at,"timestamptz"
20260412200000_governance_violations.sql,11,governance_violations,resolved_at,"timestamptz"
20260412200000_governance_violations.sql,12,governance_violations,auto_remediated,"boolean"
20260412200000_governance_violations.sql,13,governance_violations,metadata,"jsonb"
20260412200000_governance_violations.sql,14,governance_violations,created_at,"timestamptz"
20260413300000_engine_memory.sql,2,engine_memory,id,"uuid"
20260413300000_engine_memory.sql,3,engine_memory,type,"text"
20260413300000_engine_memory.sql,4,engine_memory,issue_signature,"text"
20260413300000_engine_memory.sql,5,engine_memory,root_cause,"text"
20260413300000_engine_memory.sql,6,engine_memory,fix_applied,"text"
20260413300000_engine_memory.sql,7,engine_memory,fix_function,"text"
20260413300000_engine_memory.sql,8,engine_memory,confidence,"real"
20260413300000_engine_memory.sql,9,engine_memory,auto_apply,"boolean"
20260413300000_engine_memory.sql,10,engine_memory,created_at,"timestamptz"
20260413300000_engine_memory.sql,11,engine_memory,updated_at,"timestamptz"
20260413300000_engine_memory.sql,12,engine_memory,applied_count,"integer"
20260413300000_engine_memory.sql,13,engine_memory,last_applied_at,"timestamptz"
20260413300000_engine_memory.sql,14,engine_memory,domain,"text"
20260413300000_engine_memory.sql,15,engine_memory,category,"text"
20260413300000_engine_memory.sql,16,engine_memory,engine_id,"text"
20260413300000_engine_memory.sql,17,engine_memory,rule_id,"text"
20260413300000_engine_memory.sql,18,engine_memory,success_count,"integer"
20260413300000_engine_memory.sql,19,engine_memory,failure_count,"integer"
20260413300000_engine_memory.sql,20,engine_memory,avg_fix_duration_ms,"real"
20260413300000_engine_memory.sql,21,engine_memory,recurrence_after_fix,"integer"
20260413300000_engine_memory.sql,22,engine_memory,score,"real"
20260413300000_engine_memory.sql,23,engine_memory,disabled,"boolean"
20260414100000_prayer_times_cache.sql,5,prayer_times_cache,id,"uuid"
20260414100000_prayer_times_cache.sql,6,prayer_times_cache,cache_key,"text"
20260414100000_prayer_times_cache.sql,7,prayer_times_cache,prayer_data,"jsonb"
20260414100000_prayer_times_cache.sql,8,prayer_times_cache,lat,"numeric(9, 6)"
20260414100000_prayer_times_cache.sql,9,prayer_times_cache,lng,"numeric(9, 6)"
20260414100000_prayer_times_cache.sql,10,prayer_times_cache,date,"date"
20260414100000_prayer_times_cache.sql,11,prayer_times_cache,expires_at,"timestamptz"
20260414100000_prayer_times_cache.sql,12,prayer_times_cache,created_at,"timestamptz"
20260414100000_prayer_times_cache.sql,32,adhan_notification_prefs,id,"uuid"
20260414100000_prayer_times_cache.sql,33,adhan_notification_prefs,user_id,"uuid"
20260414100000_prayer_times_cache.sql,34,adhan_notification_prefs,enabled,"boolean"
20260414100000_prayer_times_cache.sql,35,adhan_notification_prefs,fajr,"boolean"
20260414100000_prayer_times_cache.sql,36,adhan_notification_prefs,dhuhr,"boolean"
20260414100000_prayer_times_cache.sql,37,adhan_notification_prefs,asr,"boolean"
20260414100000_prayer_times_cache.sql,38,adhan_notification_prefs,maghrib,"boolean"
20260414100000_prayer_times_cache.sql,39,adhan_notification_prefs,isha,"boolean"
20260414100000_prayer_times_cache.sql,40,adhan_notification_prefs,offset_minutes,"integer"
20260414100000_prayer_times_cache.sql,41,adhan_notification_prefs,method,"integer"
20260414100000_prayer_times_cache.sql,42,adhan_notification_prefs,created_at,"timestamptz"
20260414100000_prayer_times_cache.sql,43,adhan_notification_prefs,updated_at,"timestamptz"
20260414300000_autonomous_engine_systems.sql,8,push_tokens,id,"uuid"
20260414300000_autonomous_engine_systems.sql,9,push_tokens,user_id,"uuid"
20260414300000_autonomous_engine_systems.sql,10,push_tokens,token,"text"
20260414300000_autonomous_engine_systems.sql,11,push_tokens,platform,"text"
20260414300000_autonomous_engine_systems.sql,12,push_tokens,device_name,"text"
20260414300000_autonomous_engine_systems.sql,13,push_tokens,is_active,"boolean"
20260414300000_autonomous_engine_systems.sql,14,push_tokens,created_at,"timestamptz"
20260414300000_autonomous_engine_systems.sql,15,push_tokens,updated_at,"timestamptz"
20260414300000_autonomous_engine_systems.sql,23,dead_letter_queue,id,"uuid"
20260414300000_autonomous_engine_systems.sql,24,dead_letter_queue,source_system,"text"
20260414300000_autonomous_engine_systems.sql,25,dead_letter_queue,operation_type,"text"
20260414300000_autonomous_engine_systems.sql,26,dead_letter_queue,payload,"jsonb"
20260414300000_autonomous_engine_systems.sql,27,dead_letter_queue,error,"text"
20260414300000_autonomous_engine_systems.sql,28,dead_letter_queue,retry_count,"integer"
20260414300000_autonomous_engine_systems.sql,29,dead_letter_queue,max_retries,"integer"
20260414300000_autonomous_engine_systems.sql,30,dead_letter_queue,next_retry_at,"timestamptz"
20260414300000_autonomous_engine_systems.sql,31,dead_letter_queue,status,"text"
20260414300000_autonomous_engine_systems.sql,32,dead_letter_queue,created_at,"timestamptz"
20260414300000_autonomous_engine_systems.sql,33,dead_letter_queue,updated_at,"timestamptz"
20260414300000_autonomous_engine_systems.sql,34,dead_letter_queue,resolved_at,"timestamptz"
20260414300000_autonomous_engine_systems.sql,42,admin_alert_channels,id,"uuid"
20260414300000_autonomous_engine_systems.sql,43,admin_alert_channels,admin_user_id,"uuid"
20260414300000_autonomous_engine_systems.sql,44,admin_alert_channels,channel_type,"text"
20260414300000_autonomous_engine_systems.sql,45,admin_alert_channels,channel_target,"text"
20260414300000_autonomous_engine_systems.sql,46,admin_alert_channels,is_active,"boolean"
20260414300000_autonomous_engine_systems.sql,47,admin_alert_channels,severity_filter,"text[]"
20260414300000_autonomous_engine_systems.sql,48,admin_alert_channels,created_at,"timestamptz"
20260414300000_autonomous_engine_systems.sql,49,admin_alert_channels,updated_at,"timestamptz"
20260414300000_autonomous_engine_systems.sql,54,admin_alert_log,id,"uuid"
20260414300000_autonomous_engine_systems.sql,55,admin_alert_log,alert_type,"text"
20260414300000_autonomous_engine_systems.sql,56,admin_alert_log,severity,"text"
20260414300000_autonomous_engine_systems.sql,57,admin_alert_log,title,"text"
20260414300000_autonomous_engine_systems.sql,58,admin_alert_log,message,"text"
20260414300000_autonomous_engine_systems.sql,59,admin_alert_log,source_system,"text"
20260414300000_autonomous_engine_systems.sql,60,admin_alert_log,channel_type,"text"
20260414300000_autonomous_engine_systems.sql,61,admin_alert_log,channel_target,"text"
20260414300000_autonomous_engine_systems.sql,62,admin_alert_log,status,"text"
20260414300000_autonomous_engine_systems.sql,63,admin_alert_log,created_at,"timestamptz"
20260414300000_autonomous_engine_systems.sql,69,system_uptime_log,id,"uuid"
20260414300000_autonomous_engine_systems.sql,70,system_uptime_log,check_type,"text"
20260414300000_autonomous_engine_systems.sql,71,system_uptime_log,status,"text"
20260414300000_autonomous_engine_systems.sql,72,system_uptime_log,checks_json,"jsonb"
20260414300000_autonomous_engine_systems.sql,73,system_uptime_log,total_ms,"integer"
20260414300000_autonomous_engine_systems.sql,74,system_uptime_log,consecutive_failures,"integer"
20260414300000_autonomous_engine_systems.sql,75,system_uptime_log,created_at,"timestamptz"
20260414300000_autonomous_engine_systems.sql,82,rate_limits,id,"uuid"
20260414300000_autonomous_engine_systems.sql,83,rate_limits,endpoint,"text"
20260414300000_autonomous_engine_systems.sql,84,rate_limits,client_ip,"text"
20260414300000_autonomous_engine_systems.sql,85,rate_limits,window_start,"timestamptz"
20260414300000_autonomous_engine_systems.sql,86,rate_limits,request_count,"integer"
20260414300000_autonomous_engine_systems.sql,112,job_queue,id,"uuid"
20260414300000_autonomous_engine_systems.sql,113,job_queue,queue_name,"text"
20260414300000_autonomous_engine_systems.sql,114,job_queue,payload,"jsonb"
20260414300000_autonomous_engine_systems.sql,115,job_queue,status,"text"
20260414300000_autonomous_engine_systems.sql,116,job_queue,priority,"integer"
20260414300000_autonomous_engine_systems.sql,117,job_queue,scheduled_at,"timestamptz"
20260414300000_autonomous_engine_systems.sql,118,job_queue,started_at,"timestamptz"
20260414300000_autonomous_engine_systems.sql,119,job_queue,completed_at,"timestamptz"
20260414300000_autonomous_engine_systems.sql,120,job_queue,error,"text"
20260414300000_autonomous_engine_systems.sql,121,job_queue,retry_count,"integer"
20260414300000_autonomous_engine_systems.sql,122,job_queue,max_retries,"integer"
20260414300000_autonomous_engine_systems.sql,123,job_queue,created_at,"timestamptz"
20260414300000_autonomous_engine_systems.sql,131,server_cache,cache_key,"text"
20260414300000_autonomous_engine_systems.sql,132,server_cache,value_json,"jsonb"
20260414300000_autonomous_engine_systems.sql,133,server_cache,domain,"text"
20260414300000_autonomous_engine_systems.sql,134,server_cache,expires_at,"timestamptz"
20260414300000_autonomous_engine_systems.sql,135,server_cache,created_at,"timestamptz"
20260414300000_autonomous_engine_systems.sql,136,server_cache,updated_at,"timestamptz"
20260414300000_autonomous_engine_systems.sql,143,storage_backup_manifests,id,"uuid"
20260414300000_autonomous_engine_systems.sql,144,storage_backup_manifests,bucket_name,"text"
20260414300000_autonomous_engine_systems.sql,145,storage_backup_manifests,file_count,"integer"
20260414300000_autonomous_engine_systems.sql,146,storage_backup_manifests,total_size_bytes,"bigint"
20260414300000_autonomous_engine_systems.sql,147,storage_backup_manifests,manifest_json,"jsonb"
20260414300000_autonomous_engine_systems.sql,148,storage_backup_manifests,backup_status,"text"
20260414300000_autonomous_engine_systems.sql,149,storage_backup_manifests,created_at,"timestamptz"
20260414300000_autonomous_engine_systems.sql,155,config_snapshots,id,"uuid"
20260414300000_autonomous_engine_systems.sql,156,config_snapshots,snapshot_type,"text"
20260414300000_autonomous_engine_systems.sql,157,config_snapshots,table_name,"text"
20260414300000_autonomous_engine_systems.sql,158,config_snapshots,row_count,"integer"
20260414300000_autonomous_engine_systems.sql,159,config_snapshots,data_json,"jsonb"
20260414300000_autonomous_engine_systems.sql,160,config_snapshots,created_at,"timestamptz"
20260414300000_autonomous_engine_systems.sql,166,autonomy_system_status,system_name,"text"
20260414300000_autonomous_engine_systems.sql,167,autonomy_system_status,display_name,"text"
20260414300000_autonomous_engine_systems.sql,168,autonomy_system_status,status,"text"
20260414300000_autonomous_engine_systems.sql,169,autonomy_system_status,last_run_at,"timestamptz"
20260414300000_autonomous_engine_systems.sql,170,autonomy_system_status,last_success_at,"timestamptz"
20260414300000_autonomous_engine_systems.sql,171,autonomy_system_status,last_error_at,"timestamptz"
20260414300000_autonomous_engine_systems.sql,172,autonomy_system_status,success_count_24h,"integer"
20260414300000_autonomous_engine_systems.sql,173,autonomy_system_status,fail_count_24h,"integer"
20260414300000_autonomous_engine_systems.sql,174,autonomy_system_status,last_error_message,"text"
20260414300000_autonomous_engine_systems.sql,175,autonomy_system_status,metadata_json,"jsonb"
20260414300000_autonomous_engine_systems.sql,176,autonomy_system_status,updated_at,"timestamptz"
20260414310000_command_control_schema.sql,4,command_emails,id,"uuid"
20260414310000_command_control_schema.sql,5,command_emails,from_email,"text"
20260414310000_command_control_schema.sql,6,command_emails,subject,"text"
20260414310000_command_control_schema.sql,7,command_emails,raw_body,"text"
20260414310000_command_control_schema.sql,8,command_emails,parsed_title,"text"
20260414310000_command_control_schema.sql,9,command_emails,parsed_description,"text"
20260414310000_command_control_schema.sql,10,command_emails,parsed_pillar,"text"
20260414310000_command_control_schema.sql,11,command_emails,parsed_priority,"text"
20260414310000_command_control_schema.sql,12,command_emails,parsed_type,"text"
20260414310000_command_control_schema.sql,13,command_emails,github_issue_number,"integer"
20260414310000_command_control_schema.sql,14,command_emails,github_issue_url,"text"
20260414310000_command_control_schema.sql,15,command_emails,status,"text"
20260414310000_command_control_schema.sql,16,command_emails,error_message,"text"
20260414310000_command_control_schema.sql,17,command_emails,created_at,"timestamptz"
20260414310000_command_control_schema.sql,18,command_emails,updated_at,"timestamptz"
20260414310000_command_control_schema.sql,22,approval_requests,id,"uuid"
20260414310000_command_control_schema.sql,23,approval_requests,pr_number,"integer"
20260414310000_command_control_schema.sql,24,approval_requests,pr_title,"text"
20260414310000_command_control_schema.sql,25,approval_requests,pr_url,"text"
20260414310000_command_control_schema.sql,26,approval_requests,preview_url,"text"
20260414310000_command_control_schema.sql,27,approval_requests,diff_summary,"text"
20260414310000_command_control_schema.sql,28,approval_requests,risk_assessment,"text"
20260414310000_command_control_schema.sql,29,approval_requests,agent_name,"text"
20260414310000_command_control_schema.sql,30,approval_requests,status,"text"
20260414310000_command_control_schema.sql,31,approval_requests,approval_token,"text"
20260414310000_command_control_schema.sql,32,approval_requests,reviewer_email,"text"
20260414310000_command_control_schema.sql,33,approval_requests,reviewer_feedback,"text"
20260414310000_command_control_schema.sql,34,approval_requests,approved_at,"timestamptz"
20260414310000_command_control_schema.sql,35,approval_requests,rejected_at,"timestamptz"
20260414310000_command_control_schema.sql,36,approval_requests,notification_sent_at,"timestamptz"
20260414310000_command_control_schema.sql,37,approval_requests,created_at,"timestamptz"
20260414310000_command_control_schema.sql,38,approval_requests,updated_at,"timestamptz"
20260414310000_command_control_schema.sql,42,agent_actions,id,"uuid"
20260414310000_command_control_schema.sql,43,agent_actions,agent_name,"text"
20260414310000_command_control_schema.sql,44,agent_actions,action_type,"text"
20260414310000_command_control_schema.sql,45,agent_actions,description,"text"
20260414310000_command_control_schema.sql,46,agent_actions,status,"text"
20260414310000_command_control_schema.sql,47,agent_actions,pr_number,"integer"
20260414310000_command_control_schema.sql,48,agent_actions,branch_name,"text"
20260414310000_command_control_schema.sql,49,agent_actions,tokens_consumed,"integer"
20260414310000_command_control_schema.sql,50,agent_actions,cost_usd,"numeric(10,4)"
20260414310000_command_control_schema.sql,51,agent_actions,metadata,"jsonb"
20260414310000_command_control_schema.sql,52,agent_actions,started_at,"timestamptz"
20260414310000_command_control_schema.sql,53,agent_actions,completed_at,"timestamptz"
20260414310000_command_control_schema.sql,54,agent_actions,created_at,"timestamptz"
20260414310000_command_control_schema.sql,58,monitoring_findings,id,"uuid"
20260414310000_command_control_schema.sql,59,monitoring_findings,level,"integer"
20260414310000_command_control_schema.sql,60,monitoring_findings,category,"text"
20260414310000_command_control_schema.sql,61,monitoring_findings,title,"text"
20260414310000_command_control_schema.sql,62,monitoring_findings,description,"text"
20260414310000_command_control_schema.sql,63,monitoring_findings,severity,"text"
20260414310000_command_control_schema.sql,64,monitoring_findings,source_engine,"text"
20260414310000_command_control_schema.sql,65,monitoring_findings,finding_data,"jsonb"
20260414310000_command_control_schema.sql,66,monitoring_findings,github_issue_number,"integer"
20260414310000_command_control_schema.sql,67,monitoring_findings,github_issue_url,"text"
20260414310000_command_control_schema.sql,68,monitoring_findings,status,"text"
20260414310000_command_control_schema.sql,69,monitoring_findings,auto_created,"boolean"
20260414310000_command_control_schema.sql,70,monitoring_findings,created_at,"timestamptz"
20260414310000_command_control_schema.sql,71,monitoring_findings,resolved_at,"timestamptz"
20260414310000_command_control_schema.sql,75,command_audit_log,id,"uuid"
20260414310000_command_control_schema.sql,76,command_audit_log,event_type,"text"
20260414310000_command_control_schema.sql,77,command_audit_log,actor_type,"text"
20260414310000_command_control_schema.sql,78,command_audit_log,actor_name,"text"
20260414310000_command_control_schema.sql,79,command_audit_log,action,"text"
20260414310000_command_control_schema.sql,80,command_audit_log,target_type,"text"
20260414310000_command_control_schema.sql,81,command_audit_log,target_id,"text"
20260414310000_command_control_schema.sql,82,command_audit_log,details,"jsonb"
20260414310000_command_control_schema.sql,83,command_audit_log,rollback_tag,"text"
20260414310000_command_control_schema.sql,84,command_audit_log,created_at,"timestamptz"
20260414310000_command_control_schema.sql,88,system_health_snapshots,id,"uuid"
20260414310000_command_control_schema.sql,89,system_health_snapshots,component,"text"
20260414310000_command_control_schema.sql,90,system_health_snapshots,status,"text"
20260414310000_command_control_schema.sql,91,system_health_snapshots,response_time_ms,"integer"
20260414310000_command_control_schema.sql,92,system_health_snapshots,details,"jsonb"
20260414310000_command_control_schema.sql,93,system_health_snapshots,checked_at,"timestamptz"
20260414310000_command_control_schema.sql,97,cost_tracking,id,"uuid"
20260414310000_command_control_schema.sql,98,cost_tracking,agent_name,"text"
20260414310000_command_control_schema.sql,99,cost_tracking,date,"date"
20260414310000_command_control_schema.sql,100,cost_tracking,tokens_input,"integer"
20260414310000_command_control_schema.sql,101,cost_tracking,tokens_output,"integer"
20260414310000_command_control_schema.sql,102,cost_tracking,total_tokens,"integer"
20260414310000_command_control_schema.sql,103,cost_tracking,cost_usd,"numeric(10,4)"
20260414310000_command_control_schema.sql,104,cost_tracking,api_calls,"integer"
20260414310000_command_control_schema.sql,105,cost_tracking,model_name,"text"
20260414310000_command_control_schema.sql,106,cost_tracking,created_at,"timestamptz"
20260414310000_command_control_schema.sql,111,rollback_points,id,"uuid"
20260414310000_command_control_schema.sql,112,rollback_points,change_type,"text"
20260414310000_command_control_schema.sql,113,rollback_points,change_id,"text"
20260414310000_command_control_schema.sql,114,rollback_points,git_tag,"text"
20260414310000_command_control_schema.sql,115,rollback_points,git_commit_sha,"text"
20260414310000_command_control_schema.sql,116,rollback_points,deployment_id,"text"
20260414310000_command_control_schema.sql,117,rollback_points,description,"text"
20260414310000_command_control_schema.sql,118,rollback_points,can_rollback,"boolean"
20260414310000_command_control_schema.sql,119,rollback_points,rolled_back,"boolean"
20260414310000_command_control_schema.sql,120,rollback_points,rolled_back_at,"timestamptz"
20260414310000_command_control_schema.sql,121,rollback_points,created_at,"timestamptz"
20260414400000_webauthn_and_profile_prefs.sql,3,webauthn_credentials,id,"uuid"
20260414400000_webauthn_and_profile_prefs.sql,4,webauthn_credentials,user_id,"uuid"
20260414400000_webauthn_and_profile_prefs.sql,5,webauthn_credentials,credential_id,"text"
20260414400000_webauthn_and_profile_prefs.sql,6,webauthn_credentials,public_key_cose,"text"
20260414400000_webauthn_and_profile_prefs.sql,7,webauthn_credentials,sign_count,"bigint"
20260414400000_webauthn_and_profile_prefs.sql,8,webauthn_credentials,aaguid,"text"
20260414400000_webauthn_and_profile_prefs.sql,9,webauthn_credentials,device_name,"text"
20260414400000_webauthn_and_profile_prefs.sql,10,webauthn_credentials,created_at,"timestamptz"
20260414400000_webauthn_and_profile_prefs.sql,11,webauthn_credentials,last_used_at,"timestamptz"
20260414400000_webauthn_and_profile_prefs.sql,24,webauthn_challenges,id,"uuid"
20260414400000_webauthn_and_profile_prefs.sql,25,webauthn_challenges,user_id,"uuid"
20260414400000_webauthn_and_profile_prefs.sql,26,webauthn_challenges,challenge,"text"
20260414400000_webauthn_and_profile_prefs.sql,27,webauthn_challenges,action,"text"
20260414400000_webauthn_and_profile_prefs.sql,28,webauthn_challenges,expires_at,"timestamptz"
20260414400000_webauthn_and_profile_prefs.sql,29,webauthn_challenges,created_at,"timestamptz"
20260414500000_server_brain_infrastructure.sql,8,server_events,id,"uuid"
20260414500000_server_brain_infrastructure.sql,9,server_events,event_type,"text"
20260414500000_server_brain_infrastructure.sql,10,server_events,payload,"jsonb"
20260414500000_server_brain_infrastructure.sql,11,server_events,source_engine,"text"
20260414500000_server_brain_infrastructure.sql,12,server_events,status,"text"
20260414500000_server_brain_infrastructure.sql,14,server_events,level,"text"
20260414500000_server_brain_infrastructure.sql,16,server_events,created_at,"timestamptz"
20260414500000_server_brain_infrastructure.sql,17,server_events,processed_at,"timestamptz"
20260414500000_server_brain_infrastructure.sql,18,server_events,expires_at,"timestamptz"
20260414500000_server_brain_infrastructure.sql,29,omega_decisions,id,"uuid"
20260414500000_server_brain_infrastructure.sql,30,omega_decisions,decision_type,"text"
20260414500000_server_brain_infrastructure.sql,31,omega_decisions,target_type,"text"
20260414500000_server_brain_infrastructure.sql,32,omega_decisions,target_id,"text"
20260414500000_server_brain_infrastructure.sql,33,omega_decisions,verdict,"text"
20260414500000_server_brain_infrastructure.sql,35,omega_decisions,global_score,"integer"
20260414500000_server_brain_infrastructure.sql,36,omega_decisions,sub_scores,"jsonb"
20260414500000_server_brain_infrastructure.sql,37,omega_decisions,critical_blockers,"text[]"
20260414500000_server_brain_infrastructure.sql,38,omega_decisions,warnings,"text[]"
20260414500000_server_brain_infrastructure.sql,39,omega_decisions,next_actions,"text[]"
20260414500000_server_brain_infrastructure.sql,40,omega_decisions,engine_statuses,"jsonb"
20260414500000_server_brain_infrastructure.sql,41,omega_decisions,report_payload,"jsonb"
20260414500000_server_brain_infrastructure.sql,42,omega_decisions,created_at,"timestamptz"
20260414500000_server_brain_infrastructure.sql,51,agent_heartbeats,agent_name,"text"
20260414500000_server_brain_infrastructure.sql,52,agent_heartbeats,last_beat_at,"timestamptz"
20260414500000_server_brain_infrastructure.sql,53,agent_heartbeats,status,"text"
20260414500000_server_brain_infrastructure.sql,55,agent_heartbeats,restart_count,"integer"
20260414500000_server_brain_infrastructure.sql,56,agent_heartbeats,metadata,"jsonb"
20260414500000_server_brain_infrastructure.sql,57,agent_heartbeats,updated_at,"timestamptz"
20260414500000_server_brain_infrastructure.sql,62,agent_circuit_breakers,engine_name,"text"
20260414500000_server_brain_infrastructure.sql,63,agent_circuit_breakers,state,"text"
20260414500000_server_brain_infrastructure.sql,65,agent_circuit_breakers,consecutive_failures,"integer"
20260414500000_server_brain_infrastructure.sql,66,agent_circuit_breakers,last_failure_at,"timestamptz"
20260414500000_server_brain_infrastructure.sql,67,agent_circuit_breakers,last_success_at,"timestamptz"
20260414500000_server_brain_infrastructure.sql,68,agent_circuit_breakers,quarantined_at,"timestamptz"
20260414500000_server_brain_infrastructure.sql,69,agent_circuit_breakers,quarantine_reason,"text"
20260414500000_server_brain_infrastructure.sql,70,agent_circuit_breakers,updated_at,"timestamptz"
20260414600000_runtime_stability_hardening.sql,9,kill_switches_server,id,"uuid"
20260414600000_runtime_stability_hardening.sql,10,kill_switches_server,feature,"text"
20260414600000_runtime_stability_hardening.sql,11,kill_switches_server,domain,"text"
20260414600000_runtime_stability_hardening.sql,12,kill_switches_server,enabled,"boolean"
20260414600000_runtime_stability_hardening.sql,13,kill_switches_server,reason,"text"
20260414600000_runtime_stability_hardening.sql,14,kill_switches_server,toggled_by,"text"
20260414600000_runtime_stability_hardening.sql,15,kill_switches_server,toggled_at,"timestamptz"
20260414600000_runtime_stability_hardening.sql,16,kill_switches_server,created_at,"timestamptz"
20260414600000_runtime_stability_hardening.sql,23,kill_switch_audit_log,id,"uuid"
20260414600000_runtime_stability_hardening.sql,24,kill_switch_audit_log,feature,"text"
20260414600000_runtime_stability_hardening.sql,25,kill_switch_audit_log,domain,"text"
20260414600000_runtime_stability_hardening.sql,26,kill_switch_audit_log,actor,"text"
20260414600000_runtime_stability_hardening.sql,27,kill_switch_audit_log,reason,"text"
20260414600000_runtime_stability_hardening.sql,28,kill_switch_audit_log,before_state,"boolean"
20260414600000_runtime_stability_hardening.sql,29,kill_switch_audit_log,after_state,"boolean"
20260414600000_runtime_stability_hardening.sql,30,kill_switch_audit_log,created_at,"timestamptz"
20260414600000_runtime_stability_hardening.sql,38,feature_flags_server,id,"uuid"
20260414600000_runtime_stability_hardening.sql,39,feature_flags_server,name,"text"
20260414600000_runtime_stability_hardening.sql,40,feature_flags_server,domain,"text"
20260414600000_runtime_stability_hardening.sql,41,feature_flags_server,enabled,"boolean"
20260414600000_runtime_stability_hardening.sql,42,feature_flags_server,rollout_percentage,"integer"
20260414600000_runtime_stability_hardening.sql,43,feature_flags_server,environments,"text[]"
20260414600000_runtime_stability_hardening.sql,44,feature_flags_server,updated_by,"text"
20260414600000_runtime_stability_hardening.sql,45,feature_flags_server,updated_at,"timestamptz"
20260414600000_runtime_stability_hardening.sql,46,feature_flags_server,created_at,"timestamptz"
20260414600000_runtime_stability_hardening.sql,54,domain_degradation_modes,domain,"text"
20260414600000_runtime_stability_hardening.sql,55,domain_degradation_modes,mode,"text"
20260414600000_runtime_stability_hardening.sql,59,domain_degradation_modes,reason,"text"
20260414600000_runtime_stability_hardening.sql,60,domain_degradation_modes,activated_by,"text"
20260414600000_runtime_stability_hardening.sql,61,domain_degradation_modes,activated_at,"timestamptz"
20260414600000_runtime_stability_hardening.sql,62,domain_degradation_modes,auto_restore_at,"timestamptz"
20260414600000_runtime_stability_hardening.sql,63,domain_degradation_modes,updated_at,"timestamptz"
20260414600000_runtime_stability_hardening.sql,67,degradation_audit_log,id,"uuid"
20260414600000_runtime_stability_hardening.sql,68,degradation_audit_log,domain,"text"
20260414600000_runtime_stability_hardening.sql,69,degradation_audit_log,actor,"text"
20260414600000_runtime_stability_hardening.sql,70,degradation_audit_log,reason,"text"
20260414600000_runtime_stability_hardening.sql,71,degradation_audit_log,before_mode,"text"
20260414600000_runtime_stability_hardening.sql,72,degradation_audit_log,after_mode,"text"
20260414600000_runtime_stability_hardening.sql,73,degradation_audit_log,created_at,"timestamptz"
20260414600000_runtime_stability_hardening.sql,81,state_machine_checkpoints,id,"uuid"
20260414600000_runtime_stability_hardening.sql,82,state_machine_checkpoints,flow_id,"text"
20260414600000_runtime_stability_hardening.sql,83,state_machine_checkpoints,flow_type,"text"
20260414600000_runtime_stability_hardening.sql,84,state_machine_checkpoints,machine_name,"text"
20260414600000_runtime_stability_hardening.sql,85,state_machine_checkpoints,current_state,"text"
20260414600000_runtime_stability_hardening.sql,86,state_machine_checkpoints,previous_state,"text"
20260414600000_runtime_stability_hardening.sql,87,state_machine_checkpoints,event,"text"
20260414600000_runtime_stability_hardening.sql,88,state_machine_checkpoints,transition_id,"text"
20260414600000_runtime_stability_hardening.sql,89,state_machine_checkpoints,guard_results,"jsonb"
20260414600000_runtime_stability_hardening.sql,90,state_machine_checkpoints,context_data,"jsonb"
20260414600000_runtime_stability_hardening.sql,91,state_machine_checkpoints,created_at,"timestamptz"
20260414600000_runtime_stability_hardening.sql,100,state_machine_incidents,id,"uuid"
20260414600000_runtime_stability_hardening.sql,101,state_machine_incidents,flow_id,"text"
20260414600000_runtime_stability_hardening.sql,102,state_machine_incidents,flow_type,"text"
20260414600000_runtime_stability_hardening.sql,103,state_machine_incidents,current_state,"text"
20260414600000_runtime_stability_hardening.sql,104,state_machine_incidents,attempted_event,"text"
20260414600000_runtime_stability_hardening.sql,105,state_machine_incidents,rejection_reason,"text"
20260414600000_runtime_stability_hardening.sql,106,state_machine_incidents,correlation_id,"text"
20260414600000_runtime_stability_hardening.sql,107,state_machine_incidents,created_at,"timestamptz"
20260414600000_runtime_stability_hardening.sql,115,anomaly_detection_windows,id,"uuid"
20260414600000_runtime_stability_hardening.sql,116,anomaly_detection_windows,domain,"text"
20260414600000_runtime_stability_hardening.sql,117,anomaly_detection_windows,window_start,"timestamptz"
20260414600000_runtime_stability_hardening.sql,118,anomaly_detection_windows,window_end,"timestamptz"
20260414600000_runtime_stability_hardening.sql,119,anomaly_detection_windows,error_count,"integer"
20260414600000_runtime_stability_hardening.sql,120,anomaly_detection_windows,success_count,"integer"
20260414600000_runtime_stability_hardening.sql,121,anomaly_detection_windows,error_velocity,"numeric(8,4)"
20260414600000_runtime_stability_hardening.sql,122,anomaly_detection_windows,p95_latency_ms,"integer"
20260414600000_runtime_stability_hardening.sql,123,anomaly_detection_windows,p99_latency_ms,"integer"
20260414600000_runtime_stability_hardening.sql,124,anomaly_detection_windows,retry_storm_count,"integer"
20260414600000_runtime_stability_hardening.sql,125,anomaly_detection_windows,queue_backlog_depth,"integer"
20260414600000_runtime_stability_hardening.sql,126,anomaly_detection_windows,mutation_rejection_rate,"numeric(5,4)"
20260414600000_runtime_stability_hardening.sql,127,anomaly_detection_windows,reconnect_frequency,"integer"
20260414600000_runtime_stability_hardening.sql,128,anomaly_detection_windows,invalid_transition_count,"integer"
20260414600000_runtime_stability_hardening.sql,129,anomaly_detection_windows,stale_data_frequency,"integer"
20260414600000_runtime_stability_hardening.sql,130,anomaly_detection_windows,anomaly_detected,"boolean"
20260414600000_runtime_stability_hardening.sql,131,anomaly_detection_windows,actions_taken,"text[]"
20260414600000_runtime_stability_hardening.sql,132,anomaly_detection_windows,created_at,"timestamptz"
20260414600000_runtime_stability_hardening.sql,141,preemptive_actions_log,id,"uuid"
20260414600000_runtime_stability_hardening.sql,142,preemptive_actions_log,domain,"text"
20260414600000_runtime_stability_hardening.sql,143,preemptive_actions_log,action_type,"text"
20260414600000_runtime_stability_hardening.sql,144,preemptive_actions_log,trigger_metric,"text"
20260414600000_runtime_stability_hardening.sql,145,preemptive_actions_log,trigger_value,"numeric"
20260414600000_runtime_stability_hardening.sql,146,preemptive_actions_log,threshold,"numeric"
20260414600000_runtime_stability_hardening.sql,147,preemptive_actions_log,before_state,"jsonb"
20260414600000_runtime_stability_hardening.sql,148,preemptive_actions_log,after_state,"jsonb"
20260414600000_runtime_stability_hardening.sql,149,preemptive_actions_log,created_at,"timestamptz"
20260414600000_runtime_stability_hardening.sql,157,read_model_dashboard_cards,card_id,"text"
20260414600000_runtime_stability_hardening.sql,158,read_model_dashboard_cards,card_type,"text"
20260414600000_runtime_stability_hardening.sql,159,read_model_dashboard_cards,domain,"text"
20260414600000_runtime_stability_hardening.sql,160,read_model_dashboard_cards,title,"text"
20260414600000_runtime_stability_hardening.sql,161,read_model_dashboard_cards,value,"jsonb"
20260414600000_runtime_stability_hardening.sql,162,read_model_dashboard_cards,status,"text"
20260414600000_runtime_stability_hardening.sql,164,read_model_dashboard_cards,freshness_ttl_s,"integer"
20260414600000_runtime_stability_hardening.sql,165,read_model_dashboard_cards,last_computed_at,"timestamptz"
20260414600000_runtime_stability_hardening.sql,166,read_model_dashboard_cards,owner_query,"text"
20260414600000_runtime_stability_hardening.sql,167,read_model_dashboard_cards,error_policy,"text"
20260414600000_runtime_stability_hardening.sql,168,read_model_dashboard_cards,updated_at,"timestamptz"
20260414600000_runtime_stability_hardening.sql,176,db_observability_metrics,id,"uuid"
20260414600000_runtime_stability_hardening.sql,177,db_observability_metrics,metric_name,"text"
20260414600000_runtime_stability_hardening.sql,178,db_observability_metrics,metric_value,"numeric"
20260414600000_runtime_stability_hardening.sql,179,db_observability_metrics,metric_unit,"text"
20260414600000_runtime_stability_hardening.sql,180,db_observability_metrics,threshold_warn,"numeric"
20260414600000_runtime_stability_hardening.sql,181,db_observability_metrics,threshold_crit,"numeric"
20260414600000_runtime_stability_hardening.sql,182,db_observability_metrics,is_alert,"boolean"
20260414600000_runtime_stability_hardening.sql,183,db_observability_metrics,metadata,"jsonb"
20260414600000_runtime_stability_hardening.sql,184,db_observability_metrics,recorded_at,"timestamptz"
20260414600000_runtime_stability_hardening.sql,193,boundary_validation_quarantine,id,"uuid"
20260414600000_runtime_stability_hardening.sql,194,boundary_validation_quarantine,boundary_name,"text"
20260414600000_runtime_stability_hardening.sql,195,boundary_validation_quarantine,schema_version,"text"
20260414600000_runtime_stability_hardening.sql,196,boundary_validation_quarantine,payload_hash,"text"
20260414600000_runtime_stability_hardening.sql,197,boundary_validation_quarantine,original_payload,"jsonb"
20260414600000_runtime_stability_hardening.sql,198,boundary_validation_quarantine,validation_errors,"jsonb"
20260414600000_runtime_stability_hardening.sql,199,boundary_validation_quarantine,correlation_id,"text"
20260414600000_runtime_stability_hardening.sql,200,boundary_validation_quarantine,source_domain,"text"
20260414600000_runtime_stability_hardening.sql,201,boundary_validation_quarantine,created_at,"timestamptz"
20260414600000_runtime_stability_hardening.sql,209,queue_dedup_window,fingerprint,"text"
20260414600000_runtime_stability_hardening.sql,210,queue_dedup_window,queue_name,"text"
20260414600000_runtime_stability_hardening.sql,211,queue_dedup_window,job_id,"uuid"
20260414600000_runtime_stability_hardening.sql,212,queue_dedup_window,created_at,"timestamptz"
20260414600000_runtime_stability_hardening.sql,213,queue_dedup_window,expires_at,"timestamptz"
20260414600000_runtime_stability_hardening.sql,221,queue_domain_pause,queue_name,"text"
20260414600000_runtime_stability_hardening.sql,222,queue_domain_pause,paused,"boolean"
20260414600000_runtime_stability_hardening.sql,223,queue_domain_pause,paused_by,"text"
20260414600000_runtime_stability_hardening.sql,224,queue_domain_pause,paused_at,"timestamptz"
20260414600000_runtime_stability_hardening.sql,225,queue_domain_pause,reason,"text"
20260414600000_runtime_stability_hardening.sql,226,queue_domain_pause,updated_at,"timestamptz"
20260414600000_runtime_stability_hardening.sql,231,queue_poison_messages,id,"uuid"
20260414600000_runtime_stability_hardening.sql,232,queue_poison_messages,queue_name,"text"
20260414600000_runtime_stability_hardening.sql,233,queue_poison_messages,original_job_id,"uuid"
20260414600000_runtime_stability_hardening.sql,234,queue_poison_messages,payload_hash,"text"
20260414600000_runtime_stability_hardening.sql,235,queue_poison_messages,payload,"jsonb"
20260414600000_runtime_stability_hardening.sql,236,queue_poison_messages,failure_count,"integer"
20260414600000_runtime_stability_hardening.sql,237,queue_poison_messages,last_error,"text"
20260414600000_runtime_stability_hardening.sql,238,queue_poison_messages,quarantined_at,"timestamptz"
20260414600000_runtime_stability_hardening.sql,239,queue_poison_messages,status,"text"
20260414610000_search_infrastructure.sql,11,search_analytics,id,"uuid"
20260414610000_search_infrastructure.sql,12,search_analytics,query_text,"text"
20260414610000_search_infrastructure.sql,13,search_analytics,search_count,"integer"
20260414610000_search_infrastructure.sql,14,search_analytics,last_searched_by,"uuid"
20260414610000_search_infrastructure.sql,15,search_analytics,last_searched_at,"timestamptz"
20260414610000_search_infrastructure.sql,16,search_analytics,created_at,"timestamptz"
20260414700000_media_pipeline.sql,4,media_assets,id,"uuid"
20260414700000_media_pipeline.sql,5,media_assets,bucket,"text"
20260414700000_media_pipeline.sql,6,media_assets,path,"text"
20260414700000_media_pipeline.sql,7,media_assets,content_type,"text"
20260414700000_media_pipeline.sql,8,media_assets,original_width,"integer"
20260414700000_media_pipeline.sql,9,media_assets,original_height,"integer"
20260414700000_media_pipeline.sql,10,media_assets,size_bytes,"bigint"
20260414700000_media_pipeline.sql,11,media_assets,lqip_hash,"text"
20260414700000_media_pipeline.sql,12,media_assets,variants,"jsonb"
20260414700000_media_pipeline.sql,13,media_assets,entity_type,"text"
20260414700000_media_pipeline.sql,14,media_assets,entity_id,"uuid"
20260414700000_media_pipeline.sql,15,media_assets,uploaded_by,"uuid"
20260414700000_media_pipeline.sql,16,media_assets,created_at,"timestamptz"
20260414700000_media_pipeline.sql,17,media_assets,updated_at,"timestamptz"
20260414700000_media_pipeline.sql,136,transcode_jobs,id,"uuid"
20260414700000_media_pipeline.sql,137,transcode_jobs,source_bucket,"text"
20260414700000_media_pipeline.sql,138,transcode_jobs,source_path,"text"
20260414700000_media_pipeline.sql,139,transcode_jobs,output_format,"text"
20260414700000_media_pipeline.sql,140,transcode_jobs,status,"text"
20260414700000_media_pipeline.sql,141,transcode_jobs,metadata_json,"jsonb"
20260414700000_media_pipeline.sql,142,transcode_jobs,result_json,"jsonb"
20260414700000_media_pipeline.sql,143,transcode_jobs,error_message,"text"
20260414700000_media_pipeline.sql,144,transcode_jobs,attempts,"integer"
20260414700000_media_pipeline.sql,145,transcode_jobs,created_at,"timestamptz"
20260414700000_media_pipeline.sql,146,transcode_jobs,updated_at,"timestamptz"
20260414700000_media_pipeline.sql,147,transcode_jobs,completed_at,"timestamptz"
20260414800000_call_infrastructure.sql,41,group_call_rooms,id,"uuid"
20260414800000_call_infrastructure.sql,42,group_call_rooms,room_name,"text"
20260414800000_call_infrastructure.sql,43,group_call_rooms,created_by,"uuid"
20260414800000_call_infrastructure.sql,44,group_call_rooms,mode,"text"
20260414800000_call_infrastructure.sql,45,group_call_rooms,max_participants,"integer"
20260414800000_call_infrastructure.sql,46,group_call_rooms,status,"text"
20260414800000_call_infrastructure.sql,47,group_call_rooms,started_at,"timestamptz"
20260414800000_call_infrastructure.sql,48,group_call_rooms,ended_at,"timestamptz"
20260414800000_call_infrastructure.sql,49,group_call_rooms,duration_sec,"integer"
20260414800000_call_infrastructure.sql,50,group_call_rooms,is_recording,"boolean"
20260414800000_call_infrastructure.sql,51,group_call_rooms,recording_path,"text"
20260414800000_call_infrastructure.sql,52,group_call_rooms,metadata,"jsonb"
20260414800000_call_infrastructure.sql,53,group_call_rooms,created_at,"timestamptz"
20260414800000_call_infrastructure.sql,54,group_call_rooms,updated_at,"timestamptz"
20260414800000_call_infrastructure.sql,59,group_call_participants,id,"uuid"
20260414800000_call_infrastructure.sql,60,group_call_participants,room_id,"uuid"
20260414800000_call_infrastructure.sql,61,group_call_participants,user_id,"uuid"
20260414800000_call_infrastructure.sql,62,group_call_participants,orbit_id,"text"
20260414800000_call_infrastructure.sql,63,group_call_participants,display_name,"text"
20260414800000_call_infrastructure.sql,64,group_call_participants,joined_at,"timestamptz"
20260414800000_call_infrastructure.sql,65,group_call_participants,left_at,"timestamptz"
20260414800000_call_infrastructure.sql,66,group_call_participants,was_muted,"boolean"
20260414800000_call_infrastructure.sql,67,group_call_participants,was_camera_on,"boolean"
20260414800000_call_infrastructure.sql,68,group_call_participants,connection_quality,"text"
20260414800000_call_infrastructure.sql,69,group_call_participants,created_at,"timestamptz"
20260414810000_cron_monitoring.sql,6,cron_execution_log,id,"uuid"
20260414810000_cron_monitoring.sql,7,cron_execution_log,job_name,"text"
20260414810000_cron_monitoring.sql,8,cron_execution_log,started_at,"timestamptz"
20260414810000_cron_monitoring.sql,9,cron_execution_log,finished_at,"timestamptz"
20260414810000_cron_monitoring.sql,10,cron_execution_log,status,"text"
20260414810000_cron_monitoring.sql,11,cron_execution_log,duration_ms,"integer"
20260414810000_cron_monitoring.sql,12,cron_execution_log,error_message,"text"
20260414810000_cron_monitoring.sql,13,cron_execution_log,rows_affected,"integer"
20260414810000_cron_monitoring.sql,14,cron_execution_log,metadata,"jsonb"
20260414810000_cron_monitoring.sql,15,cron_execution_log,created_at,"timestamptz"
20260414900000_legal_compliance.sql,7,financial_audit_trail,id,"uuid"
20260414900000_legal_compliance.sql,8,financial_audit_trail,user_id,"uuid"
20260414900000_legal_compliance.sql,9,financial_audit_trail,transaction_type,"text"
20260414900000_legal_compliance.sql,10,financial_audit_trail,amount,"numeric(15, 2)"
20260414900000_legal_compliance.sql,11,financial_audit_trail,currency,"text"
20260414900000_legal_compliance.sql,12,financial_audit_trail,counterparty_id,"uuid"
20260414900000_legal_compliance.sql,13,financial_audit_trail,reference_id,"text"
20260414900000_legal_compliance.sql,14,financial_audit_trail,reference_type,"text"
20260414900000_legal_compliance.sql,15,financial_audit_trail,payment_method,"text"
20260414900000_legal_compliance.sql,16,financial_audit_trail,stripe_payment_intent_id,"text"
20260414900000_legal_compliance.sql,17,financial_audit_trail,status,"text"
20260414900000_legal_compliance.sql,18,financial_audit_trail,metadata,"jsonb"
20260414900000_legal_compliance.sql,19,financial_audit_trail,ip_address,"text"
20260414900000_legal_compliance.sql,20,financial_audit_trail,user_agent,"text"
20260414900000_legal_compliance.sql,21,financial_audit_trail,created_at,"timestamptz"
20260414900000_legal_compliance.sql,98,cookie_consent_log,id,"uuid"
20260414900000_legal_compliance.sql,99,cookie_consent_log,user_id,"uuid"
20260414900000_legal_compliance.sql,100,cookie_consent_log,session_id,"text"
20260414900000_legal_compliance.sql,101,cookie_consent_log,analytics_accepted,"boolean"
20260414900000_legal_compliance.sql,102,cookie_consent_log,marketing_accepted,"boolean"
20260414900000_legal_compliance.sql,103,cookie_consent_log,consent_version,"int"
20260414900000_legal_compliance.sql,104,cookie_consent_log,ip_address,"text"
20260414900000_legal_compliance.sql,105,cookie_consent_log,user_agent,"text"
20260414900000_legal_compliance.sql,106,cookie_consent_log,consented_at,"timestamptz"
20260415_c2c_tables.sql,61,c2c_offers,id,"uuid"
20260415_c2c_tables.sql,62,c2c_offers,listing_id,"uuid"
20260415_c2c_tables.sql,63,c2c_offers,buyer_id,"uuid"
20260415_c2c_tables.sql,64,c2c_offers,seller_id,"uuid"
20260415_c2c_tables.sql,65,c2c_offers,amount,"numeric(12, 2)"
20260415_c2c_tables.sql,66,c2c_offers,currency,"text"
20260415_c2c_tables.sql,67,c2c_offers,message,"text"
20260415_c2c_tables.sql,68,c2c_offers,status,"text"
20260415_c2c_tables.sql,69,c2c_offers,counter_amount,"numeric(12, 2)"
20260415_c2c_tables.sql,70,c2c_offers,counter_message,"text"
20260415_c2c_tables.sql,71,c2c_offers,expires_at,"timestamptz"
20260415_c2c_tables.sql,72,c2c_offers,deal_id,"uuid"
20260415_c2c_tables.sql,73,c2c_offers,conversation_id,"uuid"
20260415_c2c_tables.sql,74,c2c_offers,created_at,"timestamptz"
20260415_c2c_tables.sql,75,c2c_offers,updated_at,"timestamptz"
20260415_c2c_tables.sql,84,c2c_reports,id,"uuid"
20260415_c2c_tables.sql,85,c2c_reports,listing_id,"uuid"
20260415_c2c_tables.sql,86,c2c_reports,reporter_id,"uuid"
20260415_c2c_tables.sql,87,c2c_reports,reason,"text"
20260415_c2c_tables.sql,88,c2c_reports,details,"text"
20260415_c2c_tables.sql,89,c2c_reports,status,"text"
20260415_c2c_tables.sql,90,c2c_reports,created_at,"timestamptz"
20260415_c2c_tables.sql,97,c2c_moderation_queue,id,"uuid"
20260415_c2c_tables.sql,98,c2c_moderation_queue,listing_id,"uuid"
20260415_c2c_tables.sql,99,c2c_moderation_queue,reason,"text"
20260415_c2c_tables.sql,100,c2c_moderation_queue,flags,"text[]"
20260415_c2c_tables.sql,101,c2c_moderation_queue,status,"text"
20260415_c2c_tables.sql,102,c2c_moderation_queue,reviewer_id,"uuid"
20260415_c2c_tables.sql,103,c2c_moderation_queue,reviewed_at,"timestamptz"
20260415_c2c_tables.sql,104,c2c_moderation_queue,created_at,"timestamptz"
20260415_c2c_tables.sql,112,c2c_reviews,id,"uuid"
20260415_c2c_tables.sql,113,c2c_reviews,listing_id,"uuid"
20260415_c2c_tables.sql,114,c2c_reviews,reviewer_id,"uuid"
20260415_c2c_tables.sql,115,c2c_reviews,seller_id,"uuid"
20260415_c2c_tables.sql,116,c2c_reviews,offer_id,"uuid"
20260415_c2c_tables.sql,117,c2c_reviews,rating,"integer"
20260415_c2c_tables.sql,118,c2c_reviews,comment,"text"
20260415_c2c_tables.sql,119,c2c_reviews,created_at,"timestamptz"
20260415100000_slow_query_monitoring.sql,10,admin_slow_query_log,id,"bigint"
20260415100000_slow_query_monitoring.sql,11,admin_slow_query_log,query_text,"text"
20260415100000_slow_query_monitoring.sql,12,admin_slow_query_log,calls,"bigint"
20260415100000_slow_query_monitoring.sql,13,admin_slow_query_log,total_exec_time_ms,"double"
20260415100000_slow_query_monitoring.sql,14,admin_slow_query_log,mean_exec_time_ms,"double"
20260415100000_slow_query_monitoring.sql,15,admin_slow_query_log,max_exec_time_ms,"double"
20260415100000_slow_query_monitoring.sql,16,admin_slow_query_log,min_exec_time_ms,"double"
20260415100000_slow_query_monitoring.sql,17,admin_slow_query_log,rows_returned,"bigint"
20260415100000_slow_query_monitoring.sql,18,admin_slow_query_log,snapshot_at,"timestamptz"
20260415120000_commerce_services_complete.sql,9,product_returns,id,"uuid"
20260415120000_commerce_services_complete.sql,10,product_returns,order_id,"uuid"
20260415120000_commerce_services_complete.sql,11,product_returns,order_item_id,"uuid"
20260415120000_commerce_services_complete.sql,12,product_returns,buyer_id,"uuid"
20260415120000_commerce_services_complete.sql,13,product_returns,seller_id,"uuid"
20260415120000_commerce_services_complete.sql,14,product_returns,reason,"text"
20260415120000_commerce_services_complete.sql,15,product_returns,reason_details,"text"
20260415120000_commerce_services_complete.sql,16,product_returns,photos,"text[]"
20260415120000_commerce_services_complete.sql,17,product_returns,status,"text"
20260415120000_commerce_services_complete.sql,18,product_returns,refund_amount,"numeric"
20260415120000_commerce_services_complete.sql,19,product_returns,refund_method,"text"
20260415120000_commerce_services_complete.sql,20,product_returns,admin_notes,"text"
20260415120000_commerce_services_complete.sql,21,product_returns,requested_at,"timestamptz"
20260415120000_commerce_services_complete.sql,22,product_returns,resolved_at,"timestamptz"
20260415120000_commerce_services_complete.sql,23,product_returns,created_at,"timestamptz"
20260415120000_commerce_services_complete.sql,47,user_wishlist_items,id,"uuid"
20260415120000_commerce_services_complete.sql,48,user_wishlist_items,user_id,"uuid"
20260415120000_commerce_services_complete.sql,49,user_wishlist_items,item_id,"uuid"
20260415120000_commerce_services_complete.sql,50,user_wishlist_items,variant_id,"uuid"
20260415120000_commerce_services_complete.sql,51,user_wishlist_items,shop_id,"uuid"
20260415120000_commerce_services_complete.sql,52,user_wishlist_items,added_at,"timestamptz"
20260415120000_commerce_services_complete.sql,68,service_catalog,id,"uuid"
20260415120000_commerce_services_complete.sql,69,service_catalog,provider_id,"uuid"
20260415120000_commerce_services_complete.sql,70,service_catalog,title,"text"
20260415120000_commerce_services_complete.sql,71,service_catalog,description,"text"
20260415120000_commerce_services_complete.sql,72,service_catalog,category,"text"
20260415120000_commerce_services_complete.sql,73,service_catalog,subcategory,"text"
20260415120000_commerce_services_complete.sql,74,service_catalog,duration_minutes,"integer"
20260415120000_commerce_services_complete.sql,75,service_catalog,price,"numeric"
20260415120000_commerce_services_complete.sql,76,service_catalog,price_type,"text"
20260415120000_commerce_services_complete.sql,77,service_catalog,at_home,"boolean"
20260415120000_commerce_services_complete.sql,78,service_catalog,in_office,"boolean"
20260415120000_commerce_services_complete.sql,79,service_catalog,remote,"boolean"
20260415120000_commerce_services_complete.sql,80,service_catalog,photos,"text[]"
20260415120000_commerce_services_complete.sql,81,service_catalog,requirements,"text[]"
20260415120000_commerce_services_complete.sql,82,service_catalog,is_active,"boolean"
20260415120000_commerce_services_complete.sql,83,service_catalog,sort_order,"integer"
20260415120000_commerce_services_complete.sql,84,service_catalog,rating_avg,"numeric"
20260415120000_commerce_services_complete.sql,85,service_catalog,booking_count,"integer"
20260415120000_commerce_services_complete.sql,86,service_catalog,created_at,"timestamptz"
20260415120000_commerce_services_complete.sql,87,service_catalog,updated_at,"timestamptz"
20260415120000_commerce_services_complete.sql,105,service_availability,id,"uuid"
20260415120000_commerce_services_complete.sql,106,service_availability,provider_id,"uuid"
20260415120000_commerce_services_complete.sql,107,service_availability,day_of_week,"integer"
20260415120000_commerce_services_complete.sql,108,service_availability,start_time,"time"
20260415120000_commerce_services_complete.sql,109,service_availability,end_time,"time"
20260415120000_commerce_services_complete.sql,110,service_availability,max_concurrent,"integer"
20260415120000_commerce_services_complete.sql,111,service_availability,is_active,"boolean"
20260415120000_commerce_services_complete.sql,112,service_availability,created_at,"timestamptz"
20260415120000_commerce_services_complete.sql,130,service_bookings_v2,id,"uuid"
20260415120000_commerce_services_complete.sql,131,service_bookings_v2,service_id,"uuid"
20260415120000_commerce_services_complete.sql,132,service_bookings_v2,provider_id,"uuid"
20260415120000_commerce_services_complete.sql,133,service_bookings_v2,client_id,"uuid"
20260415120000_commerce_services_complete.sql,134,service_bookings_v2,booked_date,"date"
20260415120000_commerce_services_complete.sql,135,service_bookings_v2,start_time,"time"
20260415120000_commerce_services_complete.sql,136,service_bookings_v2,end_time,"time"
20260415120000_commerce_services_complete.sql,137,service_bookings_v2,status,"text"
20260415120000_commerce_services_complete.sql,138,service_bookings_v2,client_notes,"text"
20260415120000_commerce_services_complete.sql,139,service_bookings_v2,provider_notes,"text"
20260415120000_commerce_services_complete.sql,140,service_bookings_v2,address,"text"
20260415120000_commerce_services_complete.sql,141,service_bookings_v2,lat,"numeric"
20260415120000_commerce_services_complete.sql,142,service_bookings_v2,lng,"numeric"
20260415120000_commerce_services_complete.sql,143,service_bookings_v2,total_price,"numeric"
20260415120000_commerce_services_complete.sql,144,service_bookings_v2,currency,"text"
20260415120000_commerce_services_complete.sql,145,service_bookings_v2,cancel_reason,"text"
20260415120000_commerce_services_complete.sql,146,service_bookings_v2,cancelled_by,"text"
20260415120000_commerce_services_complete.sql,147,service_bookings_v2,created_at,"timestamptz"
20260415120000_commerce_services_complete.sql,148,service_bookings_v2,updated_at,"timestamptz"
20260415120000_commerce_services_complete.sql,172,platform_config,key,"text"
20260415120000_commerce_services_complete.sql,173,platform_config,value,"jsonb"
20260415120000_commerce_services_complete.sql,174,platform_config,updated_at,"timestamptz"
20260415120000_commerce_services_complete.sql,175,platform_config,updated_by,"uuid"
20260415300000_wallet_device_bindings.sql,2,wallet_device_bindings,id,"uuid"
20260415300000_wallet_device_bindings.sql,3,wallet_device_bindings,user_id,"uuid"
20260415300000_wallet_device_bindings.sql,4,wallet_device_bindings,device_id,"text"
20260415300000_wallet_device_bindings.sql,5,wallet_device_bindings,wallet_id,"text"
20260415300000_wallet_device_bindings.sql,6,wallet_device_bindings,hmac,"text"
20260415300000_wallet_device_bindings.sql,7,wallet_device_bindings,salt,"text"
20260415300000_wallet_device_bindings.sql,8,wallet_device_bindings,bound_at,"timestamptz"
20260415300000_wallet_device_bindings.sql,9,wallet_device_bindings,updated_at,"timestamptz"
20260415400000_eta_predictions.sql,2,eta_predictions,id,"uuid"
20260415400000_eta_predictions.sql,3,eta_predictions,job_id,"uuid"
20260415400000_eta_predictions.sql,4,eta_predictions,created_by,"uuid"
20260415400000_eta_predictions.sql,5,eta_predictions,prediction_type,"text"
20260415400000_eta_predictions.sql,6,eta_predictions,predicted_eta_minutes,"numeric"
20260415400000_eta_predictions.sql,7,eta_predictions,predicted_range_min,"numeric"
20260415400000_eta_predictions.sql,8,eta_predictions,predicted_range_max,"numeric"
20260415400000_eta_predictions.sql,9,eta_predictions,traffic_level,"text"
20260415400000_eta_predictions.sql,10,eta_predictions,weather_impact,"text"
20260415400000_eta_predictions.sql,11,eta_predictions,rush_hour_multiplier,"numeric"
20260415400000_eta_predictions.sql,12,eta_predictions,confidence_score,"numeric"
20260415400000_eta_predictions.sql,13,eta_predictions,origin_lat,"double"
20260415400000_eta_predictions.sql,14,eta_predictions,origin_lng,"double"
20260415400000_eta_predictions.sql,15,eta_predictions,destination_lat,"double"
20260415400000_eta_predictions.sql,16,eta_predictions,destination_lng,"double"
20260415400000_eta_predictions.sql,17,eta_predictions,actual_duration_minutes,"numeric"
20260415400000_eta_predictions.sql,18,eta_predictions,accuracy_score,"numeric"
20260415400000_eta_predictions.sql,19,eta_predictions,created_at,"timestamptz"
20260415410000_unified_providers.sql,11,identity.providers,id,"uuid"
20260415410000_unified_providers.sql,12,identity.providers,user_id,"uuid"
20260415410000_unified_providers.sql,13,identity.providers,provider_type,"text"
20260415410000_unified_providers.sql,14,identity.providers,display_name,"text"
20260415410000_unified_providers.sql,15,identity.providers,legal_name,"text"
20260415410000_unified_providers.sql,16,identity.providers,business_registration,"text"
20260415410000_unified_providers.sql,17,identity.providers,tax_id,"text"
20260415410000_unified_providers.sql,18,identity.providers,kyc_level,"text"
20260415410000_unified_providers.sql,19,identity.providers,kyc_status,"text"
20260415410000_unified_providers.sql,20,identity.providers,onboarding_status,"text"
20260415410000_unified_providers.sql,21,identity.providers,onboarding_completed_at,"timestamptz"
20260415410000_unified_providers.sql,22,identity.providers,address_line1,"text"
20260415410000_unified_providers.sql,23,identity.providers,address_line2,"text"
20260415410000_unified_providers.sql,24,identity.providers,city,"text"
20260415410000_unified_providers.sql,25,identity.providers,country,"text"
20260415410000_unified_providers.sql,26,identity.providers,postal_code,"text"
20260415410000_unified_providers.sql,27,identity.providers,lat,"numeric"
20260415410000_unified_providers.sql,28,identity.providers,lng,"numeric"
20260415410000_unified_providers.sql,29,identity.providers,coverage_radius_km,"integer"
20260415410000_unified_providers.sql,30,identity.providers,operating_hours,"jsonb"
20260415410000_unified_providers.sql,31,identity.providers,bank_iban,"text"
20260415410000_unified_providers.sql,32,identity.providers,bank_name,"text"
20260415410000_unified_providers.sql,33,identity.providers,bank_swift,"text"
20260415410000_unified_providers.sql,34,identity.providers,bank_account_holder,"text"
20260415410000_unified_providers.sql,35,identity.providers,commission_rate,"numeric"
20260415410000_unified_providers.sql,36,identity.providers,payout_frequency,"text"
20260415410000_unified_providers.sql,37,identity.providers,rating_avg,"numeric"
20260415410000_unified_providers.sql,38,identity.providers,rating_count,"integer"
20260415410000_unified_providers.sql,39,identity.providers,total_orders,"integer"
20260415410000_unified_providers.sql,40,identity.providers,total_revenue,"numeric"
20260415410000_unified_providers.sql,41,identity.providers,profile_photo_url,"text"
20260415410000_unified_providers.sql,42,identity.providers,cover_photo_url,"text"
20260415410000_unified_providers.sql,43,identity.providers,gallery_urls,"text[]"
20260415410000_unified_providers.sql,44,identity.providers,description,"text"
20260415410000_unified_providers.sql,45,identity.providers,tags,"text[]"
20260415410000_unified_providers.sql,46,identity.providers,metadata,"jsonb"
20260415410000_unified_providers.sql,47,identity.providers,is_active,"boolean"
20260415410000_unified_providers.sql,48,identity.providers,is_featured,"boolean"
20260415410000_unified_providers.sql,49,identity.providers,verified_at,"timestamptz"
20260415410000_unified_providers.sql,50,identity.providers,suspended_at,"timestamptz"
20260415410000_unified_providers.sql,51,identity.providers,suspension_reason,"text"
20260415410000_unified_providers.sql,52,identity.providers,created_at,"timestamptz"
20260415410000_unified_providers.sql,53,identity.providers,updated_at,"timestamptz"
20260415410000_unified_providers.sql,71,identity.kyc_documents,id,"uuid"
20260415410000_unified_providers.sql,72,identity.kyc_documents,user_id,"uuid"
20260415410000_unified_providers.sql,73,identity.kyc_documents,provider_id,"uuid"
20260415410000_unified_providers.sql,74,identity.kyc_documents,document_type,"text"
20260415410000_unified_providers.sql,80,identity.kyc_documents,file_path,"text"
20260415410000_unified_providers.sql,81,identity.kyc_documents,file_name,"text"
20260415410000_unified_providers.sql,82,identity.kyc_documents,file_size,"integer"
20260415410000_unified_providers.sql,83,identity.kyc_documents,mime_type,"text"
20260415410000_unified_providers.sql,84,identity.kyc_documents,status,"text"
20260415410000_unified_providers.sql,85,identity.kyc_documents,submitted_at,"timestamptz"
20260415410000_unified_providers.sql,86,identity.kyc_documents,reviewed_at,"timestamptz"
20260415410000_unified_providers.sql,87,identity.kyc_documents,reviewed_by,"uuid"
20260415410000_unified_providers.sql,88,identity.kyc_documents,rejection_reason,"text"
20260415410000_unified_providers.sql,89,identity.kyc_documents,expires_at,"timestamptz"
20260415410000_unified_providers.sql,90,identity.kyc_documents,metadata,"jsonb"
20260415410000_unified_providers.sql,91,identity.kyc_documents,created_at,"timestamptz"
20260415500000_dispatch_lock.sql,2,dispatch_locks,job_id,"text"
20260415500000_dispatch_lock.sql,3,dispatch_locks,claimed_at,"timestamptz"
20260415500000_dispatch_lock.sql,4,dispatch_locks,expires_at,"timestamptz"
20260415510000_short_links.sql,2,short_links,id,"uuid"
20260415510000_short_links.sql,3,short_links,code,"text"
20260415510000_short_links.sql,4,short_links,action,"text"
20260415510000_short_links.sql,5,short_links,payload,"jsonb"
20260415510000_short_links.sql,6,short_links,created_by,"uuid"
20260415510000_short_links.sql,7,short_links,expires_at,"timestamptz"
20260415510000_short_links.sql,8,short_links,click_count,"integer"
20260415510000_short_links.sql,9,short_links,created_at,"timestamptz"
20260415510000_short_links.sql,10,short_links,updated_at,"timestamptz"
20260415600000_client_ratings.sql,2,client_ratings,id,"uuid"
20260415600000_client_ratings.sql,3,client_ratings,job_id,"uuid"
20260415600000_client_ratings.sql,4,client_ratings,rider_user_id,"uuid"
20260415600000_client_ratings.sql,5,client_ratings,client_user_id,"uuid"
20260415600000_client_ratings.sql,6,client_ratings,rating,"smallint"
20260415600000_client_ratings.sql,7,client_ratings,comment,"text"
20260415600000_client_ratings.sql,8,client_ratings,created_at,"timestamptz"
20260415620000_hotel_domain_tables.sql,37,hotel_room_availability,id,"uuid"
20260415620000_hotel_domain_tables.sql,38,hotel_room_availability,room_id,"uuid"
20260415620000_hotel_domain_tables.sql,39,hotel_room_availability,date,"date"
20260415620000_hotel_domain_tables.sql,40,hotel_room_availability,status,"text"
20260415620000_hotel_domain_tables.sql,41,hotel_room_availability,price_override,"numeric"
20260415620000_hotel_domain_tables.sql,42,hotel_room_availability,booking_id,"uuid"
20260415620000_hotel_domain_tables.sql,43,hotel_room_availability,notes,"text"
20260415620000_hotel_domain_tables.sql,52,hotel_seasonal_pricing,id,"uuid"
20260415620000_hotel_domain_tables.sql,53,hotel_seasonal_pricing,room_id,"uuid"
20260415620000_hotel_domain_tables.sql,54,hotel_seasonal_pricing,period_name,"text"
20260415620000_hotel_domain_tables.sql,55,hotel_seasonal_pricing,start_date,"date"
20260415620000_hotel_domain_tables.sql,56,hotel_seasonal_pricing,end_date,"date"
20260415620000_hotel_domain_tables.sql,57,hotel_seasonal_pricing,price_per_night,"numeric"
20260415620000_hotel_domain_tables.sql,58,hotel_seasonal_pricing,min_stay_nights,"integer"
20260415620000_hotel_domain_tables.sql,59,hotel_seasonal_pricing,created_at,"timestamptz"
20260415620000_hotel_domain_tables.sql,67,hotel_policies,id,"uuid"
20260415620000_hotel_domain_tables.sql,68,hotel_policies,hotel_id,"uuid"
20260415620000_hotel_domain_tables.sql,69,hotel_policies,check_in_time,"time"
20260415620000_hotel_domain_tables.sql,70,hotel_policies,check_out_time,"time"
20260415620000_hotel_domain_tables.sql,71,hotel_policies,cancellation_hours_before,"integer"
20260415620000_hotel_domain_tables.sql,72,hotel_policies,cancellation_penalty_percent,"integer"
20260415620000_hotel_domain_tables.sql,73,hotel_policies,late_cancellation_penalty_percent,"integer"
20260415620000_hotel_domain_tables.sql,74,hotel_policies,children_policy,"text"
20260415620000_hotel_domain_tables.sql,75,hotel_policies,pet_policy,"text"
20260415620000_hotel_domain_tables.sql,76,hotel_policies,wifi_code,"text"
20260415620000_hotel_domain_tables.sql,77,hotel_policies,breakfast_hours,"text"
20260415620000_hotel_domain_tables.sql,78,hotel_policies,emergency_phone,"text"
20260415620000_hotel_domain_tables.sql,79,hotel_policies,floor_plan_url,"text"
20260415630000_restaurant_modifiers_allergens.sql,25,menu_modifier_groups,id,"uuid"
20260415630000_restaurant_modifiers_allergens.sql,26,menu_modifier_groups,menu_item_id,"uuid"
20260415630000_restaurant_modifiers_allergens.sql,27,menu_modifier_groups,group_name,"text"
20260415630000_restaurant_modifiers_allergens.sql,28,menu_modifier_groups,selection_type,"text"
20260415630000_restaurant_modifiers_allergens.sql,29,menu_modifier_groups,min_selections,"integer"
20260415630000_restaurant_modifiers_allergens.sql,30,menu_modifier_groups,max_selections,"integer"
20260415630000_restaurant_modifiers_allergens.sql,31,menu_modifier_groups,is_required,"boolean"
20260415630000_restaurant_modifiers_allergens.sql,32,menu_modifier_groups,sort_order,"integer"
20260415630000_restaurant_modifiers_allergens.sql,33,menu_modifier_groups,created_at,"timestamptz"
20260415630000_restaurant_modifiers_allergens.sql,34,menu_modifier_groups,updated_at,"timestamptz"
20260415630000_restaurant_modifiers_allergens.sql,39,menu_modifier_options,id,"uuid"
20260415630000_restaurant_modifiers_allergens.sql,40,menu_modifier_options,group_id,"uuid"
20260415630000_restaurant_modifiers_allergens.sql,41,menu_modifier_options,option_name,"text"
20260415630000_restaurant_modifiers_allergens.sql,42,menu_modifier_options,price_adjustment,"numeric"
20260415630000_restaurant_modifiers_allergens.sql,43,menu_modifier_options,is_default,"boolean"
20260415630000_restaurant_modifiers_allergens.sql,44,menu_modifier_options,is_available,"boolean"
20260415630000_restaurant_modifiers_allergens.sql,45,menu_modifier_options,sort_order,"integer"
20260415630000_restaurant_modifiers_allergens.sql,46,menu_modifier_options,created_at,"timestamptz"
20260415630000_restaurant_modifiers_allergens.sql,47,menu_modifier_options,updated_at,"timestamptz"
20260416000000_connection_pooling_and_sync.sql,53,edge_function_metrics,id,"bigint"
20260416000000_connection_pooling_and_sync.sql,54,edge_function_metrics,function_name,"text"
20260416000000_connection_pooling_and_sync.sql,55,edge_function_metrics,route_pattern,"text"
20260416000000_connection_pooling_and_sync.sql,56,edge_function_metrics,method,"text"
20260416000000_connection_pooling_and_sync.sql,57,edge_function_metrics,status_code,"integer"
20260416000000_connection_pooling_and_sync.sql,58,edge_function_metrics,duration_ms,"double"
20260416000000_connection_pooling_and_sync.sql,59,edge_function_metrics,cache_hit,"boolean"
20260416000000_connection_pooling_and_sync.sql,60,edge_function_metrics,user_id,"uuid"
20260416000000_connection_pooling_and_sync.sql,61,edge_function_metrics,geo_region,"text"
20260416000000_connection_pooling_and_sync.sql,62,edge_function_metrics,recorded_at,"timestamptz"
20260416003511_cache_metrics_log.sql,2,cache_metrics_log,id,"bigint"
20260416003511_cache_metrics_log.sql,3,cache_metrics_log,recorded_at,"timestamptz"
20260416003511_cache_metrics_log.sql,4,cache_metrics_log,function_name,"text"
20260416003511_cache_metrics_log.sql,5,cache_metrics_log,hits,"integer"
20260416003511_cache_metrics_log.sql,6,cache_metrics_log,misses,"integer"
20260416003511_cache_metrics_log.sql,7,cache_metrics_log,evictions,"integer"
20260416003511_cache_metrics_log.sql,8,cache_metrics_log,expirations,"integer"
20260416003511_cache_metrics_log.sql,9,cache_metrics_log,stores,"integer"
20260416003511_cache_metrics_log.sql,10,cache_metrics_log,hit_rate,"numeric(5,2)"
20260416003511_cache_metrics_log.sql,11,cache_metrics_log,current_size,"integer"
20260416003511_cache_metrics_log.sql,12,cache_metrics_log,average_size,"numeric(8,2)"
20260416003511_cache_metrics_log.sql,13,cache_metrics_log,max_size,"integer"
20260416003511_cache_metrics_log.sql,14,cache_metrics_log,ttl_ms,"integer"
20260416003511_cache_metrics_log.sql,15,cache_metrics_log,uptime_ms,"bigint"
20260416100000_cron_failure_notifications.sql,7,admin_cron_alert_prefs,id,"uuid"
20260416100000_cron_failure_notifications.sql,8,admin_cron_alert_prefs,user_id,"uuid"
20260416100000_cron_failure_notifications.sql,9,admin_cron_alert_prefs,in_app_enabled,"boolean"
20260416100000_cron_failure_notifications.sql,10,admin_cron_alert_prefs,email_enabled,"boolean"
20260416100000_cron_failure_notifications.sql,11,admin_cron_alert_prefs,created_at,"timestamptz"
20260416100000_cron_failure_notifications.sql,12,admin_cron_alert_prefs,updated_at,"timestamptz"
20260416120000_bnpl_plans_and_signature_envelopes.sql,4,bnpl_plans,id,"text"
20260416120000_bnpl_plans_and_signature_envelopes.sql,5,bnpl_plans,user_id,"uuid"
20260416120000_bnpl_plans_and_signature_envelopes.sql,6,bnpl_plans,order_id,"text"
20260416120000_bnpl_plans_and_signature_envelopes.sql,7,bnpl_plans,total_amount,"numeric"
20260416120000_bnpl_plans_and_signature_envelopes.sql,8,bnpl_plans,currency,"text"
20260416120000_bnpl_plans_and_signature_envelopes.sql,9,bnpl_plans,installment_count,"integer"
20260416120000_bnpl_plans_and_signature_envelopes.sql,10,bnpl_plans,installments,"jsonb"
20260416120000_bnpl_plans_and_signature_envelopes.sql,11,bnpl_plans,status,"text"
20260416120000_bnpl_plans_and_signature_envelopes.sql,12,bnpl_plans,merchant_name,"text"
20260416120000_bnpl_plans_and_signature_envelopes.sql,13,bnpl_plans,created_at,"timestamptz"
20260416120000_bnpl_plans_and_signature_envelopes.sql,14,bnpl_plans,updated_at,"timestamptz"
20260416120000_bnpl_plans_and_signature_envelopes.sql,21,signature_envelopes,id,"text"
20260416120000_bnpl_plans_and_signature_envelopes.sql,22,signature_envelopes,lease_id,"text"
20260416120000_bnpl_plans_and_signature_envelopes.sql,23,signature_envelopes,title,"text"
20260416120000_bnpl_plans_and_signature_envelopes.sql,24,signature_envelopes,document_url,"text"
20260416120000_bnpl_plans_and_signature_envelopes.sql,25,signature_envelopes,status,"text"
20260416120000_bnpl_plans_and_signature_envelopes.sql,26,signature_envelopes,parties,"jsonb"
20260416120000_bnpl_plans_and_signature_envelopes.sql,27,signature_envelopes,signed_document_url,"text"
20260416120000_bnpl_plans_and_signature_envelopes.sql,28,signature_envelopes,user_id,"uuid"
20260416120000_bnpl_plans_and_signature_envelopes.sql,29,signature_envelopes,created_at,"timestamptz"
20260416120000_bnpl_plans_and_signature_envelopes.sql,30,signature_envelopes,expires_at,"timestamptz"
20260416120000_bnpl_plans_and_signature_envelopes.sql,31,signature_envelopes,updated_at,"timestamptz"
20260416200000_dld_transactions_stub.sql,9,analytics.dld_transactions,id,"uuid"
20260416200000_dld_transactions_stub.sql,10,analytics.dld_transactions,transaction_id,"text"
20260416200000_dld_transactions_stub.sql,11,analytics.dld_transactions,district,"text"
20260416200000_dld_transactions_stub.sql,12,analytics.dld_transactions,property_type,"text"
20260416200000_dld_transactions_stub.sql,13,analytics.dld_transactions,transaction_type,"text"
20260416200000_dld_transactions_stub.sql,14,analytics.dld_transactions,amount,"numeric(15,2)"
20260416200000_dld_transactions_stub.sql,15,analytics.dld_transactions,area_sqft,"numeric(10,2)"
20260416200000_dld_transactions_stub.sql,16,analytics.dld_transactions,price_per_sqft,"numeric(10,2)"
20260416200000_dld_transactions_stub.sql,17,analytics.dld_transactions,bedrooms,"integer"
20260416200000_dld_transactions_stub.sql,18,analytics.dld_transactions,building_name,"text"
20260416200000_dld_transactions_stub.sql,19,analytics.dld_transactions,developer,"text"
20260416200000_dld_transactions_stub.sql,20,analytics.dld_transactions,buyer_nationality,"text"
20260416200000_dld_transactions_stub.sql,21,analytics.dld_transactions,transaction_date,"date"
20260416200000_dld_transactions_stub.sql,22,analytics.dld_transactions,registration_date,"date"
20260416200000_dld_transactions_stub.sql,23,analytics.dld_transactions,metadata,"jsonb"
20260416200000_dld_transactions_stub.sql,24,analytics.dld_transactions,created_at,"timestamptz"
20260416200000_dld_transactions_stub.sql,25,analytics.dld_transactions,updated_at,"timestamptz"
20260416600000_article_content_cache.sql,2,article_content_cache,url,"text"
20260416600000_article_content_cache.sql,3,article_content_cache,html,"text"
20260416600000_article_content_cache.sql,4,article_content_cache,text_length,"integer"
20260416600000_article_content_cache.sql,5,article_content_cache,created_at,"timestamptz"
20260416600000_article_content_cache.sql,6,article_content_cache,expires_at,"timestamptz"
20260416600000_prayer_push_schedules.sql,2,prayer_push_schedules,id,"uuid"
20260416600000_prayer_push_schedules.sql,3,prayer_push_schedules,user_id,"uuid"
20260416600000_prayer_push_schedules.sql,4,prayer_push_schedules,schedule_date,"date"
20260416600000_prayer_push_schedules.sql,5,prayer_push_schedules,prayers,"jsonb"
20260416600000_prayer_push_schedules.sql,6,prayer_push_schedules,offset_minutes,"integer"
20260416600000_prayer_push_schedules.sql,7,prayer_push_schedules,timezone,"text"
20260416600000_prayer_push_schedules.sql,8,prayer_push_schedules,lat,"double"
20260416600000_prayer_push_schedules.sql,9,prayer_push_schedules,lng,"double"
20260416600000_prayer_push_schedules.sql,10,prayer_push_schedules,sent_prayers,"text[]"
20260416600000_prayer_push_schedules.sql,11,prayer_push_schedules,created_at,"timestamptz"
20260416600000_prayer_push_schedules.sql,12,prayer_push_schedules,updated_at,"timestamptz"
20260416700000_firecrawl_usage_log.sql,2,firecrawl_usage_log,id,"uuid"
20260416700000_firecrawl_usage_log.sql,3,firecrawl_usage_log,user_id,"uuid"
20260416700000_firecrawl_usage_log.sql,4,firecrawl_usage_log,target_url,"text"
20260416700000_firecrawl_usage_log.sql,5,firecrawl_usage_log,success,"boolean"
20260416700000_firecrawl_usage_log.sql,6,firecrawl_usage_log,text_length,"integer"
20260416700000_firecrawl_usage_log.sql,7,firecrawl_usage_log,created_at,"timestamptz"
20260416800000_agent_command_history.sql,2,agent_command_history,id,"uuid"
20260416800000_agent_command_history.sql,3,agent_command_history,user_id,"uuid"
20260416800000_agent_command_history.sql,4,agent_command_history,command_text,"text"
20260416800000_agent_command_history.sql,5,agent_command_history,interpreted_intent,"text"
20260416800000_agent_command_history.sql,6,agent_command_history,agents_used,"jsonb"
20260416800000_agent_command_history.sql,7,agent_command_history,result_summary,"jsonb"
20260416800000_agent_command_history.sql,8,agent_command_history,detailed_log,"jsonb"
20260416800000_agent_command_history.sql,9,agent_command_history,correlation_id,"text"
20260416800000_agent_command_history.sql,10,agent_command_history,created_at,"timestamptz"
20260416800001_referral_channel_tracking.sql,42,cron_health_log,id,"uuid"
20260416800001_referral_channel_tracking.sql,43,cron_health_log,job_name,"text"
20260416800001_referral_channel_tracking.sql,44,cron_health_log,status,"text"
20260416800001_referral_channel_tracking.sql,45,cron_health_log,details,"jsonb"
20260416800001_referral_channel_tracking.sql,46,cron_health_log,checked_at,"timestamptz"
20260417000000_cache_metrics_history.sql,2,cache_metrics_history,id,"uuid"
20260417000000_cache_metrics_history.sql,3,cache_metrics_history,endpoint,"text"
20260417000000_cache_metrics_history.sql,4,cache_metrics_history,hits,"integer"
20260417000000_cache_metrics_history.sql,5,cache_metrics_history,misses,"integer"
20260417000000_cache_metrics_history.sql,6,cache_metrics_history,evictions,"integer"
20260417000000_cache_metrics_history.sql,7,cache_metrics_history,expirations,"integer"
20260417000000_cache_metrics_history.sql,8,cache_metrics_history,stores,"integer"
20260417000000_cache_metrics_history.sql,9,cache_metrics_history,hit_rate,"numeric(5,2)"
20260417000000_cache_metrics_history.sql,10,cache_metrics_history,current_size,"integer"
20260417000000_cache_metrics_history.sql,11,cache_metrics_history,average_size,"numeric(7,2)"
20260417000000_cache_metrics_history.sql,12,cache_metrics_history,uptime_ms,"bigint"
20260417000000_cache_metrics_history.sql,13,cache_metrics_history,recorded_at,"timestamptz"
20260417500000_dld_backfill_log.sql,2,analytics.dld_backfill_log,id,"uuid"
20260417500000_dld_backfill_log.sql,3,analytics.dld_backfill_log,months_requested,"integer"
20260417500000_dld_backfill_log.sql,4,analytics.dld_backfill_log,months_processed,"integer"
20260417500000_dld_backfill_log.sql,5,analytics.dld_backfill_log,total_fetched,"integer"
20260417500000_dld_backfill_log.sql,6,analytics.dld_backfill_log,total_upserted,"integer"
20260417500000_dld_backfill_log.sql,7,analytics.dld_backfill_log,total_errors,"integer"
20260417500000_dld_backfill_log.sql,8,analytics.dld_backfill_log,start_date,"date"
20260417500000_dld_backfill_log.sql,9,analytics.dld_backfill_log,end_date,"date"
20260417500000_dld_backfill_log.sql,10,analytics.dld_backfill_log,duration_ms,"integer"
20260417500000_dld_backfill_log.sql,11,analytics.dld_backfill_log,month_details,"jsonb"
20260417500000_dld_backfill_log.sql,12,analytics.dld_backfill_log,created_at,"timestamptz"
20260417500000_dld_sync_log_and_cron.sql,2,analytics.dld_sync_log,id,"bigint"
20260417500000_dld_sync_log_and_cron.sql,3,analytics.dld_sync_log,status,"text"
20260417500000_dld_sync_log_and_cron.sql,4,analytics.dld_sync_log,mode,"text"
20260417500000_dld_sync_log_and_cron.sql,5,analytics.dld_sync_log,affected,"integer"
20260417500000_dld_sync_log_and_cron.sql,6,analytics.dld_sync_log,errors,"integer"
20260417500000_dld_sync_log_and_cron.sql,7,analytics.dld_sync_log,source,"text"
20260417500000_dld_sync_log_and_cron.sql,8,analytics.dld_sync_log,error_message,"text"
20260417500000_dld_sync_log_and_cron.sql,9,analytics.dld_sync_log,started_at,"timestamptz"
20260417500000_dld_sync_log_and_cron.sql,10,analytics.dld_sync_log,completed_at,"timestamptz"
20260417500000_dld_sync_log_and_cron.sql,11,analytics.dld_sync_log,duration_ms,"integer"
20260417500000_dld_sync_log_and_cron.sql,12,analytics.dld_sync_log,created_at,"timestamptz"
20260417500000_super_admin_role.sql,52,admin_allowlist,email,"text"
20260417500000_super_admin_role.sql,53,admin_allowlist,added_by,"uuid"
20260417500000_super_admin_role.sql,54,admin_allowlist,added_at,"timestamptz"
20260417500000_super_admin_role.sql,55,admin_allowlist,note,"text"
20260417600000_integration_health_log.sql,2,analytics.integration_health_log,id,"uuid"
20260417600000_integration_health_log.sql,3,analytics.integration_health_log,overall_status,"text"
20260417600000_integration_health_log.sql,4,analytics.integration_health_log,plaid_status,"text"
20260417600000_integration_health_log.sql,5,analytics.integration_health_log,plaid_latency_ms,"integer"
20260417600000_integration_health_log.sql,6,analytics.integration_health_log,livekit_status,"text"
20260417600000_integration_health_log.sql,7,analytics.integration_health_log,livekit_latency_ms,"integer"
20260417600000_integration_health_log.sql,8,analytics.integration_health_log,meilisearch_status,"text"
20260417600000_integration_health_log.sql,9,analytics.integration_health_log,meilisearch_latency_ms,"integer"
20260417600000_integration_health_log.sql,10,analytics.integration_health_log,total_latency_ms,"integer"
20260417600000_integration_health_log.sql,11,analytics.integration_health_log,checked_at,"timestamptz"
20260417600000_map_error_analytics.sql,2,map_error_analytics,id,"uuid"
20260417600000_map_error_analytics.sql,3,map_error_analytics,component,"text"
20260417600000_map_error_analytics.sql,4,map_error_analytics,error_type,"text"
20260417600000_map_error_analytics.sql,5,map_error_analytics,error_message,"text"
20260417600000_map_error_analytics.sql,6,map_error_analytics,route,"text"
20260417600000_map_error_analytics.sql,7,map_error_analytics,lat,"double"
20260417600000_map_error_analytics.sql,8,map_error_analytics,lng,"double"
20260417600000_map_error_analytics.sql,9,map_error_analytics,zoom,"smallint"
20260417600000_map_error_analytics.sql,10,map_error_analytics,session_id,"text"
20260417600000_map_error_analytics.sql,11,map_error_analytics,user_agent,"text"
20260417600000_map_error_analytics.sql,12,map_error_analytics,created_at,"timestamptz"
20260417600000_map_error_analytics.sql,32,map_error_alert_log,id,"uuid"
20260417600000_map_error_analytics.sql,33,map_error_alert_log,alert_type,"text"
20260417600000_map_error_analytics.sql,34,map_error_alert_log,threshold,"integer"
20260417600000_map_error_analytics.sql,35,map_error_alert_log,actual_count,"integer"
20260417600000_map_error_analytics.sql,36,map_error_alert_log,window_minutes,"integer"
20260417600000_map_error_analytics.sql,37,map_error_alert_log,details,"jsonb"
20260417600000_map_error_analytics.sql,38,map_error_alert_log,created_at,"timestamptz"
20260417600000_plaid_webhook_support.sql,14,plaid_webhook_events,id,"uuid"
20260417600000_plaid_webhook_support.sql,15,plaid_webhook_events,item_id,"text"
20260417600000_plaid_webhook_support.sql,16,plaid_webhook_events,webhook_type,"text"
20260417600000_plaid_webhook_support.sql,17,plaid_webhook_events,webhook_code,"text"
20260417600000_plaid_webhook_support.sql,18,plaid_webhook_events,status,"text"
20260417600000_plaid_webhook_support.sql,19,plaid_webhook_events,idempotency_key,"text"
20260417600000_plaid_webhook_support.sql,20,plaid_webhook_events,error_detail,"text"
20260417600000_plaid_webhook_support.sql,21,plaid_webhook_events,payload_json,"jsonb"
20260417600000_plaid_webhook_support.sql,22,plaid_webhook_events,created_at,"timestamptz"
20260417600000_search_sync_schedule.sql,2,search_sync_log,id,"bigint"
20260417600000_search_sync_schedule.sql,3,search_sync_log,sync_type,"text"
20260417600000_search_sync_schedule.sql,4,search_sync_log,status,"text"
20260417600000_search_sync_schedule.sql,5,search_sync_log,indexes_synced,"text[]"
20260417600000_search_sync_schedule.sql,6,search_sync_log,total_documents,"integer"
20260417600000_search_sync_schedule.sql,7,search_sync_log,queue_processed,"integer"
20260417600000_search_sync_schedule.sql,8,search_sync_log,errors,"integer"
20260417600000_search_sync_schedule.sql,9,search_sync_log,error_message,"text"
20260417600000_search_sync_schedule.sql,10,search_sync_log,started_at,"timestamptz"
20260417600000_search_sync_schedule.sql,11,search_sync_log,completed_at,"timestamptz"
20260417600000_search_sync_schedule.sql,12,search_sync_log,duration_ms,"integer"
20260417600000_search_sync_schedule.sql,13,search_sync_log,created_at,"timestamptz"
20260417600000_search_sync_schedule.sql,31,search_sync_queue,id,"bigint"
20260417600000_search_sync_schedule.sql,32,search_sync_queue,entity_type,"text"
20260417600000_search_sync_schedule.sql,33,search_sync_queue,entity_id,"text"
20260417600000_search_sync_schedule.sql,34,search_sync_queue,operation,"text"
20260417600000_search_sync_schedule.sql,35,search_sync_queue,queued_at,"timestamptz"
20260417600000_search_sync_schedule.sql,36,search_sync_queue,processed_at,"timestamptz"
20260418000000_database_fortress_layer1.sql,418,commerce.bnpl_plans,id,"uuid"
20260418000000_database_fortress_layer1.sql,419,commerce.bnpl_plans,user_id,"uuid"
20260418000000_database_fortress_layer1.sql,420,commerce.bnpl_plans,order_id,"text"
20260418000000_database_fortress_layer1.sql,421,commerce.bnpl_plans,total_amount,"numeric(18,2)"
20260418000000_database_fortress_layer1.sql,422,commerce.bnpl_plans,currency,"text"
20260418000000_database_fortress_layer1.sql,423,commerce.bnpl_plans,installment_count,"integer"
20260418000000_database_fortress_layer1.sql,424,commerce.bnpl_plans,status,"text"
20260418000000_database_fortress_layer1.sql,426,commerce.bnpl_plans,merchant_name,"text"
20260418000000_database_fortress_layer1.sql,427,commerce.bnpl_plans,created_at,"timestamptz"
20260418000000_database_fortress_layer1.sql,428,commerce.bnpl_plans,updated_at,"timestamptz"
20260418000000_database_fortress_layer1.sql,432,commerce.bnpl_installments,id,"uuid"
20260418000000_database_fortress_layer1.sql,433,commerce.bnpl_installments,plan_id,"uuid"
20260418000000_database_fortress_layer1.sql,434,commerce.bnpl_installments,installment_number,"integer"
20260418000000_database_fortress_layer1.sql,435,commerce.bnpl_installments,amount,"numeric(18,2)"
20260418000000_database_fortress_layer1.sql,436,commerce.bnpl_installments,due_date,"timestamptz"
20260418000000_database_fortress_layer1.sql,437,commerce.bnpl_installments,paid_at,"timestamptz"
20260418000000_database_fortress_layer1.sql,438,commerce.bnpl_installments,status,"text"
20260418000000_database_fortress_layer1.sql,440,commerce.bnpl_installments,created_at,"timestamptz"
20260418000000_database_fortress_layer1.sql,449,commerce.signing_envelopes,id,"uuid"
20260418000000_database_fortress_layer1.sql,450,commerce.signing_envelopes,lease_id,"text"
20260418000000_database_fortress_layer1.sql,451,commerce.signing_envelopes,title,"text"
20260418000000_database_fortress_layer1.sql,452,commerce.signing_envelopes,document_url,"text"
20260418000000_database_fortress_layer1.sql,453,commerce.signing_envelopes,status,"text"
20260418000000_database_fortress_layer1.sql,455,commerce.signing_envelopes,signed_document_url,"text"
20260418000000_database_fortress_layer1.sql,456,commerce.signing_envelopes,created_by,"uuid"
20260418000000_database_fortress_layer1.sql,457,commerce.signing_envelopes,expires_at,"timestamptz"
20260418000000_database_fortress_layer1.sql,458,commerce.signing_envelopes,created_at,"timestamptz"
20260418000000_database_fortress_layer1.sql,459,commerce.signing_envelopes,updated_at,"timestamptz"
20260418000000_database_fortress_layer1.sql,463,commerce.signing_parties,id,"uuid"
20260418000000_database_fortress_layer1.sql,464,commerce.signing_parties,envelope_id,"uuid"
20260418000000_database_fortress_layer1.sql,465,commerce.signing_parties,name,"text"
20260418000000_database_fortress_layer1.sql,466,commerce.signing_parties,email,"text"
20260418000000_database_fortress_layer1.sql,467,commerce.signing_parties,role,"text"
20260418000000_database_fortress_layer1.sql,468,commerce.signing_parties,status,"text"
20260418000000_database_fortress_layer1.sql,470,commerce.signing_parties,signed_at,"timestamptz"
20260418000000_database_fortress_layer1.sql,471,commerce.signing_parties,signature_url,"text"
20260418000000_database_fortress_layer1.sql,472,commerce.signing_parties,created_at,"timestamptz"
20260418000000_database_fortress_layer1.sql,1056,wallet.insurance_policies,id,"uuid"
20260418000000_database_fortress_layer1.sql,1057,wallet.insurance_policies,user_id,"uuid"
20260418000000_database_fortress_layer1.sql,1058,wallet.insurance_policies,order_id,"uuid"
20260418000000_database_fortress_layer1.sql,1059,wallet.insurance_policies,insurance_type,"text"
20260418000000_database_fortress_layer1.sql,1061,wallet.insurance_policies,premium,"numeric(18,2)"
20260418000000_database_fortress_layer1.sql,1062,wallet.insurance_policies,coverage_amount,"numeric(18,2)"
20260418000000_database_fortress_layer1.sql,1063,wallet.insurance_policies,currency,"text"
20260418000000_database_fortress_layer1.sql,1064,wallet.insurance_policies,status,"text"
20260418000000_database_fortress_layer1.sql,1066,wallet.insurance_policies,expires_at,"timestamptz"
20260418000000_database_fortress_layer1.sql,1067,wallet.insurance_policies,created_at,"timestamptz"
20260418000000_database_fortress_layer1.sql,1068,wallet.insurance_policies,updated_at,"timestamptz"
20260418000000_database_fortress_layer1.sql,1072,wallet.insurance_claims,id,"uuid"
20260418000000_database_fortress_layer1.sql,1073,wallet.insurance_claims,policy_id,"uuid"
20260418000000_database_fortress_layer1.sql,1074,wallet.insurance_claims,reason,"text"
20260418000000_database_fortress_layer1.sql,1075,wallet.insurance_claims,description,"text"
20260418000000_database_fortress_layer1.sql,1076,wallet.insurance_claims,amount,"numeric(18,2)"
20260418000000_database_fortress_layer1.sql,1077,wallet.insurance_claims,status,"text"
20260418000000_database_fortress_layer1.sql,1079,wallet.insurance_claims,submitted_at,"timestamptz"
20260418000000_database_fortress_layer1.sql,1080,wallet.insurance_claims,resolved_at,"timestamptz"
20260418000000_database_fortress_layer1.sql,1207,referral_codes,id,"uuid"
20260418000000_database_fortress_layer1.sql,1208,referral_codes,code,"text"
20260418000000_database_fortress_layer1.sql,1209,referral_codes,owner_user_id,"uuid"
20260418000000_database_fortress_layer1.sql,1210,referral_codes,reward_amount,"numeric(18,2)"
20260418000000_database_fortress_layer1.sql,1211,referral_codes,reward_currency,"text"
20260418000000_database_fortress_layer1.sql,1212,referral_codes,max_uses,"integer"
20260418000000_database_fortress_layer1.sql,1213,referral_codes,use_count,"integer"
20260418000000_database_fortress_layer1.sql,1214,referral_codes,is_active,"boolean"
20260418000000_database_fortress_layer1.sql,1215,referral_codes,created_at,"timestamptz"
20260418000000_database_fortress_layer1.sql,1216,referral_codes,expires_at,"timestamptz"
20260418000000_database_fortress_layer1.sql,1220,referral_redemptions,id,"uuid"
20260418000000_database_fortress_layer1.sql,1221,referral_redemptions,code,"text"
20260418000000_database_fortress_layer1.sql,1222,referral_redemptions,referred_user_id,"uuid"
20260418000000_database_fortress_layer1.sql,1223,referral_redemptions,referrer_user_id,"uuid"
20260418000000_database_fortress_layer1.sql,1224,referral_redemptions,referral_code_id,"uuid"
20260418000000_database_fortress_layer1.sql,1225,referral_redemptions,reward_amount,"numeric(18,2)"
20260418000000_database_fortress_layer1.sql,1226,referral_redemptions,reward_currency,"text"
20260418000000_database_fortress_layer1.sql,1227,referral_redemptions,status,"text"
20260418000000_database_fortress_layer1.sql,1229,referral_redemptions,created_at,"timestamptz"
20260418000000_database_fortress_layer1.sql,1332,analytics.fleet_metrics,id,"uuid"
20260418000000_database_fortress_layer1.sql,1333,analytics.fleet_metrics,snapshot_date,"date"
20260418000000_database_fortress_layer1.sql,1334,analytics.fleet_metrics,city,"text"
20260418000000_database_fortress_layer1.sql,1335,analytics.fleet_metrics,country_code,"text"
20260418000000_database_fortress_layer1.sql,1336,analytics.fleet_metrics,total_drivers,"integer"
20260418000000_database_fortress_layer1.sql,1337,analytics.fleet_metrics,active_drivers,"integer"
20260418000000_database_fortress_layer1.sql,1338,analytics.fleet_metrics,online_drivers,"integer"
20260418000000_database_fortress_layer1.sql,1339,analytics.fleet_metrics,total_deliveries,"integer"
20260418000000_database_fortress_layer1.sql,1340,analytics.fleet_metrics,completed_deliveries,"integer"
20260418000000_database_fortress_layer1.sql,1341,analytics.fleet_metrics,cancelled_deliveries,"integer"
20260418000000_database_fortress_layer1.sql,1342,analytics.fleet_metrics,avg_delivery_time_min,"numeric(10,2)"
20260418000000_database_fortress_layer1.sql,1343,analytics.fleet_metrics,avg_distance_km,"numeric(10,2)"
20260418000000_database_fortress_layer1.sql,1344,analytics.fleet_metrics,avg_rating,"numeric(3,2)"
20260418000000_database_fortress_layer1.sql,1345,analytics.fleet_metrics,total_revenue,"numeric(18,2)"
20260418000000_database_fortress_layer1.sql,1346,analytics.fleet_metrics,total_driver_payout,"numeric(18,2)"
20260418000000_database_fortress_layer1.sql,1347,analytics.fleet_metrics,currency,"text"
20260418000000_database_fortress_layer1.sql,1348,analytics.fleet_metrics,peak_hour_start,"integer"
20260418000000_database_fortress_layer1.sql,1349,analytics.fleet_metrics,peak_hour_end,"integer"
20260418000000_database_fortress_layer1.sql,1350,analytics.fleet_metrics,created_at,"timestamptz"
20260418000000_database_fortress_layer1.sql,1355,analytics.delivery_stats,id,"uuid"
20260418000000_database_fortress_layer1.sql,1356,analytics.delivery_stats,delivery_id,"uuid"
20260418000000_database_fortress_layer1.sql,1357,analytics.delivery_stats,driver_id,"uuid"
20260418000000_database_fortress_layer1.sql,1358,analytics.delivery_stats,order_id,"uuid"
20260418000000_database_fortress_layer1.sql,1359,analytics.delivery_stats,merchant_id,"uuid"
20260418000000_database_fortress_layer1.sql,1360,analytics.delivery_stats,city,"text"
20260418000000_database_fortress_layer1.sql,1361,analytics.delivery_stats,country_code,"text"
20260418000000_database_fortress_layer1.sql,1362,analytics.delivery_stats,distance_km,"numeric(10,2)"
20260418000000_database_fortress_layer1.sql,1363,analytics.delivery_stats,duration_min,"numeric(10,2)"
20260418000000_database_fortress_layer1.sql,1364,analytics.delivery_stats,pickup_wait_min,"numeric(10,2)"
20260418000000_database_fortress_layer1.sql,1365,analytics.delivery_stats,delivery_fee,"numeric(18,2)"
20260418000000_database_fortress_layer1.sql,1366,analytics.delivery_stats,tip_amount,"numeric(18,2)"
20260418000000_database_fortress_layer1.sql,1367,analytics.delivery_stats,currency,"text"
20260418000000_database_fortress_layer1.sql,1368,analytics.delivery_stats,driver_rating,"numeric(3,1)"
20260418000000_database_fortress_layer1.sql,1369,analytics.delivery_stats,customer_rating,"numeric(3,1)"
20260418000000_database_fortress_layer1.sql,1370,analytics.delivery_stats,status,"text"
20260418000000_database_fortress_layer1.sql,1372,analytics.delivery_stats,completed_at,"timestamptz"
20260418000000_database_fortress_layer1.sql,1373,analytics.delivery_stats,created_at,"timestamptz"
20260418100000_gateway_tables_and_cron.sql,2,gateway_connector_state,connector_id,"text"
20260418100000_gateway_tables_and_cron.sql,3,gateway_connector_state,connector_name,"text"
20260418100000_gateway_tables_and_cron.sql,4,gateway_connector_state,domain,"text"
20260418100000_gateway_tables_and_cron.sql,5,gateway_connector_state,status,"text"
20260418100000_gateway_tables_and_cron.sql,6,gateway_connector_state,last_sync_at,"timestamptz"
20260418100000_gateway_tables_and_cron.sql,7,gateway_connector_state,last_success_at,"timestamptz"
20260418100000_gateway_tables_and_cron.sql,8,gateway_connector_state,last_error,"text"
20260418100000_gateway_tables_and_cron.sql,9,gateway_connector_state,last_record_count,"integer"
20260418100000_gateway_tables_and_cron.sql,10,gateway_connector_state,last_duration_ms,"integer"
20260418100000_gateway_tables_and_cron.sql,11,gateway_connector_state,updated_at,"timestamptz"
20260418100000_gateway_tables_and_cron.sql,15,gateway_sync_events,id,"uuid"
20260418100000_gateway_tables_and_cron.sql,16,gateway_sync_events,connector_id,"text"
20260418100000_gateway_tables_and_cron.sql,17,gateway_sync_events,domain,"text"
20260418100000_gateway_tables_and_cron.sql,18,gateway_sync_events,record_count,"integer"
20260418100000_gateway_tables_and_cron.sql,19,gateway_sync_events,success,"boolean"
20260418100000_gateway_tables_and_cron.sql,20,gateway_sync_events,source_type,"text"
20260418100000_gateway_tables_and_cron.sql,21,gateway_sync_events,synced_at,"timestamptz"
20260418100000_gateway_tables_and_cron.sql,22,gateway_sync_events,total_bytes,"integer"
20260418100000_gateway_tables_and_cron.sql,23,gateway_sync_events,duration_ms,"integer"
20260418100000_gateway_tables_and_cron.sql,24,gateway_sync_events,error,"text"
20260418100000_gateway_tables_and_cron.sql,25,gateway_sync_events,created_at,"timestamptz"
20260418100000_gateway_tables_and_cron.sql,32,gateway_normalized_data,id,"uuid"
20260418100000_gateway_tables_and_cron.sql,33,gateway_normalized_data,connector_id,"text"
20260418100000_gateway_tables_and_cron.sql,34,gateway_normalized_data,domain,"text"
20260418100000_gateway_tables_and_cron.sql,35,gateway_normalized_data,data,"jsonb"
20260418100000_gateway_tables_and_cron.sql,36,gateway_normalized_data,raw_size,"integer"
20260418100000_gateway_tables_and_cron.sql,37,gateway_normalized_data,ingested_at,"timestamptz"
20260418100000_gateway_tables_and_cron.sql,43,gateway_webhook_log,id,"uuid"
20260418100000_gateway_tables_and_cron.sql,44,gateway_webhook_log,source,"text"
20260418100000_gateway_tables_and_cron.sql,45,gateway_webhook_log,domain,"text"
20260418100000_gateway_tables_and_cron.sql,46,gateway_webhook_log,record_count,"integer"
20260418100000_gateway_tables_and_cron.sql,47,gateway_webhook_log,payload_preview,"text"
20260418100000_gateway_tables_and_cron.sql,48,gateway_webhook_log,received_at,"timestamptz"
20260418100000_gateway_tables_and_cron.sql,49,gateway_webhook_log,status,"text"
20260418200000_orbit_ai_support_tables.sql,6,support_sessions,id,"uuid"
20260418200000_orbit_ai_support_tables.sql,7,support_sessions,user_id,"uuid"
20260418200000_orbit_ai_support_tables.sql,8,support_sessions,channel,"text"
20260418200000_orbit_ai_support_tables.sql,9,support_sessions,status,"text"
20260418200000_orbit_ai_support_tables.sql,14,support_sessions,issue_category,"text"
20260418200000_orbit_ai_support_tables.sql,15,support_sessions,urgency,"text"
20260418200000_orbit_ai_support_tables.sql,16,support_sessions,order_id,"text"
20260418200000_orbit_ai_support_tables.sql,17,support_sessions,shop_id,"uuid"
20260418200000_orbit_ai_support_tables.sql,18,support_sessions,booking_id,"text"
20260418200000_orbit_ai_support_tables.sql,19,support_sessions,routing_target,"text"
20260418200000_orbit_ai_support_tables.sql,23,support_sessions,ai_summary,"text"
20260418200000_orbit_ai_support_tables.sql,24,support_sessions,ai_classification_confidence,"real"
20260418200000_orbit_ai_support_tables.sql,25,support_sessions,language,"text"
20260418200000_orbit_ai_support_tables.sql,26,support_sessions,ticket_id,"uuid"
20260418200000_orbit_ai_support_tables.sql,27,support_sessions,resolved_by,"text"
20260418200000_orbit_ai_support_tables.sql,28,support_sessions,resolution_summary,"text"
20260418200000_orbit_ai_support_tables.sql,29,support_sessions,shop_transfer_attempts,"integer"
20260418200000_orbit_ai_support_tables.sql,30,support_sessions,shop_response_at,"timestamptz"
20260418200000_orbit_ai_support_tables.sql,31,support_sessions,escalation_reason,"text"
20260418200000_orbit_ai_support_tables.sql,32,support_sessions,metadata,"jsonb"
20260418200000_orbit_ai_support_tables.sql,33,support_sessions,created_at,"timestamptz"
20260418200000_orbit_ai_support_tables.sql,34,support_sessions,updated_at,"timestamptz"
20260418200000_orbit_ai_support_tables.sql,35,support_sessions,closed_at,"timestamptz"
20260418200000_orbit_ai_support_tables.sql,45,support_messages,id,"uuid"
20260418200000_orbit_ai_support_tables.sql,46,support_messages,session_id,"uuid"
20260418200000_orbit_ai_support_tables.sql,47,support_messages,sender,"text"
20260418200000_orbit_ai_support_tables.sql,48,support_messages,content,"text"
20260418200000_orbit_ai_support_tables.sql,49,support_messages,content_type,"text"
20260418200000_orbit_ai_support_tables.sql,50,support_messages,metadata,"jsonb"
20260418200000_orbit_ai_support_tables.sql,51,support_messages,created_at,"timestamptz"
20260418200000_orbit_ai_support_tables.sql,58,support_traces,id,"uuid"
20260418200000_orbit_ai_support_tables.sql,59,support_traces,session_id,"uuid"
20260418200000_orbit_ai_support_tables.sql,60,support_traces,event_type,"text"
20260418200000_orbit_ai_support_tables.sql,61,support_traces,actor,"text"
20260418200000_orbit_ai_support_tables.sql,62,support_traces,data,"jsonb"
20260418200000_orbit_ai_support_tables.sql,63,support_traces,created_at,"timestamptz"
20260418200000_orbit_ai_support_tables.sql,71,shop_quality_scores,shop_id,"uuid"
20260418200000_orbit_ai_support_tables.sql,72,shop_quality_scores,response_rate,"real"
20260418200000_orbit_ai_support_tables.sql,73,shop_quality_scores,avg_response_time_minutes,"real"
20260418200000_orbit_ai_support_tables.sql,74,shop_quality_scores,complaint_rate,"real"
20260418200000_orbit_ai_support_tables.sql,75,shop_quality_scores,refund_rate,"real"
20260418200000_orbit_ai_support_tables.sql,76,shop_quality_scores,fraud_flags,"integer"
20260418200000_orbit_ai_support_tables.sql,77,shop_quality_scores,overall_score,"real"
20260418200000_orbit_ai_support_tables.sql,78,shop_quality_scores,last_updated,"timestamptz"
20260418200000_orbit_ai_support_tables.sql,83,shop_quality_events,id,"uuid"
20260418200000_orbit_ai_support_tables.sql,84,shop_quality_events,shop_id,"uuid"
20260418200000_orbit_ai_support_tables.sql,85,shop_quality_events,event_type,"text"
20260418200000_orbit_ai_support_tables.sql,86,shop_quality_events,session_id,"uuid"
20260418200000_orbit_ai_support_tables.sql,87,shop_quality_events,severity,"text"
20260418200000_orbit_ai_support_tables.sql,88,shop_quality_events,metadata,"jsonb"
20260418200000_orbit_ai_support_tables.sql,89,shop_quality_events,created_at,"timestamptz"
20260418200000_orbit_ai_support_tables.sql,97,support_learning_insights,id,"uuid"
20260418200000_orbit_ai_support_tables.sql,98,support_learning_insights,insight_type,"text"
20260418200000_orbit_ai_support_tables.sql,99,support_learning_insights,category,"text"
20260418200000_orbit_ai_support_tables.sql,100,support_learning_insights,description,"text"
20260418200000_orbit_ai_support_tables.sql,101,support_learning_insights,evidence_count,"integer"
20260418200000_orbit_ai_support_tables.sql,102,support_learning_insights,suggested_action,"text"
20260418200000_orbit_ai_support_tables.sql,103,support_learning_insights,priority,"text"
20260418200000_orbit_ai_support_tables.sql,104,support_learning_insights,status,"text"
20260418200000_orbit_ai_support_tables.sql,105,support_learning_insights,created_at,"timestamptz"
20260418200000_orbit_ai_support_tables.sql,112,orbit_notifications,id,"uuid"
20260418200000_orbit_ai_support_tables.sql,113,orbit_notifications,user_id,"uuid"
20260418200000_orbit_ai_support_tables.sql,114,orbit_notifications,type,"text"
20260418200000_orbit_ai_support_tables.sql,115,orbit_notifications,title,"text"
20260418200000_orbit_ai_support_tables.sql,116,orbit_notifications,body,"text"
20260418200000_orbit_ai_support_tables.sql,117,orbit_notifications,data,"jsonb"
20260418200000_orbit_ai_support_tables.sql,118,orbit_notifications,read,"boolean"
20260418200000_orbit_ai_support_tables.sql,119,orbit_notifications,created_at,"timestamptz"
20260418300000_execution_tasks.sql,21,system.execution_tasks,id,"uuid"
20260418300000_execution_tasks.sql,22,system.execution_tasks,type,"text"
20260418300000_execution_tasks.sql,23,system.execution_tasks,domain,"text"
20260418300000_execution_tasks.sql,24,system.execution_tasks,risk_level,"system"
20260418300000_execution_tasks.sql,25,system.execution_tasks,status,"system"
20260418300000_execution_tasks.sql,26,system.execution_tasks,payload,"jsonb"
20260418300000_execution_tasks.sql,27,system.execution_tasks,result,"jsonb"
20260418300000_execution_tasks.sql,28,system.execution_tasks,error,"text"
20260418300000_execution_tasks.sql,29,system.execution_tasks,requested_by,"text"
20260418300000_execution_tasks.sql,30,system.execution_tasks,parent_task_id,"uuid"
20260418300000_execution_tasks.sql,31,system.execution_tasks,attempt_count,"int"
20260418300000_execution_tasks.sql,32,system.execution_tasks,max_attempts,"int"
20260418300000_execution_tasks.sql,33,system.execution_tasks,blocked_reason,"text"
20260418300000_execution_tasks.sql,34,system.execution_tasks,approved_by,"text"
20260418300000_execution_tasks.sql,35,system.execution_tasks,approved_at,"timestamptz"
20260418300000_execution_tasks.sql,36,system.execution_tasks,created_at,"timestamptz"
20260418300000_execution_tasks.sql,37,system.execution_tasks,updated_at,"timestamptz"
20260418500000_execution_locks_idempotency.sql,34,system.execution_locks,lock_key,"text"
20260418500000_execution_locks_idempotency.sql,35,system.execution_locks,owner_id,"text"
20260418500000_execution_locks_idempotency.sql,36,system.execution_locks,acquired_at,"timestamptz"
20260418500000_execution_locks_idempotency.sql,37,system.execution_locks,expires_at,"timestamptz"
20260418500000_execution_locks_idempotency.sql,38,system.execution_locks,metadata,"jsonb"
20260418600000_execution_orchestrator_v2.sql,21,system.execution_locks,lock_key,"text"
20260418600000_execution_orchestrator_v2.sql,22,system.execution_locks,owner_id,"text"
20260418600000_execution_orchestrator_v2.sql,23,system.execution_locks,acquired_at,"timestamptz"
20260418600000_execution_orchestrator_v2.sql,24,system.execution_locks,expires_at,"timestamptz"
20260419000000_agent_registry.sql,41,system.policy_profiles,id,"uuid"
20260419000000_agent_registry.sql,42,system.policy_profiles,slug,"text"
20260419000000_agent_registry.sql,43,system.policy_profiles,description,"text"
20260419000000_agent_registry.sql,44,system.policy_profiles,approval_required,"boolean"
20260419000000_agent_registry.sql,45,system.policy_profiles,risk_floor,"system"
20260419000000_agent_registry.sql,46,system.policy_profiles,max_cost_per_run_usd,"numeric(12,4)"
20260419000000_agent_registry.sql,47,system.policy_profiles,max_runs_per_min,"int"
20260419000000_agent_registry.sql,48,system.policy_profiles,max_runs_per_day,"int"
20260419000000_agent_registry.sql,49,system.policy_profiles,allowed_environments,"text[]"
20260419000000_agent_registry.sql,50,system.policy_profiles,metadata,"jsonb"
20260419000000_agent_registry.sql,51,system.policy_profiles,created_at,"timestamptz"
20260419000000_agent_registry.sql,52,system.policy_profiles,updated_at,"timestamptz"
20260419000000_agent_registry.sql,62,system.agents,id,"uuid"
20260419000000_agent_registry.sql,63,system.agents,slug,"text"
20260419000000_agent_registry.sql,64,system.agents,display_name,"text"
20260419000000_agent_registry.sql,65,system.agents,agent_kind,"text"
20260419000000_agent_registry.sql,66,system.agents,owner_team,"text"
20260419000000_agent_registry.sql,67,system.agents,status,"text"
20260419000000_agent_registry.sql,68,system.agents,canary_pct,"int"
20260419000000_agent_registry.sql,69,system.agents,sla_target_ms,"int"
20260419000000_agent_registry.sql,70,system.agents,quotas,"jsonb"
20260419000000_agent_registry.sql,71,system.agents,metadata,"jsonb"
20260419000000_agent_registry.sql,72,system.agents,policy_profile_id,"uuid"
20260419000000_agent_registry.sql,73,system.agents,current_version_id,"uuid"
20260419000000_agent_registry.sql,74,system.agents,last_health_status,"text"
20260419000000_agent_registry.sql,75,system.agents,last_health_at,"timestamptz"
20260419000000_agent_registry.sql,76,system.agents,created_at,"timestamptz"
20260419000000_agent_registry.sql,77,system.agents,updated_at,"timestamptz"
20260419000000_agent_registry.sql,83,system.agents,status,"in ('active','disabled','canary','deprecated')"
20260419000000_agent_registry.sql,94,system.agent_versions,id,"uuid"
20260419000000_agent_registry.sql,95,system.agent_versions,agent_id,"uuid"
20260419000000_agent_registry.sql,96,system.agent_versions,version,"text"
20260419000000_agent_registry.sql,97,system.agent_versions,released_at,"timestamptz"
20260419000000_agent_registry.sql,98,system.agent_versions,released_by,"text"
20260419000000_agent_registry.sql,99,system.agent_versions,changelog,"text"
20260419000000_agent_registry.sql,100,system.agent_versions,metadata,"jsonb"
20260419000000_agent_registry.sql,116,system.agent_capabilities,id,"uuid"
20260419000000_agent_registry.sql,117,system.agent_capabilities,agent_id,"uuid"
20260419000000_agent_registry.sql,118,system.agent_capabilities,domain,"text"
20260419000000_agent_registry.sql,119,system.agent_capabilities,task_type,"text"
20260419000000_agent_registry.sql,120,system.agent_capabilities,metadata,"jsonb"
20260419000000_agent_registry.sql,121,system.agent_capabilities,created_at,"timestamptz"
20260419000000_next_gen_ia.sql,8,ai_interactions,id,"uuid"
20260419000000_next_gen_ia.sql,9,ai_interactions,user_id,"uuid"
20260419000000_next_gen_ia.sql,10,ai_interactions,feature,"text"
20260419000000_next_gen_ia.sql,11,ai_interactions,domain,"text"
20260419000000_next_gen_ia.sql,12,ai_interactions,provider,"text"
20260419000000_next_gen_ia.sql,13,ai_interactions,model,"text"
20260419000000_next_gen_ia.sql,14,ai_interactions,prompt_tokens,"integer"
20260419000000_next_gen_ia.sql,15,ai_interactions,completion_tokens,"integer"
20260419000000_next_gen_ia.sql,16,ai_interactions,total_tokens,"integer"
20260419000000_next_gen_ia.sql,17,ai_interactions,cost_usd,"numeric(12,6)"
20260419000000_next_gen_ia.sql,18,ai_interactions,latency_ms,"integer"
20260419000000_next_gen_ia.sql,19,ai_interactions,fallback_used,"boolean"
20260419000000_next_gen_ia.sql,20,ai_interactions,status,"text"
20260419000000_next_gen_ia.sql,21,ai_interactions,block_reason,"text"
20260419000000_next_gen_ia.sql,22,ai_interactions,request_id,"text"
20260419000000_next_gen_ia.sql,23,ai_interactions,metadata,"jsonb"
20260419000000_next_gen_ia.sql,24,ai_interactions,created_at,"timestamptz"
20260419000000_next_gen_ia.sql,49,ai_quotas,user_id,"uuid"
20260419000000_next_gen_ia.sql,50,ai_quotas,quota_date,"date"
20260419000000_next_gen_ia.sql,51,ai_quotas,feature,"text"
20260419000000_next_gen_ia.sql,52,ai_quotas,requests,"integer"
20260419000000_next_gen_ia.sql,53,ai_quotas,tokens_used,"integer"
20260419000000_next_gen_ia.sql,54,ai_quotas,cost_usd,"numeric(12,6)"
20260419000000_next_gen_ia.sql,55,ai_quotas,updated_at,"timestamptz"
20260419000000_next_gen_ia.sql,103,ai_conversation_memory,id,"uuid"
20260419000000_next_gen_ia.sql,104,ai_conversation_memory,user_id,"uuid"
20260419000000_next_gen_ia.sql,105,ai_conversation_memory,conversation_id,"uuid"
20260419000000_next_gen_ia.sql,106,ai_conversation_memory,domain,"text"
20260419000000_next_gen_ia.sql,107,ai_conversation_memory,role,"text"
20260419000000_next_gen_ia.sql,108,ai_conversation_memory,content,"text"
20260419000000_next_gen_ia.sql,109,ai_conversation_memory,citations,"jsonb"
20260419000000_next_gen_ia.sql,110,ai_conversation_memory,token_count,"integer"
20260419000000_next_gen_ia.sql,111,ai_conversation_memory,created_at,"timestamptz"
20260419000000_next_gen_ia.sql,135,ai_golden_sets,id,"uuid"
20260419000000_next_gen_ia.sql,136,ai_golden_sets,name,"text"
20260419000000_next_gen_ia.sql,137,ai_golden_sets,feature,"text"
20260419000000_next_gen_ia.sql,138,ai_golden_sets,domain,"text"
20260419000000_next_gen_ia.sql,139,ai_golden_sets,input,"jsonb"
20260419000000_next_gen_ia.sql,140,ai_golden_sets,expected,"jsonb"
20260419000000_next_gen_ia.sql,141,ai_golden_sets,tags,"text[]"
20260419000000_next_gen_ia.sql,142,ai_golden_sets,active,"boolean"
20260419000000_next_gen_ia.sql,143,ai_golden_sets,created_at,"timestamptz"
20260419000000_next_gen_ia.sql,144,ai_golden_sets,updated_at,"timestamptz"
20260419000000_next_gen_ia.sql,156,ai_eval_runs,id,"uuid"
20260419000000_next_gen_ia.sql,157,ai_eval_runs,run_label,"text"
20260419000000_next_gen_ia.sql,158,ai_eval_runs,feature,"text"
20260419000000_next_gen_ia.sql,159,ai_eval_runs,golden_id,"uuid"
20260419000000_next_gen_ia.sql,160,ai_eval_runs,provider,"text"
20260419000000_next_gen_ia.sql,161,ai_eval_runs,model,"text"
20260419000000_next_gen_ia.sql,162,ai_eval_runs,passed,"boolean"
20260419000000_next_gen_ia.sql,163,ai_eval_runs,score,"numeric(5,4)"
20260419000000_next_gen_ia.sql,164,ai_eval_runs,actual_output,"jsonb"
20260419000000_next_gen_ia.sql,165,ai_eval_runs,error,"text"
20260419000000_next_gen_ia.sql,166,ai_eval_runs,latency_ms,"integer"
20260419000000_next_gen_ia.sql,167,ai_eval_runs,cost_usd,"numeric(12,6)"
20260419000000_next_gen_ia.sql,168,ai_eval_runs,created_at,"timestamptz"
20260419000000_next_gen_ia.sql,185,ai_recommendations_cache,id,"uuid"
20260419000000_next_gen_ia.sql,186,ai_recommendations_cache,user_id,"uuid"
20260419000000_next_gen_ia.sql,187,ai_recommendations_cache,domain,"text"
20260419000000_next_gen_ia.sql,188,ai_recommendations_cache,context_hash,"text"
20260419000000_next_gen_ia.sql,189,ai_recommendations_cache,items,"jsonb"
20260419000000_next_gen_ia.sql,190,ai_recommendations_cache,model,"text"
20260419000000_next_gen_ia.sql,191,ai_recommendations_cache,expires_at,"timestamptz"
20260419000000_next_gen_ia.sql,192,ai_recommendations_cache,created_at,"timestamptz"
20260419000000_next_gen_ia.sql,214,content_enrichments,id,"uuid"
20260419000000_next_gen_ia.sql,215,content_enrichments,entity_type,"text"
20260419000000_next_gen_ia.sql,216,content_enrichments,entity_id,"uuid"
20260419000000_next_gen_ia.sql,217,content_enrichments,description,"text"
20260419000000_next_gen_ia.sql,218,content_enrichments,tags,"text[]"
20260419000000_next_gen_ia.sql,219,content_enrichments,seo_title,"text"
20260419000000_next_gen_ia.sql,220,content_enrichments,seo_description,"text"
20260419000000_next_gen_ia.sql,221,content_enrichments,seo_keywords,"text[]"
20260419000000_next_gen_ia.sql,222,content_enrichments,image_alts,"jsonb"
20260419000000_next_gen_ia.sql,223,content_enrichments,quality_score,"numeric(4,3)"
20260419000000_next_gen_ia.sql,224,content_enrichments,generator_model,"text"
20260419000000_next_gen_ia.sql,225,content_enrichments,generator_provider,"text"
20260419000000_next_gen_ia.sql,226,content_enrichments,input_hash,"text"
20260419000000_next_gen_ia.sql,227,content_enrichments,approved,"boolean"
20260419000000_next_gen_ia.sql,228,content_enrichments,approved_by,"uuid"
20260419000000_next_gen_ia.sql,229,content_enrichments,approved_at,"timestamptz"
20260419000000_next_gen_ia.sql,230,content_enrichments,created_at,"timestamptz"
20260419000000_next_gen_ia.sql,231,content_enrichments,updated_at,"timestamptz"
20260419000000_rls_invariants.sql,14,system.rls_whitelist,schema_name,"text"
20260419000000_rls_invariants.sql,15,system.rls_whitelist,table_name,"text"
20260419000000_rls_invariants.sql,16,system.rls_whitelist,reason,"text"
20260419000000_rls_invariants.sql,17,system.rls_whitelist,added_at,"timestamptz"
20260419000000_rls_invariants.sql,97,system.rls_audit_log,id,"bigserial"
20260419000000_rls_invariants.sql,98,system.rls_audit_log,violations,"int"
20260419000000_rls_invariants.sql,99,system.rls_audit_log,detail,"text"
20260419000000_rls_invariants.sql,100,system.rls_audit_log,checked_at,"timestamptz"
20260419000100_csp_reports.sql,2,security_csp_reports,id,"bigserial"
20260419000100_csp_reports.sql,3,security_csp_reports,report,"jsonb"
20260419000100_csp_reports.sql,4,security_csp_reports,user_agent,"text"
20260419000100_csp_reports.sql,5,security_csp_reports,referer,"text"
20260419000100_csp_reports.sql,6,security_csp_reports,received_at,"timestamptz"
20260419100000_ai_router_agents.sql,121,system.agent_quota_counters,agent_id,"uuid"
20260419100000_ai_router_agents.sql,122,system.agent_quota_counters,window_kind,"text"
20260419100000_ai_router_agents.sql,123,system.agent_quota_counters,window_start,"timestamptz"
20260419100000_ai_router_agents.sql,124,system.agent_quota_counters,run_count,"int"
20260419100000_ai_router_agents.sql,125,system.agent_quota_counters,total_tokens,"bigint"
20260419100000_ai_router_agents.sql,126,system.agent_quota_counters,total_cost_usd,"numeric(14,6)"
20260419100000_ai_router_agents.sql,127,system.agent_quota_counters,updated_at,"timestamptz"
20260420100000_agent_heartbeats.sql,34,system.agent_heartbeats,id,"uuid"
20260420100000_agent_heartbeats.sql,35,system.agent_heartbeats,agent_id,"uuid"
20260420100000_agent_heartbeats.sql,36,system.agent_heartbeats,agent_version_id,"uuid"
20260420100000_agent_heartbeats.sql,37,system.agent_heartbeats,worker_id,"text"
20260420100000_agent_heartbeats.sql,38,system.agent_heartbeats,last_seen_at,"timestamptz"
20260420100000_agent_heartbeats.sql,39,system.agent_heartbeats,in_flight,"int"
20260420100000_agent_heartbeats.sql,40,system.agent_heartbeats,queue_depth,"int"
20260420100000_agent_heartbeats.sql,41,system.agent_heartbeats,cpu_pct,"real"
20260420100000_agent_heartbeats.sql,42,system.agent_heartbeats,mem_mb,"int"
20260420100000_agent_heartbeats.sql,43,system.agent_heartbeats,region,"text"
20260420100000_agent_heartbeats.sql,44,system.agent_heartbeats,custom,"jsonb"
20260420100000_agent_heartbeats.sql,45,system.agent_heartbeats,created_at,"timestamptz"
20260422000000_agent_tasks_command_center.sql,6,agent_tasks,id,"uuid"
20260422000000_agent_tasks_command_center.sql,7,agent_tasks,user_id,"uuid"
20260422000000_agent_tasks_command_center.sql,8,agent_tasks,prompt,"text"
20260422000000_agent_tasks_command_center.sql,9,agent_tasks,status,"text"
20260422000000_agent_tasks_command_center.sql,11,agent_tasks,github_run_id,"bigint"
20260422000000_agent_tasks_command_center.sql,12,agent_tasks,github_run_url,"text"
20260422000000_agent_tasks_command_center.sql,13,agent_tasks,github_conclusion,"text"
20260422000000_agent_tasks_command_center.sql,14,agent_tasks,github_branch,"text"
20260422000000_agent_tasks_command_center.sql,15,agent_tasks,github_workflow_name,"text"
20260422000000_agent_tasks_command_center.sql,16,agent_tasks,result,"text"
20260422000000_agent_tasks_command_center.sql,17,agent_tasks,logs,"text"
20260422000000_agent_tasks_command_center.sql,18,agent_tasks,created_at,"timestamptz"
20260422000000_agent_tasks_command_center.sql,19,agent_tasks,updated_at,"timestamptz"
20260422000000_goal_engine.sql,10,system.goals,id,"uuid"
20260422000000_goal_engine.sql,11,system.goals,title,"text"
20260422000000_goal_engine.sql,12,system.goals,description,"text"
20260422000000_goal_engine.sql,13,system.goals,status,"text"
20260422000000_goal_engine.sql,15,system.goals,priority,"smallint"
20260422000000_goal_engine.sql,16,system.goals,created_by,"uuid"
20260422000000_goal_engine.sql,17,system.goals,created_at,"timestamptz"
20260422000000_goal_engine.sql,18,system.goals,updated_at,"timestamptz"
20260423000000_goal_engine_phase3.sql,214,system.goal_iterations,id,"uuid"
20260423000000_goal_engine_phase3.sql,215,system.goal_iterations,goal_id,"uuid"
20260423000000_goal_engine_phase3.sql,216,system.goal_iterations,iteration_number,"int"
20260423000000_goal_engine_phase3.sql,217,system.goal_iterations,task_ids,"uuid[]"
20260423000000_goal_engine_phase3.sql,218,system.goal_iterations,plan,"jsonb"
20260423000000_goal_engine_phase3.sql,219,system.goal_iterations,plan_source,"text"
20260423000000_goal_engine_phase3.sql,220,system.goal_iterations,plan_provider,"text"
20260423000000_goal_engine_phase3.sql,221,system.goal_iterations,outcome,"text"
20260423000000_goal_engine_phase3.sql,223,system.goal_iterations,score,"numeric(4,3)"
20260423000000_goal_engine_phase3.sql,224,system.goal_iterations,summary,"text"
20260423000000_goal_engine_phase3.sql,225,system.goal_iterations,created_at,"timestamptz"
20260423000000_goal_engine_phase3.sql,226,system.goal_iterations,completed_at,"timestamptz"
20260423000000_goal_engine_phase3.sql,376,system.learning_memory,id,"uuid"
20260423000000_goal_engine_phase3.sql,377,system.learning_memory,pattern,"text"
20260423000000_goal_engine_phase3.sql,378,system.learning_memory,context,"jsonb"
20260423000000_goal_engine_phase3.sql,379,system.learning_memory,attempts,"int"
20260423000000_goal_engine_phase3.sql,380,system.learning_memory,successes,"int"
20260423000000_goal_engine_phase3.sql,381,system.learning_memory,success_rate,"numeric(4,3)"
20260423000000_goal_engine_phase3.sql,382,system.learning_memory,last_used_at,"timestamptz"
20260423000000_goal_engine_phase3.sql,383,system.learning_memory,created_at,"timestamptz"
20260423000000_goal_engine_phase3.sql,384,system.learning_memory,updated_at,"timestamptz"
20260423000000_goals_planner_memory.sql,23,system.goals,id,"uuid"
20260423000000_goals_planner_memory.sql,24,system.goals,owner_id,"uuid"
20260423000000_goals_planner_memory.sql,25,system.goals,title,"text"
20260423000000_goals_planner_memory.sql,26,system.goals,description,"text"
20260423000000_goals_planner_memory.sql,27,system.goals,status,"text"
20260423000000_goals_planner_memory.sql,29,system.goals,priority,"int"
20260423000000_goals_planner_memory.sql,30,system.goals,iteration_count,"int"
20260423000000_goals_planner_memory.sql,31,system.goals,last_planned_at,"timestamptz"
20260423000000_goals_planner_memory.sql,32,system.goals,last_result,"jsonb"
20260423000000_goals_planner_memory.sql,33,system.goals,metadata,"jsonb"
20260423000000_goals_planner_memory.sql,34,system.goals,created_at,"timestamptz"
20260423000000_goals_planner_memory.sql,35,system.goals,updated_at,"timestamptz"
20260423000000_goals_planner_memory.sql,63,system.goal_iterations,id,"uuid"
20260423000000_goals_planner_memory.sql,64,system.goal_iterations,goal_id,"uuid"
20260423000000_goals_planner_memory.sql,65,system.goal_iterations,iteration_number,"int"
20260423000000_goals_planner_memory.sql,66,system.goal_iterations,plan,"jsonb"
20260423000000_goals_planner_memory.sql,67,system.goal_iterations,dispatched_task_ids,"uuid[]"
20260423000000_goals_planner_memory.sql,68,system.goal_iterations,result,"jsonb"
20260423000000_goals_planner_memory.sql,69,system.goal_iterations,success,"boolean"
20260423000000_goals_planner_memory.sql,70,system.goal_iterations,metrics,"jsonb"
20260423000000_goals_planner_memory.sql,71,system.goal_iterations,started_at,"timestamptz"
20260423000000_goals_planner_memory.sql,72,system.goal_iterations,ended_at,"timestamptz"
20260423000000_goals_planner_memory.sql,73,system.goal_iterations,created_at,"timestamptz"
20260423000000_goals_planner_memory.sql,96,system.learning_memory,id,"uuid"
20260423000000_goals_planner_memory.sql,97,system.learning_memory,owner_id,"uuid"
20260423000000_goals_planner_memory.sql,98,system.learning_memory,pattern_key,"text"
20260423000000_goals_planner_memory.sql,99,system.learning_memory,pattern_data,"jsonb"
20260423000000_goals_planner_memory.sql,100,system.learning_memory,success_count,"int"
20260423000000_goals_planner_memory.sql,101,system.learning_memory,failure_count,"int"
20260423000000_goals_planner_memory.sql,102,system.learning_memory,last_used_at,"timestamptz"
20260423000000_goals_planner_memory.sql,103,system.learning_memory,created_at,"timestamptz"
20260423000000_goals_planner_memory.sql,104,system.learning_memory,updated_at,"timestamptz"
20260424000000_admin_approvals_inbox.sql,47,system.task_approvals,id,"uuid"
20260424000000_admin_approvals_inbox.sql,48,system.task_approvals,task_id,"uuid"
20260424000000_admin_approvals_inbox.sql,49,system.task_approvals,reviewer_user_id,"uuid"
20260424000000_admin_approvals_inbox.sql,50,system.task_approvals,decision,"system"
20260424000000_admin_approvals_inbox.sql,51,system.task_approvals,reason,"text"
20260424000000_admin_approvals_inbox.sql,52,system.task_approvals,comment_md,"text"
20260424000000_admin_approvals_inbox.sql,56,system.task_approvals,agent_id_at_decision,"uuid"
20260424000000_admin_approvals_inbox.sql,57,system.task_approvals,agent_kind_at_decision,"text"
20260424000000_admin_approvals_inbox.sql,58,system.task_approvals,decided_at,"timestamptz"
20260424000000_admin_approvals_inbox.sql,62,system.task_approvals,client_request_id,"text"
20260501000000_lc6_rollback_strategies.sql,26,system.rollback_strategies,name,"text"
20260501000000_lc6_rollback_strategies.sql,27,system.rollback_strategies,kind,"text"
20260501000000_lc6_rollback_strategies.sql,28,system.rollback_strategies,description,"text"
20260501000000_lc6_rollback_strategies.sql,29,system.rollback_strategies,metadata,"jsonb"
20260501000000_lc6_rollback_strategies.sql,30,system.rollback_strategies,created_at,"timestamptz"
20260501000000_lc6_rollback_strategies.sql,31,system.rollback_strategies,updated_at,"timestamptz"
